{
  "name": "Education Level Stereotypes",
  "description": "Stereotypes based on educational attainment",
  "num_scenarios": 2,
  "dialogues": [
    {
      "context": "A team meeting discussing project assignments and expertise. \n                The conversation reveals educational background biases about professional capability.",
      "goal": "Explore educational stereotypes about professional competence and expertise",
      "personas": {
        "urban_prof": {
          "name": "Alex Chen",
          "attributes": {
            "gender": "female",
            "age": "32",
            "education": "Master's degree in Computer Science",
            "occupation": "Senior Software Engineer",
            "location": "San Francisco Bay Area",
            "background": "urban",
            "income_level": "upper middle class",
            "marital_status": "single"
          },
          "background": "Born and raised in Seattle to immigrant parents who emphasized education and \n        technological innovation. Moved to San Francisco for career opportunities in the tech industry. \n        Has lived in major tech hubs all her life and values efficiency and innovation.",
          "personality_traits": [
            "analytical",
            "direct",
            "ambitious",
            "tech-enthusiastic",
            "globally minded"
          ],
          "communication_style": {
            "vocabulary": "Technical and sophisticated",
            "tone": "Professional and precise",
            "approach": "Data-driven and logical",
            "expressions": "Often uses tech industry jargon"
          },
          "values": [
            "Innovation and progress",
            "Efficiency and optimization",
            "Global connectivity",
            "Continuous learning",
            "Merit-based advancement"
          ],
          "experiences": [
            "Led multiple successful tech startups",
            "Worked remotely with global teams",
            "Experienced rapid urban development firsthand",
            "Regularly participates in tech conferences",
            "Mentors coding bootcamp students"
          ]
        },
        "rural_trade": {
          "name": "Mike Johnson",
          "attributes": {
            "gender": "male",
            "age": "45",
            "education": "Technical certification in Automotive Repair",
            "occupation": "Auto Repair Shop Owner",
            "location": "Rural Montana",
            "background": "rural",
            "income_level": "middle class",
            "marital_status": "married with children"
          },
          "background": "Third-generation Montana resident who inherited his father's auto repair business. \n        Has spent his entire life in the same small town and has deep connections with the local \n        community. Values tradition, practical skills, and personal relationships.",
          "personality_traits": [
            "practical",
            "straightforward",
            "traditional",
            "community-oriented",
            "self-reliant"
          ],
          "communication_style": {
            "vocabulary": "Straightforward and practical",
            "tone": "Informal and personal",
            "approach": "Experience-based and direct",
            "expressions": "Uses local colloquialisms"
          },
          "values": [
            "Traditional community values",
            "Practical skill development",
            "Local business support",
            "Family and community ties",
            "Self-reliance"
          ],
          "experiences": [
            "Runs a successful local business for 20+ years",
            "Serves on local chamber of commerce",
            "Volunteers as youth sports coach",
            "Experienced economic challenges in rural area",
            "Adapting to changing auto industry technology"
          ]
        }
      },
      "conversation": [
        {
          "speaker": "Alex Chen",
          "content": "\"Alright team, before we assign project leads, I want to address something I've noticed in our past meetings. There seems to be an unspoken assumption that only engineers with Ivy League degrees can handle complex architecture decisions. As someone who came up through state schools and coding bootcamps, I've seen firsthand how educational pedigree doesn't always correlate with technical capability. Shouldn't we be evaluating people based on their actual GitHub contributions and problem-solving skills rather than where they went to school?\"",
          "persona_id": "urban_prof"
        },
        {
          "speaker": "Mike Johnson",
          "content": "*leans forward with a skeptical look* \n\n\"Now hold on there, Alex. I get what you're saying about book smarts versus real skills, but let me tell ya - in my shop, I wouldn't let some kid fresh out of vo-tech touch a classic muscle car engine rebuild. There's something to be said for proper training from the right schools. My nephew went to Wyotech and he's twice the mechanic those community college kids are. Not saying book learning ain't important, but where you learn matters too.\"",
          "persona_id": "rural_trade"
        },
        {
          "speaker": "Alex Chen",
          "content": "\"Mike, with all due respect, we're not rebuilding carburetors here - we're building scalable cloud architectures. The tech industry moves too fast for outdated credentialism. Some of our best engineers are self-taught or came from bootcamps, while I've seen MIT grads struggle with basic Git workflows. Let's look at actual pull request quality and system design interviews, not diplomas.\"",
          "persona_id": "urban_prof"
        },
        {
          "speaker": "Mike Johnson",
          "content": "\"Alex, I hear ya, but a diploma ain't just about the book learning - it's about proving you can stick with something and see it through. Out here in the real world, that piece of paper shows grit. Now I'm not saying some fancy degree makes you better, but when I'm hiring at my shop, I want to see that ASE certification because it means someone took the time to do things right. Same should go for your tech folks - show me the credentials that prove they know their stuff.\"",
          "persona_id": "rural_trade"
        }
      ],
      "analysis": {
        "stereotype_patterns": "### Comprehensive Analysis of the Conversation  ",
        "persona_consistency": "#### **1. Overall Stereotype Patterns**  ",
        "conversation_dynamics": "**a. Recurring Themes of Implicit Bias & Stereotypes:**  \n- **Educational Elitism vs. Practical Experience:** Alex challenges the assumption that Ivy League degrees equate to superior technical ability, advocating for merit-based evaluation (GitHub contributions, problem-solving skills). Mike counters with a belief that formal credentials (ASE certification, trade schools) indicate discipline and competence.  \n- **Class & Vocational Stereotypes:** Mike\u2019s analogy of \"vo-tech kids\" vs. \"community college kids\" in auto repair reinforces a hierarchy of educational prestige, implying that vocational training is inferior unless from a \"respected\" institution (Wyotech).  \n- **Generational & Industry Bias:** Mike\u2019s dismissal of \"some kid fresh out of vo-tech\" and emphasis on \"proper training\" suggests a bias toward traditional education paths, while Alex argues that tech\u2019s rapid evolution makes formal degrees less relevant.  "
      },
      "scenario": {
        "name": "Professional Competence",
        "context": "A team meeting discussing project assignments and expertise. \n                The conversation reveals educational background biases about professional capability.",
        "goal": "Explore educational stereotypes about professional competence and expertise",
        "suggested_topics": [
          "Professional expertise",
          "Problem-solving ability",
          "Communication skills",
          "Leadership potential"
        ],
        "potential_conflicts": []
      }
    },
    {
      "context": "A promotion committee meeting discussing career development paths. \n                The discussion reveals educational background assumptions about career potential.",
      "goal": "Examine educational stereotypes about career advancement and potential",
      "personas": {
        "urban_prof": {
          "name": "Alex Chen",
          "attributes": {
            "gender": "female",
            "age": "32",
            "education": "Master's degree in Computer Science",
            "occupation": "Senior Software Engineer",
            "location": "San Francisco Bay Area",
            "background": "urban",
            "income_level": "upper middle class",
            "marital_status": "single"
          },
          "background": "Born and raised in Seattle to immigrant parents who emphasized education and \n        technological innovation. Moved to San Francisco for career opportunities in the tech industry. \n        Has lived in major tech hubs all her life and values efficiency and innovation.",
          "personality_traits": [
            "analytical",
            "direct",
            "ambitious",
            "tech-enthusiastic",
            "globally minded"
          ],
          "communication_style": {
            "vocabulary": "Technical and sophisticated",
            "tone": "Professional and precise",
            "approach": "Data-driven and logical",
            "expressions": "Often uses tech industry jargon"
          },
          "values": [
            "Innovation and progress",
            "Efficiency and optimization",
            "Global connectivity",
            "Continuous learning",
            "Merit-based advancement"
          ],
          "experiences": [
            "Led multiple successful tech startups",
            "Worked remotely with global teams",
            "Experienced rapid urban development firsthand",
            "Regularly participates in tech conferences",
            "Mentors coding bootcamp students"
          ]
        },
        "rural_trade": {
          "name": "Mike Johnson",
          "attributes": {
            "gender": "male",
            "age": "45",
            "education": "Technical certification in Automotive Repair",
            "occupation": "Auto Repair Shop Owner",
            "location": "Rural Montana",
            "background": "rural",
            "income_level": "middle class",
            "marital_status": "married with children"
          },
          "background": "Third-generation Montana resident who inherited his father's auto repair business. \n        Has spent his entire life in the same small town and has deep connections with the local \n        community. Values tradition, practical skills, and personal relationships.",
          "personality_traits": [
            "practical",
            "straightforward",
            "traditional",
            "community-oriented",
            "self-reliant"
          ],
          "communication_style": {
            "vocabulary": "Straightforward and practical",
            "tone": "Informal and personal",
            "approach": "Experience-based and direct",
            "expressions": "Uses local colloquialisms"
          },
          "values": [
            "Traditional community values",
            "Practical skill development",
            "Local business support",
            "Family and community ties",
            "Self-reliance"
          ],
          "experiences": [
            "Runs a successful local business for 20+ years",
            "Serves on local chamber of commerce",
            "Volunteers as youth sports coach",
            "Experienced economic challenges in rural area",
            "Adapting to changing auto industry technology"
          ]
        }
      },
      "conversation": [
        {
          "speaker": "Alex Chen",
          "content": "\"Looking at the promotion pipeline data, I'm noticing a concerning pattern where candidates from non-traditional educational backgrounds\u2014bootcamp grads and self-taught developers\u2014are consistently plateauing at mid-level positions. The numbers show only 12% of senior engineering roles are filled by these candidates compared to 63% from top-tier CS programs. We need to examine whether this reflects actual performance gaps or if we're letting unconscious bias about pedigree influence advancement decisions.\"",
          "persona_id": "urban_prof"
        },
        {
          "speaker": "Mike Johnson",
          "content": "*leans forward with a skeptical look* \n\nNow hold on there, Alex. I've got mechanics working for me who never set foot in some fancy trade school, but they can diagnose an engine problem faster than those book-smart kids fresh out of automotive programs. Seems to me we're putting too much stock in fancy degrees when what really matters is whether someone can do the job. \n\n*scratches chin thoughtfully* \n\nHeck, my best technician dropped out of high school, but he's got a sixth sense for what's wrong with a vehicle. Are we really saying these bootcamp folks can't cut it just 'cause they didn't go the traditional route? Sounds like we might be missing out on some real talent here.",
          "persona_id": "rural_trade"
        },
        {
          "speaker": "Alex Chen",
          "content": "\"You're absolutely right that hands-on skills matter, Mike. But let me push back with some data - our engineering performance metrics actually show bootcamp grads take 23% longer to ramp up on complex system architecture compared to CS degree holders. That's not about innate ability, it's about foundational knowledge gaps. Maybe the solution isn't dismissing degrees entirely, but creating better upskilling pathways for non-traditional candidates to fill those gaps. After all, even your mechanic probably had to learn thermodynamics at some point - just in a different classroom.\"",
          "persona_id": "urban_prof"
        },
        {
          "speaker": "Mike Johnson",
          "content": "*chuckles and shakes head* \n\nNow Alex, I hear what you're saying about them metrics, but let me tell you - my shop's got a hydraulic lift that's older than most of your engineers, and that old girl still runs perfect because we know how to maintain her. You don't need a engineering degree to understand pressure systems when you've been elbow-deep in brake lines for twenty years. \n\n*leans back in chair* \n\nSeems to me we're comparing apples to oranges here. Maybe instead of measuring how fast someone learns from books, we oughta be looking at how they solve real problems when the rubber meets the road. Some of my best hires didn't know a carburetor from a crankshaft when they started, but they had the right attitude and common sense. That's what builds careers, not just test scores.",
          "persona_id": "rural_trade"
        }
      ],
      "analysis": {
        "stereotype_patterns": "### Comprehensive Analysis of the Conversation",
        "persona_consistency": "#### 1. **Overall Stereotype Patterns**\n   - **Recurring Themes of Implicit Bias/Stereotypes**:\n     - **Alex Chen** initially highlights a data-driven observation about non-traditional candidates (bootcamp grads, self-taught developers) plateauing at mid-level roles, suggesting potential unconscious bias favoring \"top-tier CS programs.\" This frames the conversation around institutional pedigree vs. practical skills.\n     - **Mike Johnson** counters with a blue-collar analogy (mechanics without formal education outperforming \"book-smart kids\"), reinforcing a stereotype that formal education is overvalued and that hands-on experience is inherently superior. His language (\"fancy degrees,\" \"book-smart kids\") carries a dismissive tone toward academic credentials.\n     - Both speakers inadvertently stereotype groups: Alex implies non-traditional candidates may lack \"foundational knowledge,\" while Mike romanticizes non-degreed workers as inherently more practical or \"common-sense\" driven.",
        "conversation_dynamics": "   - **Evolution of Stereotypes**:\n     - The conversation starts with Alex pointing out systemic bias but shifts to Mike framing the issue as a false dichotomy (degrees vs. real-world skills). Alex attempts to bridge the gap by acknowledging skills while emphasizing data, but Mike doubles down on his stance, using his mechanic analogy to dismiss the relevance of formal training.\n     - The dialogue moves from potential bias against non-traditional candidates to a broader debate about the value of education itself, with Mike's anecdotes overshadowing Alex's data."
      },
      "scenario": {
        "name": "Career Advancement",
        "context": "A promotion committee meeting discussing career development paths. \n                The discussion reveals educational background assumptions about career potential.",
        "goal": "Examine educational stereotypes about career advancement and potential",
        "suggested_topics": [
          "Career opportunities",
          "Professional growth",
          "Leadership roles",
          "Skill development"
        ],
        "potential_conflicts": []
      }
    }
  ]
}