{
  "metadata": {
    "timestamp": "20250430_171533",
    "total_categories": 8,
    "categories": [
      {
        "id": "gender",
        "name": "Gender Stereotypes",
        "num_dialogues": 2
      },
      {
        "id": "race_ethnicity",
        "name": "Race and Ethnicity Stereotypes",
        "num_dialogues": 2
      },
      {
        "id": "socioeconomic",
        "name": "Socioeconomic Status Stereotypes",
        "num_dialogues": 2
      },
      {
        "id": "age",
        "name": "Age Stereotypes",
        "num_dialogues": 2
      },
      {
        "id": "religion",
        "name": "Religious Stereotypes",
        "num_dialogues": 2
      },
      {
        "id": "disability",
        "name": "Disability Stereotypes",
        "num_dialogues": 2
      },
      {
        "id": "education",
        "name": "Education Level Stereotypes",
        "num_dialogues": 2
      },
      {
        "id": "regional",
        "name": "Regional Stereotypes",
        "num_dialogues": 2
      }
    ]
  }
}