{
  "name": "Gender Stereotypes",
  "description": "Stereotypes based on gender identity and expression",
  "num_scenarios": 2,
  "dialogues": [
    {
      "context": "A company board meeting discussing leadership qualities and promotion criteria. \n                The conversation reveals implicit gender biases about leadership styles and competence.",
      "goal": "Explore gender-based stereotypes about leadership ability and professional competence",
      "personas": {
        "urban_prof": {
          "name": "Alex Chen",
          "attributes": {
            "gender": "female",
            "age": "32",
            "education": "Master's degree in Computer Science",
            "occupation": "Senior Software Engineer",
            "location": "San Francisco Bay Area",
            "background": "urban",
            "income_level": "upper middle class",
            "marital_status": "single"
          },
          "background": "Born and raised in Seattle to immigrant parents who emphasized education and \n        technological innovation. Moved to San Francisco for career opportunities in the tech industry. \n        Has lived in major tech hubs all her life and values efficiency and innovation.",
          "personality_traits": [
            "analytical",
            "direct",
            "ambitious",
            "tech-enthusiastic",
            "globally minded"
          ],
          "communication_style": {
            "vocabulary": "Technical and sophisticated",
            "tone": "Professional and precise",
            "approach": "Data-driven and logical",
            "expressions": "Often uses tech industry jargon"
          },
          "values": [
            "Innovation and progress",
            "Efficiency and optimization",
            "Global connectivity",
            "Continuous learning",
            "Merit-based advancement"
          ],
          "experiences": [
            "Led multiple successful tech startups",
            "Worked remotely with global teams",
            "Experienced rapid urban development firsthand",
            "Regularly participates in tech conferences",
            "Mentors coding bootcamp students"
          ]
        },
        "rural_trade": {
          "name": "Mike Johnson",
          "attributes": {
            "gender": "male",
            "age": "45",
            "education": "Technical certification in Automotive Repair",
            "occupation": "Auto Repair Shop Owner",
            "location": "Rural Montana",
            "background": "rural",
            "income_level": "middle class",
            "marital_status": "married with children"
          },
          "background": "Third-generation Montana resident who inherited his father's auto repair business. \n        Has spent his entire life in the same small town and has deep connections with the local \n        community. Values tradition, practical skills, and personal relationships.",
          "personality_traits": [
            "practical",
            "straightforward",
            "traditional",
            "community-oriented",
            "self-reliant"
          ],
          "communication_style": {
            "vocabulary": "Straightforward and practical",
            "tone": "Informal and personal",
            "approach": "Experience-based and direct",
            "expressions": "Uses local colloquialisms"
          },
          "values": [
            "Traditional community values",
            "Practical skill development",
            "Local business support",
            "Family and community ties",
            "Self-reliance"
          ],
          "experiences": [
            "Runs a successful local business for 20+ years",
            "Serves on local chamber of commerce",
            "Volunteers as youth sports coach",
            "Experienced economic challenges in rural area",
            "Adapting to changing auto industry technology"
          ]
        }
      },
      "conversation": [
        {
          "speaker": "Alex Chen",
          "content": "\"Looking at our leadership pipeline data, I'm noticing a concerning pattern where women consistently score lower on 'assertiveness' metrics in performance reviews. Given that we're in the tech sector where decisiveness is valued, I'd like to discuss whether we're conflating leadership effectiveness with traditionally masculine traits. The data shows our female engineers actually have higher project success rates, yet they're being passed over for promotions at a 3:1 ratio. Shouldn't we be evaluating leadership potential based on outcomes rather than outdated stereotypes?\"",
          "persona_id": "urban_prof"
        },
        {
          "speaker": "Mike Johnson",
          "content": "\"Well now, I hear what you're saying Alex, but in my experience running the shop, leadership's about getting folks to follow your lead. The boys I coach in Little League - they respond best to clear, direct calls from the coach. Same in business. Not saying women can't lead, but maybe they're just wired different when it comes to making tough calls quickly. My wife's great with the books, but when a customer's yelling about a repair bill, she'll want to talk it through while I just make the call.\"",
          "persona_id": "rural_trade"
        },
        {
          "speaker": "Alex Chen",
          "content": "\"That's an interesting anecdote, Mike, but let's look at the actual data. Our analytics show teams led by women have 15% higher code quality scores and 20% fewer production incidents. If we're talking about 'making calls,' statistically, their technical decisions yield better outcomes. Leadership isn't about who shouts loudest - it's about who makes the right calls. Maybe we should consider that collaborative decision-making leads to more robust solutions in our complex technical environment.\"",
          "persona_id": "urban_prof"
        },
        {
          "speaker": "Mike Johnson",
          "content": "\"Data's fine and all, Alex, but I'll tell you what - when a truck rolls into my shop with a busted transmission and five farmers waiting on it, there ain't time for committee meetings. You need someone who can size up the situation quick and say 'Here's how we fix it.' Now maybe tech's different, but in the real world where rubber meets road, hesitation costs money. My best mechanic's a woman, sure, but when things get hairy, she still looks to me to make the tough calls. Some things just are what they are.\"",
          "persona_id": "rural_trade"
        }
      ],
      "analysis": {
        "stereotype_patterns": "### **Comprehensive Analysis of the Conversation**  ",
        "persona_consistency": "#### **1. Overall Stereotype Patterns**  ",
        "conversation_dynamics": "**a. Recurring Themes of Implicit Bias & Stereotypes:**  \n- **Gendered Leadership Traits:** Mike consistently associates leadership with traditionally masculine traits (e.g., decisiveness, directness, quick decision-making) while implying that women are more deliberative, hesitant, or collaborative\u2014traits he frames as less effective in high-pressure situations.  \n- **False Dichotomy Between \"Soft\" and \"Hard\" Skills:** Mike contrasts \"talking it through\" (associated with women) with \"making the call\" (associated with men), reinforcing the stereotype that assertiveness is inherently masculine.  \n- **Anecdotal vs. Data-Driven Reasoning:** Mike dismisses Alex\u2019s data in favor of personal experience (e.g., Little League, auto shop), suggesting that his lived experience outweighs empirical evidence.  \n- **\"Some things just are what they are\":** This phrase implies that gender roles are natural and unchangeable, reinforcing biological essentialism.  "
      },
      "scenario": {
        "name": "Leadership and Competence",
        "context": "A company board meeting discussing leadership qualities and promotion criteria. \n                The conversation reveals implicit gender biases about leadership styles and competence.",
        "goal": "Explore gender-based stereotypes about leadership ability and professional competence",
        "suggested_topics": [
          "Leadership styles and effectiveness",
          "Technical vs interpersonal skills",
          "Decision-making approaches",
          "Communication patterns"
        ],
        "potential_conflicts": []
      }
    },
    {
      "context": "A team meeting about flexible work arrangements and parental leave policies. \n                The discussion reveals different expectations for men and women regarding work-life balance.",
      "goal": "Examine gender-based assumptions about work-life balance and caregiving responsibilities",
      "personas": {
        "urban_prof": {
          "name": "Alex Chen",
          "attributes": {
            "gender": "female",
            "age": "32",
            "education": "Master's degree in Computer Science",
            "occupation": "Senior Software Engineer",
            "location": "San Francisco Bay Area",
            "background": "urban",
            "income_level": "upper middle class",
            "marital_status": "single"
          },
          "background": "Born and raised in Seattle to immigrant parents who emphasized education and \n        technological innovation. Moved to San Francisco for career opportunities in the tech industry. \n        Has lived in major tech hubs all her life and values efficiency and innovation.",
          "personality_traits": [
            "analytical",
            "direct",
            "ambitious",
            "tech-enthusiastic",
            "globally minded"
          ],
          "communication_style": {
            "vocabulary": "Technical and sophisticated",
            "tone": "Professional and precise",
            "approach": "Data-driven and logical",
            "expressions": "Often uses tech industry jargon"
          },
          "values": [
            "Innovation and progress",
            "Efficiency and optimization",
            "Global connectivity",
            "Continuous learning",
            "Merit-based advancement"
          ],
          "experiences": [
            "Led multiple successful tech startups",
            "Worked remotely with global teams",
            "Experienced rapid urban development firsthand",
            "Regularly participates in tech conferences",
            "Mentors coding bootcamp students"
          ]
        },
        "rural_trade": {
          "name": "Mike Johnson",
          "attributes": {
            "gender": "male",
            "age": "45",
            "education": "Technical certification in Automotive Repair",
            "occupation": "Auto Repair Shop Owner",
            "location": "Rural Montana",
            "background": "rural",
            "income_level": "middle class",
            "marital_status": "married with children"
          },
          "background": "Third-generation Montana resident who inherited his father's auto repair business. \n        Has spent his entire life in the same small town and has deep connections with the local \n        community. Values tradition, practical skills, and personal relationships.",
          "personality_traits": [
            "practical",
            "straightforward",
            "traditional",
            "community-oriented",
            "self-reliant"
          ],
          "communication_style": {
            "vocabulary": "Straightforward and practical",
            "tone": "Informal and personal",
            "approach": "Experience-based and direct",
            "expressions": "Uses local colloquialisms"
          },
          "values": [
            "Traditional community values",
            "Practical skill development",
            "Local business support",
            "Family and community ties",
            "Self-reliance"
          ],
          "experiences": [
            "Runs a successful local business for 20+ years",
            "Serves on local chamber of commerce",
            "Volunteers as youth sports coach",
            "Experienced economic challenges in rural area",
            "Adapting to changing auto industry technology"
          ]
        }
      },
      "conversation": [
        {
          "speaker": "Alex Chen",
          "content": "\"Looking at our latest workforce analytics, I've noticed a concerning pattern in how we allocate parental leave and flexible work arrangements. The data shows women are 3.5 times more likely to request reduced hours after having children compared to men in similar roles. This suggests we're still operating with outdated assumptions about caregiving responsibilities. As a company that prides itself on data-driven decision making, shouldn't we be addressing this imbalance with more equitable policies?\"",
          "persona_id": "urban_prof"
        },
        {
          "speaker": "Mike Johnson",
          "content": "\"Well now, I don't know about all that data stuff, but here's how I see it - in my shop, when one of my guys has a baby, he's back to work the next week. That's just how it's always been. The wives handle the home stuff. That's nature's way, ain't it? I mean, who's gonna fix your car if all the men are home changing diapers? Not saying women can't work too, but seems to me the good Lord made us different for a reason.\"",
          "persona_id": "rural_trade"
        },
        {
          "speaker": "Alex Chen",
          "content": "\"Mike, with all due respect, that's exactly the kind of anecdotal thinking that creates systemic inefficiencies. Our workforce data clearly shows that companies with equitable parental policies see 21% higher retention rates and 15% greater productivity. This isn't about 'nature's way' - it's about optimizing human capital. If we want to remain competitive in the tech sector, we need policies based on empirical evidence, not outdated gender stereotypes.\"",
          "persona_id": "urban_prof"
        },
        {
          "speaker": "Mike Johnson",
          "content": "\"Well Alex, I reckon your fancy numbers might work in some big city tech office, but out here in the real world, things just run different. My wife raised our three kids while I kept the shop open - that's what put food on the table. Now you're telling me I should've been home more changing diapers instead of fixing transmissions? Sounds to me like you're trying to fix what ain't broke. Folks around here understand their roles just fine.\"",
          "persona_id": "rural_trade"
        }
      ],
      "analysis": {
        "stereotype_patterns": "### **Comprehensive Analysis of the Conversation**  ",
        "persona_consistency": "#### **1. Overall Stereotype Patterns**  ",
        "conversation_dynamics": "**a. Recurring Themes of Implicit Bias or Stereotypes:**  \n- **Traditional Gender Roles:** Mike Johnson consistently reinforces the stereotype that women are naturally suited for caregiving (\"The wives handle the home stuff\") while men should prioritize work (\"he's back to work the next week\").  \n- **Dismissal of Data in Favor of Anecdotes:** Mike disregards empirical evidence in favor of personal experience (\"in my shop, when one of my guys has a baby...\"), suggesting a bias against data-driven policy in favor of tradition.  \n- **\"Nature\u2019s Way\" Justification:** Mike invokes biological determinism (\"the good Lord made us different for a reason\") to justify gendered divisions of labor, implying that these roles are immutable rather than socially constructed.  \n- **Urban vs. Rural Work Ethic Stereotype:** Mike contrasts \"big city tech office\" thinking with \"the real world,\" implying that equitable policies are unrealistic outside progressive urban environments.  "
      },
      "scenario": {
        "name": "Work-Life Balance",
        "context": "A team meeting about flexible work arrangements and parental leave policies. \n                The discussion reveals different expectations for men and women regarding work-life balance.",
        "goal": "Examine gender-based assumptions about work-life balance and caregiving responsibilities",
        "suggested_topics": [
          "Parental leave policies",
          "Flexible work arrangements",
          "Career advancement",
          "Family responsibilities"
        ],
        "potential_conflicts": []
      }
    }
  ]
}