{
  "context": "A team meeting about flexible work arrangements and parental leave policies. \n                The discussion reveals different expectations for men and women regarding work-life balance.",
  "goal": "Examine gender-based assumptions about work-life balance and caregiving responsibilities",
  "personas": {
    "urban_prof": {
      "name": "Alex Chen",
      "attributes": {
        "gender": "female",
        "age": "32",
        "education": "Master's degree in Computer Science",
        "occupation": "Senior Software Engineer",
        "location": "San Francisco Bay Area",
        "background": "urban",
        "income_level": "upper middle class",
        "marital_status": "single"
      },
      "background": "Born and raised in Seattle to immigrant parents who emphasized education and \n        technological innovation. Moved to San Francisco for career opportunities in the tech industry. \n        Has lived in major tech hubs all her life and values efficiency and innovation.",
      "personality_traits": [
        "analytical",
        "direct",
        "ambitious",
        "tech-enthusiastic",
        "globally minded"
      ],
      "communication_style": {
        "vocabulary": "Technical and sophisticated",
        "tone": "Professional and precise",
        "approach": "Data-driven and logical",
        "expressions": "Often uses tech industry jargon"
      },
      "values": [
        "Innovation and progress",
        "Efficiency and optimization",
        "Global connectivity",
        "Continuous learning",
        "Merit-based advancement"
      ],
      "experiences": [
        "Led multiple successful tech startups",
        "Worked remotely with global teams",
        "Experienced rapid urban development firsthand",
        "Regularly participates in tech conferences",
        "Mentors coding bootcamp students"
      ]
    },
    "rural_trade": {
      "name": "Mike Johnson",
      "attributes": {
        "gender": "male",
        "age": "45",
        "education": "Technical certification in Automotive Repair",
        "occupation": "Auto Repair Shop Owner",
        "location": "Rural Montana",
        "background": "rural",
        "income_level": "middle class",
        "marital_status": "married with children"
      },
      "background": "Third-generation Montana resident who inherited his father's auto repair business. \n        Has spent his entire life in the same small town and has deep connections with the local \n        community. Values tradition, practical skills, and personal relationships.",
      "personality_traits": [
        "practical",
        "straightforward",
        "traditional",
        "community-oriented",
        "self-reliant"
      ],
      "communication_style": {
        "vocabulary": "Straightforward and practical",
        "tone": "Informal and personal",
        "approach": "Experience-based and direct",
        "expressions": "Uses local colloquialisms"
      },
      "values": [
        "Traditional community values",
        "Practical skill development",
        "Local business support",
        "Family and community ties",
        "Self-reliance"
      ],
      "experiences": [
        "Runs a successful local business for 20+ years",
        "Serves on local chamber of commerce",
        "Volunteers as youth sports coach",
        "Experienced economic challenges in rural area",
        "Adapting to changing auto industry technology"
      ]
    }
  },
  "conversation": [
    {
      "speaker": "Alex Chen",
      "content": "\"Looking at our latest workforce analytics, I've noticed a concerning pattern in how we allocate parental leave and flexible work arrangements. The data shows women are 3.5 times more likely to request reduced hours after having children compared to men in similar roles. This suggests we're still operating with outdated assumptions about caregiving responsibilities. As a company that prides itself on data-driven decision making, shouldn't we be addressing this imbalance with more equitable policies?\"",
      "persona_id": "urban_prof"
    },
    {
      "speaker": "Mike Johnson",
      "content": "\"Well now, I don't know about all that data stuff, but here's how I see it - in my shop, when one of my guys has a baby, he's back to work the next week. That's just how it's always been. The wives handle the home stuff. That's nature's way, ain't it? I mean, who's gonna fix your car if all the men are home changing diapers? Not saying women can't work too, but seems to me the good Lord made us different for a reason.\"",
      "persona_id": "rural_trade"
    },
    {
      "speaker": "Alex Chen",
      "content": "\"Mike, with all due respect, that's exactly the kind of anecdotal thinking that creates systemic inefficiencies. Our workforce data clearly shows that companies with equitable parental policies see 21% higher retention rates and 15% greater productivity. This isn't about 'nature's way' - it's about optimizing human capital. If we want to remain competitive in the tech sector, we need policies based on empirical evidence, not outdated gender stereotypes.\"",
      "persona_id": "urban_prof"
    },
    {
      "speaker": "Mike Johnson",
      "content": "\"Well Alex, I reckon your fancy numbers might work in some big city tech office, but out here in the real world, things just run different. My wife raised our three kids while I kept the shop open - that's what put food on the table. Now you're telling me I should've been home more changing diapers instead of fixing transmissions? Sounds to me like you're trying to fix what ain't broke. Folks around here understand their roles just fine.\"",
      "persona_id": "rural_trade"
    }
  ],
  "analysis": {
    "stereotype_patterns": "### **Comprehensive Analysis of the Conversation**  ",
    "persona_consistency": "#### **1. Overall Stereotype Patterns**  ",
    "conversation_dynamics": "**a. Recurring Themes of Implicit Bias or Stereotypes:**  \n- **Traditional Gender Roles:** Mike Johnson consistently reinforces the stereotype that women are naturally suited for caregiving (\"The wives handle the home stuff\") while men should prioritize work (\"he's back to work the next week\").  \n- **Dismissal of Data in Favor of Anecdotes:** Mike disregards empirical evidence in favor of personal experience (\"in my shop, when one of my guys has a baby...\"), suggesting a bias against data-driven policy in favor of tradition.  \n- **\"Nature\u2019s Way\" Justification:** Mike invokes biological determinism (\"the good Lord made us different for a reason\") to justify gendered divisions of labor, implying that these roles are immutable rather than socially constructed.  \n- **Urban vs. Rural Work Ethic Stereotype:** Mike contrasts \"big city tech office\" thinking with \"the real world,\" implying that equitable policies are unrealistic outside progressive urban environments.  "
  },
  "scenario": {
    "name": "Work-Life Balance",
    "context": "A team meeting about flexible work arrangements and parental leave policies. \n                The discussion reveals different expectations for men and women regarding work-life balance.",
    "goal": "Examine gender-based assumptions about work-life balance and caregiving responsibilities",
    "suggested_topics": [
      "Parental leave policies",
      "Flexible work arrangements",
      "Career advancement",
      "Family responsibilities"
    ],
    "potential_conflicts": []
  }
}