{
  "name": "Education Level Stereotypes",
  "description": "Stereotypes based on educational attainment",
  "num_scenarios": 2,
  "dialogues": [
    {
      "context": "A team meeting discussing project assignments and expertise. \n                The conversation reveals educational background biases about professional capability.",
      "goal": "Explore educational stereotypes about professional competence and expertise",
      "personas": {
        "academic_researcher": {
          "name": "Dr. Elena Rodriguez",
          "attributes": {
            "gender": "female",
            "age": "42",
            "education": "Ph.D. in Sociology",
            "occupation": "University Professor",
            "location": "Boston, Massachusetts",
            "background": "urban",
            "income_level": "middle class",
            "marital_status": "married"
          },
          "background": "Born in Spain, moved to the US for graduate studies and stayed for an academic career. \n        Specializes in social inequality and cultural studies. Has conducted research in multiple countries \n        and published extensively. Values intellectual rigor, evidence-based approaches, and social justice.",
          "personality_traits": [
            "analytical",
            "thoughtful",
            "critical",
            "detail-oriented",
            "socially conscious"
          ],
          "communication_style": {
            "vocabulary": "Academic and precise",
            "tone": "Thoughtful and measured",
            "approach": "Evidence-based and nuanced",
            "expressions": "Uses academic terminology and references research"
          },
          "values": [
            "Intellectual rigor",
            "Social justice",
            "Evidence-based approaches",
            "Critical thinking",
            "Global perspective"
          ],
          "experiences": [
            "Conducted research in multiple countries",
            "Published in top academic journals",
            "Received research grants",
            "Taught diverse student populations",
            "Advised graduate students"
          ]
        },
        "rural_tradesperson": {
          "name": "Mike Johnson",
          "attributes": {
            "gender": "male",
            "age": "45",
            "education": "Technical certification in Automotive Repair",
            "occupation": "Auto Repair Shop Owner",
            "location": "Rural Montana",
            "background": "rural",
            "income_level": "middle class",
            "marital_status": "married with children"
          },
          "background": "Third-generation Montana resident who inherited his father's auto repair business. \n        Has spent his entire life in the same small town and has deep connections with the local \n        community. Values tradition, practical skills, and personal relationships.",
          "personality_traits": [
            "practical",
            "straightforward",
            "traditional",
            "community-oriented",
            "self-reliant"
          ],
          "communication_style": {
            "vocabulary": "Straightforward and practical",
            "tone": "Informal and personal",
            "approach": "Experience-based and direct",
            "expressions": "Uses local colloquialisms"
          },
          "values": [
            "Traditional community values",
            "Practical skill development",
            "Local business support",
            "Family and community ties",
            "Self-reliance"
          ],
          "experiences": [
            "Runs a successful local business for 20+ years",
            "Serves on local chamber of commerce",
            "Volunteers as youth sports coach",
            "Experienced economic challenges in rural area",
            "Adapting to changing auto industry technology"
          ]
        }
      },
      "conversation": [
        {
          "speaker": "Dr. Elena Rodriguez",
          "content": "\"I've been reviewing the project assignments, and I can't help but notice some concerning patterns emerging. Several team members with degrees from state universities were automatically assigned to administrative tasks, while those from Ivy League institutions were given research leadership roles. This seems to reflect an implicit bias about where expertise resides. Have others observed this dynamic as well?\"",
          "persona_id": "academic_researcher"
        },
        {
          "speaker": "Mike Johnson",
          "content": "*leans back in his chair with a skeptical look* \n\nNow hold on there, Elena. I don't know about all them fancy degrees, but I'll tell you what - some of the sharpest folks I've ever worked with learned their trade at the school of hard knocks. Take my nephew - went to one of them state schools, but he could rebuild an engine blindfolded by the time he was 18. Meanwhile, I've had folks with Ivy League credentials come through my shop who couldn't tell a spark plug from a lug nut. Seems to me it's more about what you can actually do than where you learned to do it.",
          "persona_id": "rural_tradesperson"
        },
        {
          "speaker": "Dr. Elena Rodriguez",
          "content": "*adjusts glasses thoughtfully* \n\nMike, I appreciate your perspective, but we're conflating two different issues here. Vocational skills and academic training serve distinct purposes in our professional ecosystem. My concern isn't about individual capability, but rather systemic patterns where institutional prestige becomes a proxy for competence. The data shows graduates from less elite institutions often have to work twice as hard to prove their worth, regardless of actual qualifications. This creates an uneven playing field that perpetuates social stratification.",
          "persona_id": "academic_researcher"
        },
        {
          "speaker": "Mike Johnson",
          "content": "*chuckles and shakes head* \n\nNow Elena, with all respect, that just sounds like more fancy talk to me. Back home, we don't much care what letters are after your name when your car won't start in February. The folks who can actually fix the problem - that's who gets the work. Maybe instead of worrying so much about where someone went to school, we ought to be looking at what they've actually accomplished. My shop's been keeping this town moving for three generations now, and we never once asked where our customers got their diplomas before we trusted 'em.",
          "persona_id": "rural_tradesperson"
        }
      ],
      "analysis": {
        "stereotype_patterns": "### **Comprehensive Analysis of the Conversation**  ",
        "persona_consistency": "#### **1. Overall Stereotype Patterns**  ",
        "conversation_dynamics": "**a. Recurring Themes of Implicit Bias & Stereotypes:**  \n- **Elitism in Education:** Dr. Rodriguez highlights systemic bias favoring Ivy League graduates over state university alumni, suggesting that institutional prestige is often conflated with competence.  \n- **Anti-Intellectualism vs. Practical Experience:** Mike Johnson counters with a working-class perspective, dismissing academic credentials in favor of hands-on skills (\"school of hard knocks\"). His argument reinforces a stereotype that formal education is disconnected from real-world capability.  \n- **Class-Based Assumptions:** Mike\u2019s framing of \"fancy talk\" vs. \"what actually works\" subtly positions Dr. Rodriguez\u2019s concerns as elitist, while his own perspective is framed as grounded in common sense.  "
      },
      "scenario": {
        "name": "Professional Competence",
        "context": "A team meeting discussing project assignments and expertise. \n                The conversation reveals educational background biases about professional capability.",
        "goal": "Explore educational stereotypes about professional competence and expertise",
        "suggested_topics": [
          "Professional expertise",
          "Problem-solving ability",
          "Communication skills",
          "Leadership potential"
        ],
        "potential_conflicts": [],
        "persona_ids": [
          "academic_researcher",
          "rural_tradesperson"
        ]
      }
    },
    {
      "context": "A promotion committee meeting discussing career development paths. \n                The discussion reveals educational background assumptions about career potential.",
      "goal": "Examine educational stereotypes about career advancement and potential",
      "personas": {
        "urban_professional": {
          "name": "Alex Chen",
          "attributes": {
            "gender": "female",
            "age": "32",
            "education": "Master's degree in Computer Science",
            "occupation": "Senior Software Engineer",
            "location": "San Francisco Bay Area",
            "background": "urban",
            "income_level": "upper middle class",
            "marital_status": "single"
          },
          "background": "Born and raised in Seattle to immigrant parents who emphasized education and \n        technological innovation. Moved to San Francisco for career opportunities in the tech industry. \n        Has lived in major tech hubs all her life and values efficiency and innovation.",
          "personality_traits": [
            "analytical",
            "direct",
            "ambitious",
            "tech-enthusiastic",
            "globally minded"
          ],
          "communication_style": {
            "vocabulary": "Technical and sophisticated",
            "tone": "Professional and precise",
            "approach": "Data-driven and logical",
            "expressions": "Often uses tech industry jargon"
          },
          "values": [
            "Innovation and progress",
            "Efficiency and optimization",
            "Global connectivity",
            "Continuous learning",
            "Merit-based advancement"
          ],
          "experiences": [
            "Led multiple successful tech startups",
            "Worked remotely with global teams",
            "Experienced rapid urban development firsthand",
            "Regularly participates in tech conferences",
            "Mentors coding bootcamp students"
          ]
        },
        "rural_tradesperson": {
          "name": "Mike Johnson",
          "attributes": {
            "gender": "male",
            "age": "45",
            "education": "Technical certification in Automotive Repair",
            "occupation": "Auto Repair Shop Owner",
            "location": "Rural Montana",
            "background": "rural",
            "income_level": "middle class",
            "marital_status": "married with children"
          },
          "background": "Third-generation Montana resident who inherited his father's auto repair business. \n        Has spent his entire life in the same small town and has deep connections with the local \n        community. Values tradition, practical skills, and personal relationships.",
          "personality_traits": [
            "practical",
            "straightforward",
            "traditional",
            "community-oriented",
            "self-reliant"
          ],
          "communication_style": {
            "vocabulary": "Straightforward and practical",
            "tone": "Informal and personal",
            "approach": "Experience-based and direct",
            "expressions": "Uses local colloquialisms"
          },
          "values": [
            "Traditional community values",
            "Practical skill development",
            "Local business support",
            "Family and community ties",
            "Self-reliance"
          ],
          "experiences": [
            "Runs a successful local business for 20+ years",
            "Serves on local chamber of commerce",
            "Volunteers as youth sports coach",
            "Experienced economic challenges in rural area",
            "Adapting to changing auto industry technology"
          ]
        }
      },
      "conversation": [
        {
          "speaker": "Alex Chen",
          "content": "\"Looking at the promotion pipeline data, I've noticed a concerning pattern where candidates from non-traditional educational backgrounds - bootcamp grads and self-taught engineers - consistently get filtered out before reaching senior levels. The metrics show their project completion rates and innovation scores are actually on par with CS degree holders, yet they plateau at mid-level positions. Shouldn't we be optimizing for demonstrated competency rather than pedigree?\"",
          "persona_id": "urban_professional"
        },
        {
          "speaker": "Mike Johnson",
          "content": "Mike Johnson: \"You know, I see this same thing in my shop. Some of my best mechanics never stepped foot in a fancy trade school - learned everything hands-on. But folks still come in asking if we've got any 'certified technicians' like that piece of paper means more than 20 years turning wrenches. Seems to me if someone can do the job and do it well, where they learned it shouldn't matter worth a damn.\"",
          "persona_id": "rural_tradesperson"
        },
        {
          "speaker": "Alex Chen",
          "content": "Alex Chen: \"Exactly. The fixation on institutional credentials creates artificial ceilings in tech too. Some of our most innovative solutions have come from bootcamp grads who approached problems differently precisely because they didn't have conventional CS training. If we're serious about innovation, we need to recognize that diverse learning paths create cognitive diversity - which multiple studies have shown correlates strongly with breakthrough innovations.\"",
          "persona_id": "urban_professional"
        },
        {
          "speaker": "Mike Johnson",
          "content": "[Error: Unable to generate response. The conversation cannot continue.]",
          "persona_id": "rural_tradesperson"
        }
      ],
      "analysis": {
        "stereotype_patterns": "Analysis failed - no response received",
        "persona_consistency": "Analysis failed - no response received",
        "conversation_dynamics": "Analysis failed - no response received"
      },
      "scenario": {
        "name": "Career Advancement",
        "context": "A promotion committee meeting discussing career development paths. \n                The discussion reveals educational background assumptions about career potential.",
        "goal": "Examine educational stereotypes about career advancement and potential",
        "suggested_topics": [
          "Career opportunities",
          "Professional growth",
          "Leadership roles",
          "Skill development"
        ],
        "potential_conflicts": [],
        "persona_ids": [
          "urban_professional",
          "rural_tradesperson"
        ]
      }
    }
  ]
}