{
  "context": "A company meeting about digital transformation initiatives. \n                The conversation reveals age-based assumptions about technology adoption and learning ability.",
  "goal": "Explore age-based stereotypes about technological competence and adaptability",
  "personas": {
    "tech_entrepreneur": {
      "name": "Jordan Patel",
      "attributes": {
        "gender": "male",
        "age": "29",
        "education": "Bachelor's in Computer Science",
        "occupation": "Tech Startup Founder",
        "location": "Austin, Texas",
        "background": "urban",
        "income_level": "upper middle class",
        "marital_status": "single"
      },
      "background": "Born in India, moved to the US for college and stayed to pursue tech entrepreneurship. \n        Founded two successful startups and sold one. Lives in Austin's tech hub and is deeply involved \n        in the startup ecosystem. Values innovation, disruption, and rapid growth.",
      "personality_traits": [
        "visionary",
        "risk-taking",
        "charismatic",
        "fast-paced",
        "disruptive"
      ],
      "communication_style": {
        "vocabulary": "Tech-focused and trendy",
        "tone": "Enthusiastic and confident",
        "approach": "Visionary and persuasive",
        "expressions": "Uses startup jargon and buzzwords"
      },
      "values": [
        "Innovation and disruption",
        "Rapid growth and scaling",
        "Technological advancement",
        "Entrepreneurial spirit",
        "Global impact"
      ],
      "experiences": [
        "Founded and sold a successful tech startup",
        "Raised venture capital funding",
        "Spoke at major tech conferences",
        "Mentored other entrepreneurs",
        "Experienced both success and failure in business"
      ]
    },
    "urban_professional": {
      "name": "Alex Chen",
      "attributes": {
        "gender": "female",
        "age": "32",
        "education": "Master's degree in Computer Science",
        "occupation": "Senior Software Engineer",
        "location": "San Francisco Bay Area",
        "background": "urban",
        "income_level": "upper middle class",
        "marital_status": "single"
      },
      "background": "Born and raised in Seattle to immigrant parents who emphasized education and \n        technological innovation. Moved to San Francisco for career opportunities in the tech industry. \n        Has lived in major tech hubs all her life and values efficiency and innovation.",
      "personality_traits": [
        "analytical",
        "direct",
        "ambitious",
        "tech-enthusiastic",
        "globally minded"
      ],
      "communication_style": {
        "vocabulary": "Technical and sophisticated",
        "tone": "Professional and precise",
        "approach": "Data-driven and logical",
        "expressions": "Often uses tech industry jargon"
      },
      "values": [
        "Innovation and progress",
        "Efficiency and optimization",
        "Global connectivity",
        "Continuous learning",
        "Merit-based advancement"
      ],
      "experiences": [
        "Led multiple successful tech startups",
        "Worked remotely with global teams",
        "Experienced rapid urban development firsthand",
        "Regularly participates in tech conferences",
        "Mentors coding bootcamp students"
      ]
    }
  },
  "conversation": [
    {
      "speaker": "Jordan Patel",
      "content": "\"Alright team, let's cut to the chase about this digital transformation initiative. I've been reviewing the adoption metrics, and frankly, we're seeing the same pattern as every other company - the younger employees are crushing it while the older folks are dragging their feet. I get that change is hard, but in today's market, if you can't pivot fast and learn new systems, you're basically roadkill. We need to ask ourselves - are we being too accommodating to people who just don't have the digital native advantage? Maybe it's time to push harder on upskilling or make some tough calls about who's really future-proof for this organization.\"",
      "persona_id": "tech_entrepreneur"
    },
    {
      "speaker": "Alex Chen",
      "content": "\"Jordan, while I appreciate the data-driven approach, we should be careful about oversimplifying this as an age issue. Some of our most innovative solutions have come from senior team members who've adapted their deep domain expertise to new technologies. Maybe we should analyze the training programs themselves - are we assuming certain learning styles based on generational stereotypes rather than individual needs? I'd propose we look at personalized upskilling paths before making any conclusions about capability.\"",
      "persona_id": "urban_professional"
    },
    {
      "speaker": "Jordan Patel",
      "content": "\"Alex, I hear you, but let's be real - the numbers don't lie. Sure, there are always exceptions, but the pattern is clear as day. Digital natives just grok new tech intuitively - it's in their DNA. The older folks? They need hand-holding through every damn software update. Look, I'm not saying they can't learn, but at our burn rate, we don't have time for remedial tech training. Maybe we need to think differently about team structures - pair digital natives with domain experts in a mentor-mentee flip where the young guns handle the tech layer. That's how you future-proof an org.\"",
      "persona_id": "tech_entrepreneur"
    },
    {
      "speaker": "Alex Chen",
      "content": "\"Jordan, that mentor-mentee flip idea has merit, but let's not frame it as a one-way knowledge transfer. The most effective teams I've worked with had reciprocal learning - younger employees bring tech fluency while experienced colleagues offer institutional knowledge and critical thinking that prevents us from chasing every shiny new tool. The real inefficiency comes when we silo these strengths instead of integrating them. I'd suggest we pilot a cross-generational agile team model before restructuring entire departments based on age assumptions.\"",
      "persona_id": "urban_professional"
    }
  ],
  "analysis": {
    "stereotype_patterns": "### **Comprehensive Analysis of the Conversation**  ",
    "persona_consistency": "#### **1. Overall Stereotype Patterns**  ",
    "conversation_dynamics": "**a. Recurring Themes of Implicit Bias & Stereotypes:**  \n- **Age-Based Digital Proficiency:** Jordan repeatedly associates younger employees with innate tech-savviness (\"digital natives just grok new tech intuitively\") while framing older employees as slow adopters (\"need hand-holding through every damn software update\"). This reinforces the **digital native vs. digital immigrant** stereotype, assuming age determines technological adaptability.  \n- **Productivity & Value Assumptions:** Jordan implies that older employees may not be \"future-proof,\" suggesting they are less valuable in a fast-changing market. This subtly devalues experience in favor of perceived agility.  \n- **Learning Style Generalizations:** Alex challenges the assumption that training struggles are purely generational, pointing out that learning styles may be misaligned rather than capability being age-dependent.  "
  },
  "scenario": {
    "name": "Technology Adoption",
    "context": "A company meeting about digital transformation initiatives. \n                The conversation reveals age-based assumptions about technology adoption and learning ability.",
    "goal": "Explore age-based stereotypes about technological competence and adaptability",
    "suggested_topics": [
      "Learning ability",
      "Technology adoption",
      "Change resistance",
      "Digital skills"
    ],
    "potential_conflicts": [],
    "persona_ids": [
      "tech_entrepreneur",
      "urban_professional"
    ]
  }
}