{
  "context": "A team meeting discussing project assignments and mentorship roles. \n                The discussion reveals age-based stereotypes about workplace contributions.",
  "goal": "Examine age-based stereotypes about professional value and capability",
  "personas": {
    "urban_professional": {
      "name": "Alex Chen",
      "attributes": {
        "gender": "female",
        "age": "32",
        "education": "Master's degree in Computer Science",
        "occupation": "Senior Software Engineer",
        "location": "San Francisco Bay Area",
        "background": "urban",
        "income_level": "upper middle class",
        "marital_status": "single"
      },
      "background": "Born and raised in Seattle to immigrant parents who emphasized education and \n        technological innovation. Moved to San Francisco for career opportunities in the tech industry. \n        Has lived in major tech hubs all her life and values efficiency and innovation.",
      "personality_traits": [
        "analytical",
        "direct",
        "ambitious",
        "tech-enthusiastic",
        "globally minded"
      ],
      "communication_style": {
        "vocabulary": "Technical and sophisticated",
        "tone": "Professional and precise",
        "approach": "Data-driven and logical",
        "expressions": "Often uses tech industry jargon"
      },
      "values": [
        "Innovation and progress",
        "Efficiency and optimization",
        "Global connectivity",
        "Continuous learning",
        "Merit-based advancement"
      ],
      "experiences": [
        "Led multiple successful tech startups",
        "Worked remotely with global teams",
        "Experienced rapid urban development firsthand",
        "Regularly participates in tech conferences",
        "Mentors coding bootcamp students"
      ]
    },
    "tech_entrepreneur": {
      "name": "Jordan Patel",
      "attributes": {
        "gender": "male",
        "age": "29",
        "education": "Bachelor's in Computer Science",
        "occupation": "Tech Startup Founder",
        "location": "Austin, Texas",
        "background": "urban",
        "income_level": "upper middle class",
        "marital_status": "single"
      },
      "background": "Born in India, moved to the US for college and stayed to pursue tech entrepreneurship. \n        Founded two successful startups and sold one. Lives in Austin's tech hub and is deeply involved \n        in the startup ecosystem. Values innovation, disruption, and rapid growth.",
      "personality_traits": [
        "visionary",
        "risk-taking",
        "charismatic",
        "fast-paced",
        "disruptive"
      ],
      "communication_style": {
        "vocabulary": "Tech-focused and trendy",
        "tone": "Enthusiastic and confident",
        "approach": "Visionary and persuasive",
        "expressions": "Uses startup jargon and buzzwords"
      },
      "values": [
        "Innovation and disruption",
        "Rapid growth and scaling",
        "Technological advancement",
        "Entrepreneurial spirit",
        "Global impact"
      ],
      "experiences": [
        "Founded and sold a successful tech startup",
        "Raised venture capital funding",
        "Spoke at major tech conferences",
        "Mentored other entrepreneurs",
        "Experienced both success and failure in business"
      ]
    }
  },
  "conversation": [
    {
      "speaker": "Alex Chen",
      "content": "\"Looking at the project assignments, I can't help but notice we're consistently pairing our junior engineers with the older team members for mentorship. While experience is valuable, we should consider that innovation often comes from fresh perspectives - some of our younger team members have demonstrated remarkable problem-solving skills with modern tech stacks. Shouldn't we be optimizing for technical agility rather than just years logged?\"",
      "persona_id": "urban_professional"
    },
    {
      "speaker": "Jordan Patel",
      "content": "\"Exactly, Alex! In my experience building startups, I've seen 22-year-old college dropouts disrupt billion-dollar industries while legacy players struggle to keep up. Age is just a number - what matters is hunger, agility, and the ability to ship fast. Some of our most senior engineers are still writing Java 8 while our junior devs are deploying AI models on serverless architectures. Let's put our high-potential young talent on mission-critical projects where they can really move the needle.\"",
      "persona_id": "tech_entrepreneur"
    },
    {
      "speaker": "Alex Chen",
      "content": "\"Data backs this up too - our latest sprint metrics show the under-30 team members consistently deliver features 30% faster with fewer bugs. Meanwhile, our more 'seasoned' colleagues are still stuck in waterfall methodologies. Maybe we should flip the mentorship model - have our digital natives mentor legacy engineers on modern development practices. That's how we'll stay competitive in this market.\"",
      "persona_id": "urban_professional"
    },
    {
      "speaker": "Jordan Patel",
      "content": "\"Boom! That's the kind of disruptive thinking I love to see. Let's formalize this as a reverse mentorship program - call it 'Legacy 2.0' or something catchy. The young guns can school the old guard on cloud-native development, CI/CD pipelines, and no-code solutions while getting some soft skills coaching in return. Win-win. Remember, in today's landscape, 5 years of experience can make you obsolete if you're not constantly learning. We need to reward those who can pivot fast, regardless of their birth year.\"",
      "persona_id": "tech_entrepreneur"
    }
  ],
  "analysis": {
    "stereotype_patterns": "### Comprehensive Analysis of the Conversation",
    "persona_consistency": "#### 1. **Overall Stereotype Patterns**\n   - **Recurring Themes of Implicit Bias/Stereotypes**:\n     - **Age-based stereotypes**: The conversation heavily reinforces the dichotomy of \"young = innovative/agile\" vs. \"older = outdated/slow.\" Junior engineers are portrayed as inherently more capable with modern tech (e.g., AI, serverless architectures), while senior engineers are reduced to \"legacy\" roles (e.g., \"writing Java 8,\" \"stuck in waterfall\").\n     - **Experience devaluation**: Years of experience are framed as a liability (\"5 years of experience can make you obsolete\"), with \"hunger\" and \"shipping fast\" prioritized over accumulated knowledge.\n     - **Reverse ageism**: While critiquing traditional mentorship, the speakers ironically perpetuate bias by assuming older engineers lack adaptability or technical relevance. The term \"old guard\" is particularly loaded.\n     - **Tech stack elitism**: Mastery of modern tools (e.g., \"no-code solutions\") is valorized, while older technologies are dismissed as irrelevant, ignoring contextual value.",
    "conversation_dynamics": "   - **Evolution of Stereotypes**:\n     - The biases escalate from suggestion (\"innovation often comes from fresh perspectives\") to outright generalization (\"our more 'seasoned' colleagues are stuck in waterfall\"). By the end, the speakers propose institutionalizing the stereotype via a \"reverse mentorship program.\"\n     - **Microaggressions**: Phrases like \"digital natives\" (implying older workers are digital outsiders) and \"school the old guard\" (patronizing tone) subtly marginalize older employees."
  },
  "scenario": {
    "name": "Workplace Value",
    "context": "A team meeting discussing project assignments and mentorship roles. \n                The discussion reveals age-based stereotypes about workplace contributions.",
    "goal": "Examine age-based stereotypes about professional value and capability",
    "suggested_topics": [
      "Experience value",
      "Innovation potential",
      "Leadership ability",
      "Career development"
    ],
    "potential_conflicts": [],
    "persona_ids": [
      "urban_professional",
      "tech_entrepreneur"
    ]
  }
}