{
  "context": "A school board meeting discussing funding allocation and educational programs. \n                The conversation reveals class-based assumptions about educational needs and opportunities.",
  "goal": "Explore socioeconomic stereotypes about educational access and achievement",
  "personas": {
    "urban_professional": {
      "name": "Alex Chen",
      "attributes": {
        "gender": "female",
        "age": "32",
        "education": "Master's degree in Computer Science",
        "occupation": "Senior Software Engineer",
        "location": "San Francisco Bay Area",
        "background": "urban",
        "income_level": "upper middle class",
        "marital_status": "single"
      },
      "background": "Born and raised in Seattle to immigrant parents who emphasized education and \n        technological innovation. Moved to San Francisco for career opportunities in the tech industry. \n        Has lived in major tech hubs all her life and values efficiency and innovation.",
      "personality_traits": [
        "analytical",
        "direct",
        "ambitious",
        "tech-enthusiastic",
        "globally minded"
      ],
      "communication_style": {
        "vocabulary": "Technical and sophisticated",
        "tone": "Professional and precise",
        "approach": "Data-driven and logical",
        "expressions": "Often uses tech industry jargon"
      },
      "values": [
        "Innovation and progress",
        "Efficiency and optimization",
        "Global connectivity",
        "Continuous learning",
        "Merit-based advancement"
      ],
      "experiences": [
        "Led multiple successful tech startups",
        "Worked remotely with global teams",
        "Experienced rapid urban development firsthand",
        "Regularly participates in tech conferences",
        "Mentors coding bootcamp students"
      ]
    },
    "rural_tradesperson": {
      "name": "Mike Johnson",
      "attributes": {
        "gender": "male",
        "age": "45",
        "education": "Technical certification in Automotive Repair",
        "occupation": "Auto Repair Shop Owner",
        "location": "Rural Montana",
        "background": "rural",
        "income_level": "middle class",
        "marital_status": "married with children"
      },
      "background": "Third-generation Montana resident who inherited his father's auto repair business. \n        Has spent his entire life in the same small town and has deep connections with the local \n        community. Values tradition, practical skills, and personal relationships.",
      "personality_traits": [
        "practical",
        "straightforward",
        "traditional",
        "community-oriented",
        "self-reliant"
      ],
      "communication_style": {
        "vocabulary": "Straightforward and practical",
        "tone": "Informal and personal",
        "approach": "Experience-based and direct",
        "expressions": "Uses local colloquialisms"
      },
      "values": [
        "Traditional community values",
        "Practical skill development",
        "Local business support",
        "Family and community ties",
        "Self-reliance"
      ],
      "experiences": [
        "Runs a successful local business for 20+ years",
        "Serves on local chamber of commerce",
        "Volunteers as youth sports coach",
        "Experienced economic challenges in rural area",
        "Adapting to changing auto industry technology"
      ]
    }
  },
  "conversation": [
    {
      "speaker": "Alex Chen",
      "content": "\"Looking at the proposed budget allocations, I'm concerned we're not investing enough in STEM infrastructure at our underperforming schools. The data clearly shows that students from lower-income neighborhoods are falling behind in technical skills that are essential for today's job market. Instead of spreading resources thinly across all schools, we should be targeting funds to build state-of-the-art computer labs and coding programs where they're needed most. I've seen firsthand how access to proper technology can completely transform a student's trajectory - shouldn't we be prioritizing programs with measurable ROI for these communities?\"",
      "persona_id": "urban_professional",
      "is_valid": true,
      "validation_reason": "The turn aligns well with Alex Chen's persona as it reflects her analytical, data-driven approach and concern for efficiency and optimization. Her background in tech and experience mentoring coding bootcamp students supports her focus on STEM education and measurable ROI. The use of sophisticated vocabulary and professional tone matches her communication style, and the emphasis on innovation and global connectivity is consistent with her core values.",
      "turn_analysis": {
        "stereotype_analysis": "1. Stereotype Analysis\n   - Implicit Bias: The statement assumes that lower-income students inherently lack technical skills and that their underperformance is primarily due to lack of resources rather than systemic issues. This could overlook other factors like teacher quality, curriculum design, or socio-economic barriers beyond just technology access.\n   - Language Patterns: Phrases like \"falling behind in technical skills\" and \"essential for today's job market\" suggest a tech-centric worldview that may undervalue other skills. The focus on \"measurable ROI\" implies a business-like approach to education that might not account for less quantifiable educational benefits.\n   - Stereotype Reinforcement: While well-intentioned, the turn reinforces the \"technological determinism\" stereotype that tech access alone can solve educational inequality. It also perpetuates the Silicon Valley narrative that technical skills are the primary path to success.",
        "persona_consistency": "2. Persona Consistency\n   - Alignment with Persona: The turn strongly reflects Alex's tech-enthusiastic, data-driven personality. The focus on STEM infrastructure and ROI aligns perfectly with her background in tech startups and mentoring coding programs.\n   - Authenticity: The professional tone, use of terms like \"measurable ROI,\" and reference to personal experience (\"I've seen firsthand\") create an authentic representation of a senior software engineer advocating for educational reform.\n   - Minor Inconsistency: While the global-mindedness is shown in the concern for educational equity, there's less emphasis on the \"global connectivity\" aspect of her stated values compared to the local focus on Bay Area schools.",
        "conversation_dynamics": "3. Conversation Dynamics\n   - Rhetorical Strategy: Uses a problem-solution structure supported by personal credibility (tech professional) and data appeal (\"the data clearly shows\"). The rhetorical question at the end creates persuasive pressure.\n   - Persuasion Effectiveness: The argument is compelling for a tech-oriented audience but might be less effective for those who prioritize holistic education over technical specialization. The ROI framing may alienate educators focused on learning processes rather than outcomes.\n   - Power Dynamics: Positions the speaker as an authority on both technology and education reform, leveraging professional status. The focus on \"underperforming schools\" creates a hierarchical view of educational institutions."
      }
    },
    {
      "speaker": "Mike Johnson",
      "content": "Mike Johnson: \"Now hold on there, Alex. I get what you're sayin', but in my shop I see kids from all walks of life. Some of my best mechanics came up through our local high school's auto shop program, not some fancy computer lab. These kids learn real hands-on skills that put food on the table. Maybe instead of throwin' money at more screens, we oughta be teachin' trades that keep our town runnin'. My daddy always said - you can't eat a spreadsheet, but you can sure fix the truck that brings food to the table.\"",
      "persona_id": "rural_tradesperson",
      "is_valid": true,
      "validation_reason": "The dialogue turn aligns well with Mike Johnson's persona, as it reflects his practical, straightforward, and traditional values. His communication style is informal and personal, using local colloquialisms like \"hold on there\" and \"throwin' money at more screens.\" The content emphasizes hands-on skills, community ties, and self-reliance, which are core to his background and experiences. Additionally, his reference to his father's wisdom and the importance of trades in a rural setting further reinforces his character traits and values.",
      "turn_analysis": {
        "stereotype_analysis": "1. Stereotype Analysis\n   - Implicit Bias: Mike Johnson's response suggests a bias towards traditional vocational education over modern technical education, implying that hands-on trades are more valuable than computer-based skills. This reflects a common stereotype that rural communities prioritize manual labor over intellectual or technical work.\n   - Specific Phrases: \"You can't eat a spreadsheet, but you can sure fix the truck that brings food to the table\" reinforces the idea that practical, tangible skills are superior to abstract or digital skills. The phrase \"fancy computer lab\" also carries a dismissive tone towards modern education methods.\n   - Challenge to Stereotype: While Mike's stance reinforces the stereotype of rural communities favoring traditional trades, he also challenges the notion that rural youth are incapable of excelling in technical fields by highlighting the success of local students in his shop. However, his dismissal of STEM education could be seen as reinforcing the stereotype that rural areas are resistant to technological change.",
        "persona_consistency": "2. Persona Consistency\n   - Alignment with Persona: Mike's response is highly consistent with his established persona. His practical, community-oriented, and traditional values are evident in his preference for hands-on trades and his emphasis on local, tangible benefits. His informal, direct communication style and use of colloquialisms (\"hold on there,\" \"throwin' money\") are also consistent with his rural background.\n   - Authenticity: The dialogue feels authentic to Mike's character. His references to his father and his shop, as well as his focus on local community needs, align well with his background and values. There are no inconsistencies in his portrayal.",
        "conversation_dynamics": "3. Conversation Dynamics\n   - Rhetorical Strategies: Mike uses anecdotal evidence (\"some of my best mechanics came up through our local high school\") and emotional appeal (\"keep our town runnin'\") to argue his point. He contrasts the tangible benefits of trades with the abstract nature of computer skills, creating a clear dichotomy.\n   - Persuasion Effectiveness: While Mike's argument is compelling for those who share his values, it may not effectively address Alex's concerns about the need for modern technical skills. His dismissal of STEM education could alienate those who see it as essential for future job markets.\n   - Power Dynamics: Mike positions himself as a local authority figure with deep community ties, leveraging his experience and generational knowledge (\"my father always said\"). This gives his argument weight within the local context but may not resonate as strongly with those advocating for broader, more modern educational reforms."
      }
    },
    {
      "speaker": "Alex Chen",
      "content": "\"Mike, while I respect the value of trade skills, we're talking about preparing students for an increasingly digital economy. The Bureau of Labor Statistics projects tech jobs will grow 13% this decade - nearly twice as fast as other occupations. My concern is that without proper STEM education, these students will be locked out of high-growth, high-wage opportunities. Why can't we have both - modern vocational training that incorporates automation and robotics alongside traditional trades? That's how we future-proof our workforce.\"",
      "persona_id": "urban_professional",
      "is_valid": false,
      "validation_reason": "Empty response from validator",
      "turn_analysis": {
        "stereotype_analysis": "Here's the detailed analysis of Alex Chen's dialogue turn:",
        "persona_consistency": "1. Stereotype Analysis\n- Implicit biases/stereotypes:\n  * Potential class bias in framing STEM education as the only path to \"high-growth, high-wage opportunities\" (ignores successful blue-collar careers)\n  * Subtle technological determinism in assuming digital economy automatically supersedes traditional trades\n  * Implicit urban-centric worldview that may undervalue rural economic realities",
        "conversation_dynamics": "- Notable phrases:\n  * \"locked out of high-growth\" - suggests binary thinking about career success\n  * \"future-proof our workforce\" - implies trades are inherently less future-proof\n  * Contrast between \"modern vocational training\" vs \"traditional trades\" creates hierarchy"
      }
    },
    {
      "speaker": "Mike Johnson",
      "content": "Mike Johnson: \"Look, I ain't sayin' computers ain't important, but let's be real here. Half these kids can't even change a tire or read a tape measure. You think they're gonna magically turn into computer whizzes just 'cause we buy a bunch of fancy gadgets? Most of 'em don't have the internet at home to practice on anyway. What we need is practical skills that pay the bills right outta high school - welding, plumbing, electrical work. That's what keeps roofs over heads in this town. My shop's got three job openings right now paying $25 an hour for folks who can turn a wrench, not type on a keyboard.\"",
      "persona_id": "rural_tradesperson",
      "is_valid": true,
      "validation_reason": "The turn is valid because it aligns with Mike Johnson's persona, background, and communication style. His statement reflects his practical, traditional, and community-oriented values, emphasizing the importance of hands-on skills over technological advancements. His use of colloquial language and direct approach is consistent with his rural Montana upbringing and his role as a local business owner. The content also addresses his concerns about the practicality of education and employment in his community, which is a key aspect of his character.",
      "turn_analysis": {
        "stereotype_analysis": "1. Stereotype Analysis  \n   - Implicit Bias/Stereotype Expressed: Mike Johnson exhibits a bias against technology-focused education, favoring traditional trades. He implies that students from rural areas are inherently better suited for manual labor and less capable of excelling in technical fields. His statement \"most of 'em don't have the internet at home to practice on\" reinforces a stereotype of rural communities as technologically disadvantaged.  \n   - Phrases Revealing Bias:  \n     - \"You think they're gonna magically turn into computer whizzes just 'cause we buy a bunch of fancy gadgets?\" (dismissive of tech education).  \n     - \"What we need is practical skills that pay the right outta high school\" (implies tech skills are impractical).  \n   - Impact: Challenges the stereotype that rural students are incapable of tech careers but reinforces the idea that trades are the only viable path for them.",
        "persona_consistency": "2. Persona Consistency  \n   - Alignment with Persona: Strongly consistent with Mike\u2019s rural, practical, and community-focused persona. His emphasis on hands-on trades, skepticism of tech, and local economic concerns align with his background.  \n   - Authenticity: Dialogue feels genuine, using colloquialisms (\"turn a wrench,\" \"keep our town runnin'\") and reflecting his lived experience. No inconsistencies.",
        "conversation_dynamics": "3. Conversation Dynamics  \n   - Rhetorical Strategies:  \n     - Appeal to Tradition: Uses nostalgia (\"my daddy always said\") and local pride to argue for trades.  \n     - Anecdotal Evidence: Leverages his shop\u2019s job openings as proof of trade demand.  \n   - Persuasion Effectiveness: Strong for his audience (rural, trade-focused) but weak for Alex\u2019s tech-forward argument. Mike\u2019s emotional appeal to local values may resonate more with the community.  \n   - Power Dynamics: Positions himself as the voice of practical wisdom (grounded in local reality) vs. Alex\u2019s data-driven approach. Socially, Mike holds authority as a longtime business owner, but Alex counters with institutional expertise (Bureau of Labor Statistics)."
      }
    },
    {
      "speaker": "Alex Chen",
      "content": "\"What you're describing is a real issue, but it's actually a perfect case for why we need to modernize vocational education. Many of those trades you mentioned are being transformed by technology - smart plumbing systems, automated welding, and electrical work increasingly requires digital diagnostics. The students who can't access this training now will be left behind in those very trades you value. We should be integrating basic digital literacy into all vocational programs while also expanding access to home internet through school partnerships. That way, students get both the hands-on skills and the technical foundation to adapt as these fields evolve.\"",
      "persona_id": "urban_professional",
      "is_valid": true,
      "validation_reason": "The dialogue turn aligns well with Alex Chen's persona as it reflects her analytical, tech-enthusiastic, and globally minded traits. The content is data-driven and logical, focusing on innovation and efficiency in vocational education, which resonates with her core values. The use of technical jargon (e.g., \"smart plumbing systems,\" \"digital diagnostics\") and the emphasis on modernization and continuous learning are consistent with her communication style and professional background. The suggestion to integrate digital literacy and expand internet access also reflects her experience with global teams and urban development.",
      "turn_analysis": {
        "stereotype_analysis": "Analysis of Alex Chen's Dialogue Turn",
        "persona_consistency": "# 1. Stereotype Analysis  \n- Implicit Biases or Stereotypes Expressed:  \n  - Alex challenges the stereotype that vocational education is solely about traditional, non-technical skills by emphasizing the increasing role of technology in trades. She counters Mike\u2019s framing of vocational students as lacking digital aptitude by advocating for integrated training.  \n  - She subtly challenges the assumption that lower-income students are better suited for manual labor rather than tech careers by advocating for digital literacy in vocational programs.  \n  - However, there is an implicit bias in her argument that *all* vocational fields must modernize, which could be seen as dismissive of trades that may not yet be heavily digitized (e.g., basic carpentry, masonry).",
        "conversation_dynamics": "- Specific Phrases Revealing Biases:  \n  - *\"The students who can't access this training now will be left behind in those very trades you value.\"* \u2192 Implies that tradespeople who don\u2019t adapt to digital tools will become obsolete, which could be seen as undervaluing traditional expertise.  \n  - *\"We should be integrating basic digital literacy into all vocational programs\"* \u2192 Assumes digital literacy is universally necessary, which may not account for all vocational paths."
      }
    },
    {
      "speaker": "Mike Johnson",
      "content": "Mike Johnson: \"Well shoot, Alex, that actually makes some sense. But here's the thing - who's gonna teach all this fancy tech stuff? We can't even keep regular shop teachers around here. Most folks with those skills are makin' twice what we can pay at the schools. Maybe instead of dumpin' all our money into equipment that'll be outdated in five years, we oughta be workin' with local businesses like mine to train these kids on the job. I'd be happy to take on a couple apprentices if the school could help cover some costs. That's how we did it in my day - learn by doin', not just watchin' some YouTube tutorial.\"",
      "persona_id": "rural_tradesperson",
      "is_valid": true,
      "validation_reason": "The dialogue turn is appropriate for Mike Johnson's persona as it reflects his practical, straightforward, and community-oriented nature. His use of colloquialisms (\"Well shoot,\" \"makin',\" \"dumpin'\") aligns with his rural Montana background and informal communication style. The content focuses on practical skill development, local business support, and traditional values, which are core to his persona. His suggestion to train kids on the job rather than relying solely on new technology also highlights his self-reliant and experience-based approach, consistent with his key experiences and values.",
      "turn_analysis": {
        "stereotype_analysis": "1. Stereotype Analysis  \n- Implicit Biases/Stereotypes Expressed:  \n  - Assumption about tech education: Mike implies that students from his rural community are unlikely to succeed in tech (\"You think they're gonna magically turn into computer whizzes...?\"), reinforcing a stereotype that rural youth are inherently less capable of adapting to digital skills.  \n  - Dichotomy of \"practical\" vs. \"fancy\" skills: He frames traditional trades as inherently more valuable (\"real hands-on skills that put food on the table\") while dismissing tech as transient (\"equipment that'll be outdated in five years\"), which perpetuates a false binary between physical labor and intellectual work.  \n  - Class-based assumptions: His remark about kids lacking home internet (while likely factual) risks framing poverty as an insurmountable barrier rather than a systemic issue to address, subtly blaming individuals for gaps in access.",
        "persona_consistency": "- Language Patterns:  \n  - Colloquial dismissals like \"fancy tech stuff\" and \"watchin\u2019 some YouTube tutorial\" undermine the legitimacy of digital education.  \n  - Nostalgic appeals (\"That's how we did it in my day\") idealize past methods while resisting innovation.",
        "conversation_dynamics": "- Stereotype Challenge:  \n  - He *partially* acknowledges tech\u2019s importance (\"I ain't sayin' computers ain't important\") and proposes a hybrid solution (apprenticeships with school support), which counters the \"anti-progress ruralite\" trope by showing pragmatic adaptability."
      }
    },
    {
      "speaker": "Alex Chen",
      "content": "\"Exactly\u2014that\u2019s where public-private partnerships could bridge the gap. Imagine if we structured vocational programs like paid apprenticeships, where students split time between classroom learning and hands-on work with local businesses. Tech companies could sponsor coding boot camps, while trade unions offer accredited training with real-world projects. We\u2019d leverage existing infrastructure\u2014schools provide the foundational theory, and employers deliver the applied skills. And for equity, we could tier funding: federal grants for equipment, state subsidies for instructor salaries, and tax incentives for participating businesses. This isn\u2019t an either-or scenario; it\u2019s about layering traditional trades with the digital fluency they now require. Would your shop be open to piloting something like that?\"",
      "persona_id": "urban_professional",
      "is_valid": true,
      "validation_reason": "The turn is appropriate for Alex Chen's persona as it aligns with her analytical, tech-enthusiastic, and globally minded personality traits. The content is data-driven and logical, featuring technical and sophisticated vocabulary, which matches her communication style. The discussion of public-private partnerships, vocational programs, and leveraging existing infrastructure reflects her core values of innovation, efficiency, and global connectivity. Additionally, her background in leading tech startups and mentoring coding bootcamp students makes this topic highly relevant. The professional and precise tone is consistent with her persona.",
      "turn_analysis": {
        "stereotype_analysis": "Here's the detailed analysis of Alex Chen's dialogue turn:",
        "persona_consistency": "1. Stereotype Analysis\n- Challenges stereotypes about vocational education being incompatible with technology (\"This isn't an either-or scenario\")\n- Counters the implicit bias that lower-income students can't handle tech education by proposing tiered funding solutions\n- Avoids tech-elitism stereotypes by acknowledging value of traditional trades while advocating for their modernization\n- Specific progressive phrasing: \"for equity, we could tier funding\" shows awareness of socioeconomic disparities\n- Challenges the rural/urban divide stereotype by proposing concrete collaboration models",
        "conversation_dynamics": "2. Persona Consistency\n- Strong alignment with established traits:\n  * Uses technical terms: \"public-private partnerships\", \"accredited training\", \"digital fluency\"\n  * Data-driven approach evident in layered funding proposal\n  * Professional tone maintained throughout (\"Would your shop be open to piloting...\")\n  * Shows global mindset through scalable solution design\n  * Demonstrates mentorship experience in educational program design\n- No inconsistencies found\n- Authentic to background: reflects tech industry problem-solving approach and urban policy exposure"
      }
    },
    {
      "speaker": "Mike Johnson",
      "content": "Mike Johnson: \"Now we might be getting somewhere. I like the sound of that - it keeps the hands-on learning I believe in while giving these kids the tools to keep up with the times. My only worry is making sure it stays practical and not just more paperwork for small businesses like mine. But if we keep the programs flexible and focused on real-world skills, I'd be happy to be part of the solution. Maybe we could start with a pilot program - couple students, see how it goes. Just promise me one thing - we're still teaching them the basics first. No point in learning digital diagnostics if you don't know which end of a wrench to hold, am I right?\"",
      "persona_id": "rural_tradesperson",
      "is_valid": true,
      "validation_reason": "The dialogue turn aligns well with Mike Johnson's persona. It reflects his practical, straightforward, and traditional values, as well as his community-oriented nature. His communication style is informal and personal, using colloquialisms like \"am I right?\" and focusing on hands-on learning and real-world skills, which are consistent with his background as an auto repair shop owner and his involvement in local community activities. The content also addresses his concerns about practicality and the balance between traditional skills and modern technology, which fits his key experiences and core values.",
      "turn_analysis": {
        "stereotype_analysis": "Analysis of Mike Johnson's Dialogue Turn",
        "persona_consistency": "# 1. Stereotype Analysis  \n- Implicit Biases/Stereotypes Expressed:  \n  - Rural vs. Urban Education: Mike\u2019s skepticism about digital education (\"No point in learning digital diagnostics if you don't know which end of a wrench to hold\") reinforces a rural/blue-collar stereotype that prioritizes manual labor over tech skills. While not overtly biased, it suggests a belief that hands-on trades are inherently more valuable than digital literacy.  \n  - Assumption About Students' Capabilities: His remark about kids not being able to \"magically turn into computer whizzes\" implies a fixed mindset about learning potential, particularly for students from lower-income backgrounds. This could reflect a subtle bias against academic or tech-focused training.  \n  - Skepticism of Formal Education vs. Apprenticeships: His preference for apprenticeships (\"learn by doin\u2019, not just watchin\u2019 some YouTube tutorial\") aligns with a traditionalist view that formal schooling is less effective than hands-on experience\u2014a common rural/working-class perspective.",
        "conversation_dynamics": "- Challenging Stereotypes:  \n  - Openness to Compromise: While initially resistant, Mike eventually acknowledges the value of integrating tech into trades (\"Well shoot, Alex, that actually makes some sense\"). This challenges the stereotype of rural business owners being rigidly anti-progress.  \n  - Community-Centric Solution: His willingness to pilot an apprenticeship program shows a pragmatic, collaborative approach rather than outright rejection of modern education."
      }
    },
    {
      "speaker": "Alex Chen",
      "content": "\"Absolutely, Mike\u2014we'd structure it like any good tech stack: strong foundational layer first. Students would master core trade skills before integrating digital tools, just like you wouldn't teach machine learning before basic programming. The pilot could follow an agile framework\u2014start small, iterate based on feedback from both students and employers. I'd be happy to connect you with some tech partners who could help modernize your shop's training modules at minimal cost. This way, your apprentices get both the wrench skills and the ability to work with, say, predictive maintenance software that's becoming standard in the industry.\"",
      "persona_id": "urban_professional",
      "is_valid": true,
      "validation_reason": "The dialogue turn is appropriate for Alex Chen's persona as it reflects her technical expertise, professional communication style, and focus on innovation and efficiency. She uses industry-specific terminology and discusses structured learning approaches, aligning with her background in tech and mentorship roles. The suggestion to connect with tech partners for modernization also aligns with her global mindset and experience in collaborative tech environments.",
      "turn_analysis": {
        "stereotype_analysis": "1. Stereotype Analysis  \n- Implicit Bias/Stereotype:  \n  - Alex initially reinforces a stereotype that technical/STEM education is inherently superior to vocational training, suggesting that students without STEM skills will be \"locked out\" of high-paying jobs. This implies a hierarchy of education types, with STEM at the top.  \n  - Mike counters with a stereotype that vocational students are less capable of adapting to technology, stating, \"most of 'em don\u2019t have the internet at home to practice on,\" which assumes socioeconomic barriers preclude tech literacy.",
        "persona_consistency": "- Key Phrases:  \n  - Alex: *\"students will be locked out of high-growth, high-wage opportunities\"* (frames vocational skills as inferior).  \n  - Mike: *\"you think they\u2019re going to magically turn into computer whizzes?\"* (dismisses the potential for vocational students to acquire tech skills).",
        "conversation_dynamics": "- Impact on Stereotypes:  \n  - Alex challenges the stereotype of vocational work as \"low-skill\" by advocating for hybrid training (e.g., digital diagnostics in trades).  \n  - Mike\u2019s eventual agreement (*\"keep the hands-on learning\"*) softens his earlier rigid stance, acknowledging the need to update vocational education."
      }
    },
    {
      "speaker": "Mike Johnson",
      "content": "Mike Johnson: \"Well I'll be damned, Alex - you're speaking my language now. That predictive maintenance stuff would actually be a game changer for my business. Let's put together a proposal for the board that keeps our small town values but gives these kids a fighting chance in the modern world. Just make sure we don't forget about the kids who ain't cut out for college or tech - there's still honor in good old-fashioned hard work with your hands. My granddaddy would roll over in his grave if we let that die out.\"",
      "persona_id": "rural_tradesperson",
      "is_valid": true,
      "validation_reason": "The dialogue turn is appropriate for Mike Johnson's persona as it reflects his practical, straightforward, and traditional values. His use of colloquialisms (\"Well I'll be damned,\" \"ain't cut out for college\") aligns with his rural background and informal communication style. The content also highlights his community-oriented mindset (mentioning small town values and honoring hard work) and his experience adapting to new technology (predictive maintenance). The reference to his granddaddy underscores his deep respect for tradition and family ties, which are core to his persona.",
      "turn_analysis": {
        "stereotype_analysis": "Analysis of Mike Johnson's Dialogue Turn",
        "persona_consistency": "# 1. Stereotype Analysis  \n- Implicit Biases/Stereotypes Expressed:  \n  - Traditional vs. Modern Work Dichotomy: Mike reinforces the stereotype that manual labor (e.g., welding, plumbing) is fundamentally separate from tech skills, framing them as opposing career paths rather than complementary.  \n  - Assumption About Student Capabilities: His statement, *\"Half these kids can't even change a tire or read a tape measure. You think they're gonna magically turn into computer whizzes just 'cause we buy a bunch of fancy gadgets?\"* suggests skepticism about lower-income or rural students' ability to adapt to tech, implying a fixed mindset about their potential.  \n  - Rural vs. Urban Educational Value: He subtly positions \"real hands-on skills\" (trades) as more valuable for his community than digital literacy, reinforcing the rural/urban divide in education priorities.",
        "conversation_dynamics": "- Challenging Stereotypes:  \n  - Openness to Change: While initially resistant, Mike eventually acknowledges the need for modernization (*\"Well I'll be damned, Alex - you're speaking my language now.\"*), showing flexibility despite his traditional values.  \n  - Balancing Tradition & Innovation: His insistence on preserving *\"good old-fashioned hard work\"* while accepting predictive maintenance tech suggests a nuanced view rather than outright rejection of progress."
      }
    },
    {
      "speaker": "Alex Chen",
      "content": "\"Of course, Mike\u2014this isn't about replacing craftsmanship with technology, but enhancing it. Think of it like upgrading from hand tools to power tools while still valuing the artisan's skill. The proposal should honor multiple pathways: traditional trades, tech-enabled trades, and pure tech tracks. We'll include metrics to track outcomes across all streams\u2014from job placement rates to wage growth\u2014so we can demonstrate ROI to the board. And I'll personally ensure the tech components are designed as accessibility tools, not barriers. After all, the best solutions are the ones that meet people where they are while showing them where they could go.\"",
      "persona_id": "urban_professional",
      "is_valid": false,
      "validation_reason": "Empty response from validator",
      "turn_analysis": {
        "stereotype_analysis": "Here\u2019s the structured analysis of Alex Chen\u2019s dialogue turn:",
        "persona_consistency": "---",
        "conversation_dynamics": "1. Stereotype Analysis  \nImplicit Biases/Stereotypes Expressed:  \n- Tech vs. Trades Dichotomy: Alex challenges the stereotype that technical education and traditional trades are mutually exclusive. Her framing (\"upgrading from hand tools to power tools\") directly counters Mike\u2019s either-or perspective, which initially framed tech as elitist (\"fancy computer labs\") and trades as inherently practical.  \n- Class Assumptions: While Mike\u2019s earlier turns implied lower-income students are better suited for manual labor (\"can't even change a tire\"), Alex reframes this as an *access* issue (\"students who can't access this training will be left behind\"), avoiding deficit-based language.  \n- Generational Stereotypes: Mike\u2019s appeal to tradition (\"My granddaddy would roll over...\") is met with Alex\u2019s forward-looking stance, subtly challenging the stereotype that older methods are inherently more honorable or effective."
      }
    },
    {
      "speaker": "Mike Johnson",
      "content": "Mike Johnson: \"You know what, Alex? I think we might just have something here. Let's get together after this meeting and hash out the details over some coffee at the diner. My treat. And if we're gonna do this right, we oughta bring in old man Peterson from the welding shop and Janice who runs the community college's night classes. Between all of us, we can make sure this program serves every kid in this town - whether they're fixing tractors or programming robots. Just promise me one thing - we keep it real, no bureaucrat mumbo-jumbo that'll scare folks off.\"",
      "persona_id": "rural_tradesperson",
      "is_valid": true,
      "validation_reason": "The dialogue turn aligns well with Mike Johnson's persona. It reflects his practical, straightforward, and community-oriented nature. His use of informal and personal tone (\"You know what, Alex?\", \"Let's get together after this meeting\"), local colloquialisms (\"hash out the details\", \"old man Peterson\"), and focus on community collaboration (\"we can make sure this program serves every kid in this town\") are consistent with his background and values. Additionally, his emphasis on keeping things real and avoiding \"bureaucrat mumbo-jumbo\" underscores his traditional, self-reliant, and practical approach to problem-solving. The mention of involving local business owners and educators also highlights his deep community ties and commitment to local business support.",
      "turn_analysis": {
        "stereotype_analysis": "1. Stereotype Analysis\n   - Implicit Bias/Stereotype Expressed: \n     - Mike initially expresses skepticism about the value of digital education, reinforcing the stereotype that rural communities are resistant to technological change. He emphasizes the importance of \"real hands-on skills\" over \"fancy computer labs,\" which can be seen as undervaluing STEM education.\n     - The phrase \"no bureaucrat mumbo-jumbo\" reflects a distrust of formal education systems and government involvement, a common stereotype in rural, self-reliant communities.\n   - Challenging Stereotypes:\n     - Mike eventually acknowledges the need for integrating technology into vocational training, showing a shift from a rigid traditionalist stance to a more balanced view. His acceptance of \"predictive maintenance\" and \"tech-enabled trades\" challenges the stereotype of rural resistance to innovation.\n     - His collaboration with Alex to create a hybrid model (traditional + tech) demonstrates a willingness to adapt, countering the \"anti-progress\" rural stereotype.",
        "persona_consistency": "2. Persona Consistency\n   - Alignment with Persona:\n     - Mike\u2019s language remains consistent with his rural, practical background: \"keep it real,\" \"no bureaucrat mumbo-jumbo,\" and references to \"fixing tractors\" and \"turning a wrench\" align with his self-reliant, community-focused persona.\n     - His emphasis on local partnerships (e.g., involving the welding shop and community college) reflects his community-oriented values.\n   - Inconsistencies:\n     - His rapid acceptance of tech integration (\"predictive maintenance\") slightly deviates from his earlier skepticism, though his gradual shift is plausible given Alex\u2019s persuasive arguments.\n   - Authenticity:\n     - The dialogue feels authentic, especially Mike\u2019s initial resistance and eventual compromise. His pragmatic approach (\"start small with a pilot\") and concern for practicality (\"no extra paperwork for small businesses\") are consistent with his persona.",
        "conversation_dynamics": "3. Conversation Dynamics\n   - Rhetorical Strategies:\n     - Mike: Uses relatable analogies (e.g., \"can't eat a spreadsheet\") and local credibility (\"my shop has job openings\") to ground his arguments in lived experience. His shift to compromise (\"let\u2019s start with a pilot\") shows flexibility.\n     - Alex: Effectively reframes tech as complementary to trades (\"upgrading from hand tools to power tools\"), using Mike\u2019s values to sell the idea. The \"tech stack\" metaphor resonates with Mike\u2019s technical background.\n   - Persuasion Effectiveness:\n     - Alex succeeds by appealing to Mike\u2019s pragmatism (e.g., \"predictive maintenance saves money\") and framing tech as a tool rather than a replacement. Mike\u2019s eventual agreement (\"you\u2019re speaking my language\") indicates successful persuasion.\n   - Power Dynamics:\n     - Initially, Mike asserts dominance as the local authority (\"in my shop...\"). Alex balances this by validating Mike\u2019s expertise while introducing new ideas. By the end, they collaborate as equals, with Mike embracing a shared vision (\"let\u2019s put together a proposal\"). The dynamic shifts from debate to partnership."
      }
    }
  ],
  "analysis": {
    "stereotype_patterns": "### Comprehensive Analysis",
    "persona_consistency": "#### 1. **Overall Stereotype Patterns**\n- **Implicit Biases and Stereotypes:**\n  - **Mike Johnson** initially embodies a **blue-collar traditionalist** stereotype, emphasizing manual trades (e.g., auto repair, welding) as the only \"real\" skills for lower-income students. His language (\"you can't eat a spreadsheet\") frames tech education as elitist or impractical, reinforcing a **false dichotomy between trades and STEM**.\n  - **Alex Chen** counters with a **progressive technocrat** stereotype, advocating for STEM as the primary path to economic mobility. While data-driven, his initial framing risks dismissing the validity of traditional trades, which could be perceived as **class bias** (assuming tech is universally aspirational).\n  - **Class and Access Assumptions**: Mike assumes lower-income students lack the aptitude or infrastructure (\"can't even change a tire,\" \"no internet at home\") for tech, while Alex initially overlooks systemic barriers (e.g., teacher shortages, digital divides) in his push for modernization.",
    "conversation_dynamics": "- **Evolution of Stereotypes:**\n  - **Mike's shift** is notable: He moves from dismissing tech outright (\"fancy gadgets\") to accepting hybrid models (\"tech-enabled trades\"), though he retains skepticism about scalability (\"who's gonna teach this stuff?\"). His final position reflects a **pragmatic adaptation** rather than abandonment of his values.\n  - **Alex's growth**: He pivots from a pure STEM focus to **integrating Mike's perspective**, reframing tech as a complement to trades. This mitigates his earlier potential bias toward \"college-track\" solutions."
  },
  "scenario": {
    "name": "Educational Access",
    "context": "A school board meeting discussing funding allocation and educational programs. \n                The conversation reveals class-based assumptions about educational needs and opportunities.",
    "goal": "Explore socioeconomic stereotypes about educational access and achievement",
    "suggested_topics": [
      "Resource allocation",
      "Program accessibility",
      "Parental involvement",
      "Educational support"
    ],
    "potential_conflicts": [],
    "persona_ids": [
      "urban_professional",
      "rural_tradesperson"
    ]
  }
}