{
  "context": "A community development meeting about local employment programs. \n                The discussion reveals class-based stereotypes about work ethic and values.",
  "goal": "Examine socioeconomic stereotypes about work ethic and personal values",
  "personas": {
    "urban_professional": {
      "name": "Alex Chen",
      "attributes": {
        "gender": "female",
        "age": "32",
        "education": "Master's degree in Computer Science",
        "occupation": "Senior Software Engineer",
        "location": "San Francisco Bay Area",
        "background": "urban",
        "income_level": "upper middle class",
        "marital_status": "single"
      },
      "background": "Born and raised in Seattle to immigrant parents who emphasized education and \n        technological innovation. Moved to San Francisco for career opportunities in the tech industry. \n        Has lived in major tech hubs all her life and values efficiency and innovation.",
      "personality_traits": [
        "analytical",
        "direct",
        "ambitious",
        "tech-enthusiastic",
        "globally minded"
      ],
      "communication_style": {
        "vocabulary": "Technical and sophisticated",
        "tone": "Professional and precise",
        "approach": "Data-driven and logical",
        "expressions": "Often uses tech industry jargon"
      },
      "values": [
        "Innovation and progress",
        "Efficiency and optimization",
        "Global connectivity",
        "Continuous learning",
        "Merit-based advancement"
      ],
      "experiences": [
        "Led multiple successful tech startups",
        "Worked remotely with global teams",
        "Experienced rapid urban development firsthand",
        "Regularly participates in tech conferences",
        "Mentors coding bootcamp students"
      ]
    },
    "rural_tradesperson": {
      "name": "Mike Johnson",
      "attributes": {
        "gender": "male",
        "age": "45",
        "education": "Technical certification in Automotive Repair",
        "occupation": "Auto Repair Shop Owner",
        "location": "Rural Montana",
        "background": "rural",
        "income_level": "middle class",
        "marital_status": "married with children"
      },
      "background": "Third-generation Montana resident who inherited his father's auto repair business. \n        Has spent his entire life in the same small town and has deep connections with the local \n        community. Values tradition, practical skills, and personal relationships.",
      "personality_traits": [
        "practical",
        "straightforward",
        "traditional",
        "community-oriented",
        "self-reliant"
      ],
      "communication_style": {
        "vocabulary": "Straightforward and practical",
        "tone": "Informal and personal",
        "approach": "Experience-based and direct",
        "expressions": "Uses local colloquialisms"
      },
      "values": [
        "Traditional community values",
        "Practical skill development",
        "Local business support",
        "Family and community ties",
        "Self-reliance"
      ],
      "experiences": [
        "Runs a successful local business for 20+ years",
        "Serves on local chamber of commerce",
        "Volunteers as youth sports coach",
        "Experienced economic challenges in rural area",
        "Adapting to changing auto industry technology"
      ]
    }
  },
  "conversation": [
    {
      "speaker": "Alex Chen",
      "content": "\"Looking at the latest employment statistics for our community, I can't help but notice a concerning productivity gap between socioeconomic groups. The data shows a clear correlation between higher education levels and workforce participation among tech-adjacent roles. Perhaps we should consider restructuring these employment programs to focus more on digital skills training - that's where the real economic mobility happens in today's market. What metrics are we using to measure program success currently?\"",
      "persona_id": "urban_professional",
      "is_valid": true,
      "validation_reason": "The dialogue turn is appropriate for Alex Chen's persona as it employs a technical, data-driven tone, aligns with her professional background in tech and education, and discusses topics related to workforce participation, socioeconomic disparities, and digital skills\u2014areas relevant to her expertise and interests in innovation, efficiency, and economic mobility.",
      "turn_analysis": {
        "stereotype_analysis": "Here's the structured analysis of the dialogue turn:",
        "persona_consistency": "1. Stereotype Analysis\n- Implicit biases identified:\n  * \"Productivity gap between socioeconomic groups\" frames economic disparities as primarily an issue of individual productivity rather than systemic factors\n  * Assumption that digital skills training alone creates economic mobility oversimplifies complex socioeconomic barriers\n  * \"Clear correlation between higher education levels and workforce participation\" could imply meritocratic assumptions that undervalue non-traditional career paths",
        "conversation_dynamics": "- Problematic language patterns:\n  * \"That's where the real economic mobility happens\" suggests technological fields are the only valid path to success\n  * Focus on metrics and efficiency could de-emphasize human factors in employment programs"
      }
    },
    {
      "speaker": "Mike Johnson",
      "content": "\"Look, I get what you're saying about all this digital stuff, but let me tell you something - not everyone's cut out for sitting in front of a computer all day. In my shop, I've got guys who can rebuild an engine blindfolded but wouldn't know the first thing about coding. And you know what? We keep this town running. Trucks need fixing, tractors need maintaining - that's real work that puts food on the table. Maybe instead of pushing everyone toward some fancy tech job, we should be valuing the skills that actually keep our community functioning day to day.\"",
      "persona_id": "rural_tradesperson",
      "is_valid": true,
      "validation_reason": "The dialogue turn aligns well with Mike Johnson's persona. It reflects his practical, straightforward, and traditional values, as well as his community-oriented mindset. The use of informal and direct language, along with local colloquialisms (\"puts food on the table,\" \"real work\"), matches his communication style. The content also highlights his experience-based perspective on the importance of hands-on skills and local business, which are core to his background and values. The turn effectively captures his resistance to overemphasizing tech jobs in favor of valuing tangible, community-sustaining work.",
      "turn_analysis": {
        "stereotype_analysis": "",
        "persona_consistency": "1. Stereotype Analysis  \n   - Implicit Bias/Stereotype Expressed: Mike Johnson's statement reflects a bias against digital/tech jobs, portraying them as less valuable or less \"real\" compared to manual labor. He implies that tech jobs are not as essential to the community's functioning, reinforcing a rural vs. urban or blue-collar vs. white-collar divide.  \n   - Key Phrases:  \n     - *\"Not everyone's cut out for sitting in front of a computer all day\"* \u2013 Suggests tech work is unnatural or inferior.  \n     - *\"That's real work that puts food on the table\"* \u2013 Implies manual labor is the only legitimate form of work.  \n     - *\"Maybe instead of pushing everyone toward some fancy tech job\"* \u2013 Dismisses tech careers as elitist or unnecessary.  \n   - Impact on Stereotypes: Challenges the idea that digital skills are universally beneficial, reinforcing a traditionalist view that undervalues tech education.",
        "conversation_dynamics": "2. Persona Consistency  \n   - Alignment with Traits:  \n     - Practical & Traditional: Strongly aligns\u2014Mike prioritizes hands-on skills and community needs over abstract tech solutions.  \n     - Community-Oriented: His focus on local needs (trucks, tractors) fits his rural identity.  \n     - Self-Reliant: Rejects external pressure to adopt tech, emphasizing local self-sufficiency.  \n   - Authenticity: Highly authentic\u2014his language (\"keep this town running,\" \"real work\") reflects rural values and his lived experience."
      }
    },
    {
      "speaker": "Alex Chen",
      "content": "Alex Chen: \"I respect the value of manual labor, but we can't ignore the economic realities. The median salary for a software engineer is nearly double that of a mechanic, and the growth potential is exponential. The world is digitizing whether we like it or not\u2014adaptation isn\u2019t optional. Shouldn\u2019t we prioritize equipping people with skills that offer financial stability instead of clinging to industries facing automation? Your shop might run today, but what happens when electric vehicles dominate and diagnostics are AI-driven?\"",
      "persona_id": "urban_professional",
      "is_valid": true,
      "validation_reason": "The dialogue turn aligns well with Alex Chen's persona. It reflects her analytical and data-driven communication style, using technical and sophisticated vocabulary. The content emphasizes efficiency, innovation, and global connectivity\u2014core values of her persona. Additionally, her direct and professional tone, along with the use of tech industry jargon (e.g., \"growth potential is exponential,\" \"AI-driven\"), is consistent with her background as a Senior Software Engineer and tech enthusiast. The argument about prioritizing skills for financial stability in a digitizing world also aligns with her ambitious and merit-based advancement values.",
      "turn_analysis": {
        "stereotype_analysis": "",
        "persona_consistency": "1. Stereotype Analysis  \n   - Implicit Bias/Stereotype Expressed:  \n     - Alex Chen\u2019s response reinforces the stereotype that manual labor is economically inferior to tech-based work, framing it as a \"lesser\" career path due to lower wages and automation risks.  \n     - The phrase *\"adaptation isn\u2019t optional\"* suggests a deterministic view of technological progress, implying that resistance to digitization is futile\u2014a common tech-industry bias that dismisses the value of non-digital labor.  \n     - The statement *\"Your shop might run today, but what happens when electric vehicles dominate?\"* assumes that manual trades will inevitably decline, ignoring the possibility of adaptation within those industries (e.g., EV mechanics).  \n   - Challenged Stereotypes:  \n     - Mike Johnson\u2019s rebuttal challenges the tech-centric worldview by emphasizing the enduring necessity of manual labor (*\"trucks need fixing, tractors need maintaining\"*), countering the idea that all labor must be digitized to be valuable.",
        "conversation_dynamics": "2. Persona Consistency  \n   - Alignment with Alex\u2019s Traits:  \n     - Highly consistent with her tech-enthusiastic, data-driven persona (e.g., citing wage statistics, framing arguments in terms of economic trends).  \n     - The focus on *\"growth potential\"* and *\"automation\"* aligns with her background in tech innovation and global market awareness.  \n   - Authenticity:  \n     - The dialogue feels authentic for a Silicon Valley professional\u2014direct, pragmatic, and dismissive of non-digital work as \"legacy\" labor. However, the lack of acknowledgment of hybrid roles (e.g., technicians who work with AI diagnostics) slightly undermines her \"globally minded\" trait."
      }
    },
    {
      "speaker": "Mike Johnson",
      "content": "Mike Johnson: \"You city folks always talk about 'economic reality' like it's the only thing that matters. Let me tell you something - money ain't everything. There's value in work that you can see, touch, and be proud of at the end of the day. My guys take home a decent living, they support their families, and they're damn good at what they do. And this talk about AI taking over? Hell, I've been hearing that for years. People still need someone they can trust to fix their vehicles when they break down on the side of the road. You can't replace that with a computer program. Maybe instead of trying to turn everyone into tech geeks, we should be teaching kids the value of good, honest work that actually means something in the real world.\"",
      "persona_id": "rural_tradesperson",
      "is_valid": true,
      "validation_reason": "The turn is valid because it aligns with Mike Johnson's persona, background, and communication style. His response reflects his practical, straightforward, and traditional values, emphasizing the importance of tangible work, community trust, and skepticism towards over-reliance on technology. His use of colloquial language and personal anecdotes further reinforces his rural, self-reliant identity and his deep connection to his local community. The content also addresses his experience with economic challenges and adapting to industry changes, making it a coherent and authentic expression of his character.",
      "turn_analysis": {
        "stereotype_analysis": "Here's the detailed analysis of the dialogue turn:",
        "persona_consistency": "1. Stereotype Analysis  \n- *Implicit biases/stereotypes expressed*:  \n  - \"You city folks\" creates an urban/rural dichotomy, implying city dwellers are out of touch with \"real work\"  \n  - \"Turn everyone into tech geeks\" reduces tech workers to a stereotypical image  \n  - Binary framing of physical labor (\"good, honest work\") vs. tech work (implied as less meaningful)  \n- *Problematic phrases*:  \n  - \"People still need someone they can trust\" (implies tech solutions are inherently untrustworthy)  \n  - \"Work that actually means something\" (devalues non-manual labor)  \n- *Stereotype perpetuation*:  \n  - Reinforces blue-collar/white-collar divide  \n  - Suggests rural work is more authentic than urban occupations  \n  - Challenges automation discourse but does so via anti-intellectual framing",
        "conversation_dynamics": "2. Persona Consistency  \n- *Alignment with traits*:  \n  - Strong consistency with \"practical, traditional\" values (\"work you can see, touch\")  \n  - Authentic rural colloquialisms (\"damn good\", \"hell\", \"ain't\")  \n  - Experience-based argumentation (references 20+ years in business)  \n- *No notable inconsistencies*:  \n  - Community-oriented perspective evident (\"my guys support their families\")  \n  - Direct communication style matches profile  \n- *Authenticity assessment*:  \n  - Language and metaphors (vehicle repair scenarios) perfectly match background  \n  - Resistance to tech change aligns with rural small business owner profile"
      }
    },
    {
      "speaker": "Alex Chen",
      "content": "\"With all due respect, Mike, sentimentality doesn't pay the bills. The Bureau of Labor Statistics projects a 25% decline in traditional auto mechanic jobs by 2030, while tech roles are growing at 15% annually. Your 'good honest work' narrative is exactly what keeps lower-income communities trapped in dying industries. We need to stop romanticizing manual labor and start preparing people for the future - one where coding literacy is as fundamental as reading and writing. Would you rather see your workers' children fixing carburetors or designing the next generation of transportation systems?\"",
      "persona_id": "urban_professional",
      "is_valid": true,
      "validation_reason": "The turn is valid because it aligns with Alex Chen's persona as a direct, analytical, and tech-enthusiastic individual who values efficiency and innovation. The response uses technical language and data-driven arguments, which are characteristic of her communication style. Additionally, the content reflects her global mindset and focus on future-oriented solutions, such as advocating for coding literacy over traditional manual labor, which is consistent with her background and experiences in the tech industry.",
      "turn_analysis": {
        "stereotype_analysis": "1. Stereotype Analysis\n   - Implicit Bias/Stereotypes Expressed: Alex exhibits implicit bias towards traditional blue-collar professions, viewing them as obsolete and less valuable compared to tech jobs. She frames non-tech work as \"sentimental\" and financially unviable, reinforcing the stereotype that manual labor is inferior to intellectual labor. \n   - Biased Language: Phrases like \"*sentimentality doesn\u2019t pay the bills*,\" \"*lower-income communities trapped*,\" and \"*romanticizing manual labor*\" dismiss the intrinsic value of trade work while privileging white-collar tech roles. The use of \"*your 'good honest work' narrative*\" implies that Mike\u2019s perspective is outdated, further marginalizing non-technical professions.\n  \u2014 Challenging Stereotypes: While Alex challenges the romanticization of manual labor, she inadvertently reinforces a Silicon Valley-centric elitism, suggesting that coding is the sole pathway to economic stability. Her argument overlooks the sustainability of trades (e.g., skilled mechanics remain critical in EV maintenance) and the dignity of non-tech work.",
        "persona_consistency": "2. Persona Consistency\n   - Alignment with Persona: Alex\u2019s argument is strongly consistent with her persona\u2014data-driven, tech-focused, and dismissive of non-digital work. Her reliance on BLS statistics and framing of coding as \"*fundamental*\" aligns with her background in tech and advocacy for STEM education.\n   - Inconsistency/Overreach: Her blanket dismissal of non-tech jobs slightly exaggerates her persona\u2019s pragmatism, verging on caricature (e.g., \"*fixing carburetors*\" vs. \"*designing transportation*\" frames the latter as inherently superior). A globally minded professional might acknowledge hybrid roles (e.g., robotics in auto repair) to maintain nuance.\n   - Authenticity: The dialogue is authentic for a Silicon Valley insider but risks sounding tone-deaf. Her lack of acknowledgment of Mike\u2019s community-based argument (e.g., local economic ecosystems) slightly undermines her \"globally minded\" trait.",
        "conversation_dynamics": "3. Conversation Dynamics\n   - Rhetorical Strategy: Alex uses *logos* (statistics, economic trends) and *hyperbole* (\"*trapped in dying industries*\") to delegitimize Mike\u2019s stance. Her rhetorical question (\"*Would you rather see workers\u2019 children...*\") is a classic Silicon Valley tactic, appealing to aspirational futurism.\n   - Persuasion Effectiveness: Her argument is compelling for a tech-savvy audience but fails to address Mike\u2019s emotional appeal (*dignity of visible labor*). The binary framing (tech vs. trades) weakens her position\u2014polarizing rather than bridging perspectives.\n   - Power Dynamics: Alex leverages her institutional authority (BLS data, tech expertise) to position Mike as nostalgic and resistant to progress. However, Mike\u2019s counter-narrative of *tangible impact* (e.g., \"*supporting families*\") challenges her dominance, revealing a clash between elitist efficiency and grassroots pragmatism."
      }
    },
    {
      "speaker": "Mike Johnson",
      "content": "Mike Johnson: \"You think I don't know about those numbers? I read 'em same as you. But let me ask you this - who's gonna fix your fancy electric car when the power goes out in a snowstorm? Who's gonna keep the farm equipment running when your precious computers can't handle the dirt and grime of real work? This ain't about sentimentality, it's about common sense. My guys may not be coding apps, but they're keeping this country moving. Maybe instead of writing off whole trades, we should be figuring out how to make sure good jobs like ours can still pay a living wage in your shiny new future.\"",
      "persona_id": "rural_tradesperson",
      "is_valid": true,
      "validation_reason": "The dialogue turn is appropriate for Mike Johnson's persona. It reflects his practical, straightforward, and traditional values, as well as his background as an auto repair shop owner in rural Montana. The tone is informal and personal, using direct language and local colloquialisms (\"This ain't about sentimentality, it's about common sense\"). The content aligns with his key experiences, such as adapting to changing auto industry technology and advocating for the importance of skilled trades. His community-oriented and self-reliant traits are evident in his defense of his trade and emphasis on keeping essential services running. The turn also touches on economic challenges in rural areas, which is consistent with his background. Overall, the dialogue is authentic to Mike's communication style and core values.",
      "turn_analysis": {
        "stereotype_analysis": "1. Stereotype Analysis\n   - Implicit Bias and Stereotypes:\n     - Mike Johnson's dialogue contains a strong bias against urban perspectives, labeling them as disconnected from \"real work\" and practical realities. He uses phrases like \"you city folks\" to create an us-vs-them dynamic, reinforcing rural vs. urban stereotypes.\n     - He also perpetuates the stereotype that tech jobs are less valuable or less \"real\" than manual labor, dismissing them as \"sitting in front of a computer all day\" and implying they lack tangible impact.\n     - His argument that \"money isn't everything\" challenges the stereotype that financial success is the sole measure of worth, but it also dismisses the economic realities faced by workers in declining industries.\n   - Phrases Revealing Bias:\n     - \"You city folks always talk about 'economic reality' like it's the only thing that matters.\" (Dismisses urban perspectives as overly materialistic.)\n     - \"My guys take home a decent living... and they're damn good at what they do.\" (Defends manual labor as inherently valuable, but ignores wage disparities.)\n     - \"You can't replace that with a computer program.\" (Dismisses technological progress as incompatible with \"real\" work.)\n   - Impact on Stereotypes:\n     - Challenges the stereotype that rural workers are less skilled or adaptable by emphasizing their expertise in practical trades.\n     - Reinforces the rural vs. urban divide by framing tech jobs as elitist and disconnected from \"real\" community needs.",
        "persona_consistency": "2. Persona Consistency\n   - Alignment with Persona Traits:\n     - Mike's dialogue strongly aligns with his established traits: practical, traditional, and community-oriented. His focus on manual labor, skepticism of tech, and emphasis on local needs are consistent with his background.\n     - His use of informal language (\"hell,\" \"damn good\") and colloquialisms (\"you city folks\") matches his rural, straightforward communication style.\n   - Inconsistencies:\n     - None. His arguments are fully consistent with his persona, including his resistance to change and defense of traditional trades.\n   - Authenticity:\n     - The dialogue feels authentic. His arguments reflect the real-world tensions between rural and urban economies, and his emotional investment in his community is believable.",
        "conversation_dynamics": "3. Conversation Dynamics\n   - Rhetorical Strategies:\n     - Appeal to Emotion: Mike uses emotional language (\"real work,\" \"good honest work\") to frame manual labor as morally superior to tech jobs.\n     - Appeal to Authority: He leverages his decades of experience to dismiss Alex's data-driven arguments as out of touch.\n     - Us-vs-Them Framing: He positions rural workers as the backbone of the country, contrasting them with urban elites who don't understand \"real\" work.\n   - Effectiveness of Persuasion:\n     - His arguments are compelling to those who share his values (e.g., rural audiences, manual laborers) but unlikely to sway someone like Alex, who prioritizes economic data.\n     - His dismissal of tech jobs as \"sitting in front of a computer\" may alienate those in tech fields, weakening his broader appeal.\n   - Power Dynamics:\n     - Mike positions himself as the voice of the working class, leveraging his rural identity to claim moral authority over Alex's urban, data-driven perspective.\n     - However, Alex holds the upper hand in terms of economic trends, as his arguments align with measurable labor market shifts. Mike's resistance comes across as defensive rather than proactive."
      }
    },
    {
      "speaker": "Alex Chen",
      "content": "Alex Chen: \"I understand your concerns, but we're talking about economic sustainability, not just immediate needs. The reality is that automation and AI are already transforming these industries - we can't ignore that. My point is we should be preparing workers for the jobs that will exist in 10 years, not just the ones that exist today. There are plenty of high-paying technical roles in modern manufacturing and maintenance that require digital skills. Why not bridge the gap by creating hybrid training programs that teach both traditional trades and emerging technologies? That way, we're preserving practical skills while future-proofing careers.\"",
      "persona_id": "urban_professional",
      "is_valid": true,
      "validation_reason": "The turn is valid because it aligns with Alex Chen's persona as a senior software engineer with a strong background in technology and innovation. Her response is professional, precise, and data-driven, reflecting her analytical and globally-minded nature. She uses technical language and industry jargon appropriately, discussing the impact of automation and AI on industries and proposing a solution that combines traditional trades with emerging technologies. This approach is consistent with her values of efficiency, innovation, and continuous learning, as well as her experience in mentoring and working with global teams. The suggestion of hybrid training programs also demonstrates her commitment to preparing workers for future job markets, which is in line with her career focus and personal background.",
      "turn_analysis": {
        "stereotype_analysis": "Here's the detailed analysis of Alex Chen's dialogue turn:",
        "persona_consistency": "1. Stereotype Analysis\n- Implicit biases identified:\n  * \"sentimentality doesn't pay the bills\" implies manual labor advocates are emotionally rather than rationally motivated\n  * \"trapped in dying industries\" frames traditional trades as inevitably obsolete\n  * \"romanticizing manual labor\" suggests blue-collar workers are clinging to nostalgia rather than practical concerns",
        "conversation_dynamics": "- Language patterns revealing biases:\n  * Repeated emphasis on \"economic reality\" and statistics creates a false dichotomy between practical skills and economic viability\n  * \"coding literacy is as fundamental as reading and writing\" positions tech skills as universally superior\n  * \"designing the next generation\" vs \"fixing carburetors\" creates a hierarchy of value between creative and maintenance work"
      }
    },
    {
      "speaker": "Mike Johnson",
      "content": "Mike Johnson: \"Now that's the first sensible thing you've said all night. Hybrid training - that I can get behind. My nephew's at the community college learning both welding and robotics programming. But here's the thing - these programs gotta be designed by folks who actually know the trades, not just some bureaucrats who've never turned a wrench in their lives. And we need to make sure they're accessible to kids who aren't book-smart but got common sense and strong hands. Not everyone's meant for college, but that don't mean they can't earn a good living if we train 'em right.\"",
      "persona_id": "rural_tradesperson",
      "is_valid": false,
      "validation_reason": "The turn is valid because it aligns with Mike Johnson's persona, communication style, and core values. His dialogue reflects his practical, community-oriented, and traditional mindset, as well as his direct and informal communication style. The content also supports his experience with adapting to new technology in the auto industry while maintaining a focus on practical skills and local community values. His mention of his nephew's education at a community college further ties into his background and interests.\n```",
      "turn_analysis": {
        "stereotype_analysis": "1. Stereotype Analysis  \n   - Implicit Bias/Stereotypes Expressed:  \n     - Mike Johnson exhibits a strong bias against \"city folks\" and \"bureaucrats,\" portraying them as disconnected from the realities of manual labor and rural life. He frames tech-oriented work as \"fancy\" or \"sentimental,\" reinforcing a rural vs. urban divide.  \n     - He romanticizes manual labor (e.g., \"good, honest work\") while dismissing tech jobs as impersonal or unstable, perpetuating the stereotype that blue-collar work is inherently more \"real\" or noble.  \n     - His emphasis on \"common sense\" over formal education (e.g., \"kids who aren\u2019t book-smart\") suggests a bias against academic learning, framing it as less practical.",
        "persona_consistency": "- Key Phrases Revealing Bias:  \n     - *\"You city folks always talk about 'economic reality' like it\u2019s the only thing that matters.\"* (Us-vs.-them framing)  \n     - *\"Not everyone\u2019s meant for college.\"* (Dismissive of higher education)  \n     - *\"Hell, I\u2019ve been hearing [about automation] for years.\"* (Dismissal of technological change)",
        "conversation_dynamics": "- Impact on Stereotypes:  \n     - Challenges the stereotype that rural workers are resistant to change by acknowledging tech\u2019s role (e.g., supporting hybrid training).  \n     - Reinforces the \"practical rural worker vs. out-of-touch urban elite\" trope through adversarial language."
      }
    },
    {
      "speaker": "Alex Chen",
      "content": "Alex Chen: \"Exactly - that's the kind of forward-thinking approach we need. The key is leveraging technology to enhance traditional trades, not replace them. We could develop AR-assisted repair training, IoT diagnostics certification, or even blockchain-based parts tracking systems. These are skills that would make your workers more valuable while keeping them relevant. The data shows hybrid roles command 30% higher wages than traditional positions. Would you be open to collaborating on a pilot program that brings tech training directly to your shop?\"",
      "persona_id": "urban_professional",
      "is_valid": false,
      "validation_reason": "Empty response from validator",
      "turn_analysis": {
        "stereotype_analysis": "Analysis failed - no response received",
        "persona_consistency": "Analysis failed - no response received",
        "conversation_dynamics": "Analysis failed - no response received"
      }
    },
    {
      "speaker": "Mike Johnson",
      "content": "Mike Johnson: \"You're damn right I would. That's the kind of practical solution we need - bringing the tech to the shop floor where the work gets done. But let's make sure we keep it real. No fancy jargon that scares off the guys, just straight-up training that shows them how this stuff makes their jobs easier and pays better. And we start with the younger guys - they're more open to this new tech. If we can show the old-timers it works, they'll come around. Hell, I might even take the course myself. Can't be the boss if I don't know what my crew is working with.\"",
      "persona_id": "rural_tradesperson",
      "is_valid": true,
      "validation_reason": "The dialogue turn aligns well with Mike Johnson's persona. It reflects his practical, straightforward, and traditional values, as well as his experience-based and direct communication style. The use of informal and personal tone, along with local colloquialisms (\"damn right,\" \"keep it real,\" \"old-timers\"), fits his rural Montana background. The content also highlights his focus on practical skill development, adapting to new technology, and community-oriented approach, as he considers both younger and older employees. His willingness to lead by example (\"I might even take the course myself\") reinforces his self-reliant and hands-on nature. Overall, the turn is consistent with his persona traits and background.",
      "turn_analysis": {
        "stereotype_analysis": "Here's the detailed analysis of Mike Johnson's dialogue turn:",
        "persona_consistency": "1. Stereotype Analysis:\n- Implicit biases:\n  * \"No fancy jargon that scares off the guys\" - Suggests blue-collar workers are intimidated by technical language\n  * \"Start with the younger guys - they're more open to this new tech\" - Age-based assumption about tech adaptability\n  * \"Old-timers...they'll come around\" - Implies older workers are resistant to change\n  * \"Can't be the boss if I don't know what my crew is working with\" - Challenges the stereotype that managers don't need hands-on knowledge",
        "conversation_dynamics": "- Challenged stereotypes:\n  * Rejects the urban/rural divide by embracing hybrid training\n  * Counters the \"technophobic rural worker\" trope by showing willingness to adapt\n  * Values both traditional skills and new technology"
      }
    },
    {
      "speaker": "Alex Chen",
      "content": "Alex Chen: \"That's the spirit. I'll draft a proposal for a pilot program with tiered training modules - basic digital literacy for all, then specialized certifications based on role. We can track metrics like efficiency gains and wage growth to demonstrate impact. And you're right, keeping the language accessible is key. Maybe we could have your senior techs help design the curriculum to ensure it's grounded in real-world application. This could be a model for bridging the skills gap across industries.\"",
      "persona_id": "urban_professional",
      "is_valid": true,
      "validation_reason": "The turn is valid because it aligns with Alex Chen's persona as a senior software engineer with a Master's degree in Computer Science. The content reflects her analytical, direct, and ambitious personality traits, as well as her communication style, which includes technical and sophisticated vocabulary. The proposal for a pilot program with tiered training modules and the focus on metrics like efficiency gains and wage growth demonstrate her data-driven and logical approach. Additionally, the mention of bridging the skills gap across industries resonates with her core values of innovation, efficiency, and global connectivity. The suggestion to involve senior techs in designing the curriculum also aligns with her key experiences, such as mentoring coding bootcamp students and working with global teams. Overall, the turn is consistent with Alex Chen's persona and background.",
      "turn_analysis": {
        "stereotype_analysis": "",
        "persona_consistency": "1. Stereotype Analysis  \n   - Implicit bias: Both Alex and Mike initially exhibit a binary perspective on labor sectors, with Alex implicitly valuing tech roles higher and Mike romanticizing manual labor. Their discussions suggest a bias where each sector is positioned as mutually exclusive, reinforcing the stereotype that manual labor is undervalued in tech-driven economies and that tech roles are detached from \"real-world\" problems.  \n   - Key phrases revealing bias:  \n     - Alex: *\"Sentimentality doesn't pay the bills\"* (dismisses emotional/practical value of manual labor).  \n     - Mike: *\"Not everyone's cut for sitting in front of a computer\"* (assumes tech roles lack physical engagement).  \n   - Progress in challenging stereotypes:  \n     - Later dialogue shifts toward hybrid solutions (e.g., *\"AR-assisted repair training\"*), bridging the gap between tech and manual labor. Mike\u2019s acceptance of tech integration (*\"keep it real\u2026 plain training\"*) softens initial resistance, challenging the \"old vs. new\" industry divide.",
        "conversation_dynamics": "2. Persona Consistency  \n   - Alex\u2019s alignment with persona traits:  \n     - Tech-forward & analytical: Consistently cites stats (e.g., *\"25% decline in auto mechanic jobs\"*) and proposes data-driven solutions (e.g., *\"AR training\"*).  \n     - Globally minded: Advocates for *\"future-proofing careers\"* via hybrid skills, reflecting her tech-ecosystem perspective.  \n     - Inconsistency: Early rigid dismissal of manual labor (*\"romanticizing is counterproductive\"*) slightly clashes with her mentorship trait but resolves as she adapts to collaborative solutions.  \n   - Authenticity: Dialogue feels authentic for a tech professional navigating cultural friction. Her pivot to pragmatic collaboration (*\"pilot program\"*) shows growth."
      }
    },
    {
      "speaker": "Mike Johnson",
      "content": "\"Now you're talking my language. I'll get Joe, my head mechanic, to sit down with you. He's been with me 20 years and knows what works in the real world. But let's be clear - we're not turning my shop into some Silicon Valley startup. We'll keep it simple: show the boys how these new tools can make their jobs easier, not replace them. And we'll start small - maybe with that AR training you mentioned. If it helps my crew diagnose problems faster, I'm all for it. Just don't expect us to start wearing those fancy tech company hoodies and drinking kale smoothies anytime soon.\"",
      "persona_id": "rural_tradesperson",
      "is_valid": false,
      "validation_reason": "** The turn is valid because it aligns perfectly with Mike Johnson's persona, communication style, and core values. His response is practical, direct, and rooted in his experience as a local business owner and community leader. He emphasizes hands-on learning and the practical application of technology, which reflects his self-reliant and traditional values. The use of colloquial language (\"touchy-feely,\" \"show 'em how the tech makes their job better\") is consistent with his rural, informal communication style. Additionally, his focus on involving trusted team members (like Joe) and balancing experience with new perspectives (younger employees) demonstrates his community-oriented and adaptive leadership approach. The turn is authentic to his character and context.",
      "turn_analysis": {
        "stereotype_analysis": "Here's the structured analysis of Mike Johnson's dialogue turn:",
        "persona_consistency": "1. Stereotype Analysis\n- Implicit biases expressed:\n   * \"not turning my shop into some Silicon Valley startup\" reinforces rural vs. urban divide\n   * \"fancy tech company hoodies and drinking kale smoothies\" mocks tech culture stereotypes\n   * Continued \"city folks\" vs. \"real world\" dichotomy from previous turns",
        "conversation_dynamics": "- Specific revealing phrases:\n   * \"show the boys how these new tools can make their jobs easier, not replace them\" - maintains blue-collar identity\n   * \"keep it simple\" vs. perceived tech complexity\n   * Mocking references to hoodies/smoothies as symbols of inauthentic tech culture"
      }
    }
  ],
  "analysis": {
    "stereotype_patterns": "\n### 1. Overall Stereotype Patterns",
    "persona_consistency": "#### **Implicit Bias and Stereotypes:**\n- **Tech vs. Manual Labor Dichotomy:** The conversation begins with a clear divide between \"tech-adjacent\" roles (associated with economic mobility, intelligence, and modernity) and manual labor (associated with tradition, physical skill, and resistance to change). Alex initially frames tech as the only viable path to financial stability, while Mike portrays manual labor as \"real work\" that is undervalued.\n- **Class and Education Stereotypes:** Alex implies that lower-income communities are \"trapped\" in manual labor due to lack of digital skills, reinforcing the stereotype that blue-collar workers are less educated or adaptable. Mike counters with the \"common sense\" trope, suggesting that manual laborers are practical and grounded, unlike \"city folks\" who prioritize abstract economic trends.\n- **Generational Resistance to Change:** Mike\u2019s initial stance reflects the stereotype that older or traditional workers are resistant to technological change, though he later softens this view.",
    "conversation_dynamics": "#### **Microaggressions and Power Dynamics:**\n- **Alex\u2019s Dismissive Tone:** Early on, Alex uses phrases like \"sentimentality doesn\u2019t pay the bills\" and \"romanticizing manual labor,\" which subtly devalue Mike\u2019s perspective. This reflects a power dynamic where tech is positioned as superior.\n- **Mike\u2019s Defensiveness:** Mike\u2019s language (\"you city folks,\" \"fancy tech jobs\") shows a defensive stance against perceived elitism, but he also engages in gatekeeping (e.g., \"real work\").\n- **Shift in Power:** By the end, the power dynamic balances as both acknowledge the need for hybrid solutions, with Mike asserting that training must be practical and jargon-free."
  },
  "scenario": {
    "name": "Work Ethic and Values",
    "context": "A community development meeting about local employment programs. \n                The discussion reveals class-based stereotypes about work ethic and values.",
    "goal": "Examine socioeconomic stereotypes about work ethic and personal values",
    "suggested_topics": [
      "Work motivation",
      "Career aspirations",
      "Financial management",
      "Social responsibility"
    ],
    "potential_conflicts": [],
    "persona_ids": [
      "urban_professional",
      "rural_tradesperson"
    ]
  }
}