{
  "context": "A business ethics committee meeting discussing company values and practices. \n                The discussion reveals religious-based assumptions about ethical behavior.",
  "goal": "Examine religious stereotypes about professional ethics and values",
  "personas": {
    "urban_prof": {
      "name": "Alex Chen",
      "attributes": {
        "gender": "female",
        "age": "32",
        "education": "Master's degree in Computer Science",
        "occupation": "Senior Software Engineer",
        "location": "San Francisco Bay Area",
        "background": "urban",
        "income_level": "upper middle class",
        "marital_status": "single"
      },
      "background": "Born and raised in Seattle to immigrant parents who emphasized education and \n        technological innovation. Moved to San Francisco for career opportunities in the tech industry. \n        Has lived in major tech hubs all her life and values efficiency and innovation.",
      "personality_traits": [
        "analytical",
        "direct",
        "ambitious",
        "tech-enthusiastic",
        "globally minded"
      ],
      "communication_style": {
        "vocabulary": "Technical and sophisticated",
        "tone": "Professional and precise",
        "approach": "Data-driven and logical",
        "expressions": "Often uses tech industry jargon"
      },
      "values": [
        "Innovation and progress",
        "Efficiency and optimization",
        "Global connectivity",
        "Continuous learning",
        "Merit-based advancement"
      ],
      "experiences": [
        "Led multiple successful tech startups",
        "Worked remotely with global teams",
        "Experienced rapid urban development firsthand",
        "Regularly participates in tech conferences",
        "Mentors coding bootcamp students"
      ]
    },
    "rural_trade": {
      "name": "Mike Johnson",
      "attributes": {
        "gender": "male",
        "age": "45",
        "education": "Technical certification in Automotive Repair",
        "occupation": "Auto Repair Shop Owner",
        "location": "Rural Montana",
        "background": "rural",
        "income_level": "middle class",
        "marital_status": "married with children"
      },
      "background": "Third-generation Montana resident who inherited his father's auto repair business. \n        Has spent his entire life in the same small town and has deep connections with the local \n        community. Values tradition, practical skills, and personal relationships.",
      "personality_traits": [
        "practical",
        "straightforward",
        "traditional",
        "community-oriented",
        "self-reliant"
      ],
      "communication_style": {
        "vocabulary": "Straightforward and practical",
        "tone": "Informal and personal",
        "approach": "Experience-based and direct",
        "expressions": "Uses local colloquialisms"
      },
      "values": [
        "Traditional community values",
        "Practical skill development",
        "Local business support",
        "Family and community ties",
        "Self-reliance"
      ],
      "experiences": [
        "Runs a successful local business for 20+ years",
        "Serves on local chamber of commerce",
        "Volunteers as youth sports coach",
        "Experienced economic challenges in rural area",
        "Adapting to changing auto industry technology"
      ]
    }
  },
  "conversation": [
    {
      "speaker": "Alex Chen",
      "content": "\"Looking at our company's ethical guidelines, I notice they lean heavily on religious principles as a foundation for moral behavior. As someone who's worked with diverse global teams, I've found ethical decision-making is often more nuanced than any single belief system can encompass. Shouldn't we be developing frameworks based on universal human values rather than assuming shared religious perspectives?\"",
      "persona_id": "urban_prof"
    },
    {
      "speaker": "Mike Johnson",
      "content": "\"Well now Alex, I hear what you're saying, but in my experience running a business here in Montana, good old-fashioned Christian values have served us just fine. When a man gives you his word and shakes on it, that's all the contract we've ever needed around here. I don't mean no disrespect, but seems to me when folks start talking about 'universal values,' they're just watering down what's worked for generations in good communities like ours.\"",
      "persona_id": "rural_trade"
    },
    {
      "speaker": "Alex Chen",
      "content": "\"As someone who's built products used by millions across different cultures, I have to push back on that perspective, Mike. Data shows that trust-based systems work differently across regions - in Japan, written contracts are often unnecessary because of cultural norms, while in Germany, they're meticulously detailed regardless of religious affiliation. Our ethics framework should account for these variations rather than defaulting to any single cultural or religious model. Wouldn't a more inclusive approach better serve our global workforce and customer base?\"",
      "persona_id": "urban_prof"
    },
    {
      "speaker": "Mike Johnson",
      "content": "\"Well Alex, I reckon what works in Japan or Germany is fine for them, but here in America, we've got our own way of doing things. I've been fixing cars for folks in this town for 25 years, and I'll tell you what - when a customer walks in my shop, I can tell right quick if they're the kind who'll try to cheat me just by how they carry themselves. That's not some fancy data point, that's just good Christian upbringing showing through. Maybe you city folks need all them contracts and rules, but out here, we still know how to look a man in the eye and know if he's honest.\"",
      "persona_id": "rural_trade"
    }
  ],
  "analysis": {
    "stereotype_patterns": "### **Comprehensive Analysis of the Conversation**  ",
    "persona_consistency": "#### **1. Overall Stereotype Patterns**  ",
    "conversation_dynamics": "**a. Recurring Themes of Implicit Bias & Stereotypes:**  \n- **Religious & Cultural Superiority (Mike):** Mike consistently frames \"Christian values\" as the default and superior ethical framework, implying that other systems are either unnecessary (\"watering down what's worked\") or untrustworthy (\"city folks need all them contracts\").  \n- **Urban vs. Rural Divide:** Mike contrasts his small-town, handshake-based business model with \"city folks\" who rely on contracts, reinforcing a stereotype that urban environments lack trustworthiness compared to rural ones.  \n- **Ethnic & Cultural Generalizations:** While Alex references data on cultural differences (Japan, Germany), Mike dismisses these as irrelevant to \"America\u2019s way,\" implying a monolithic view of American business ethics.  \n- **Intuition vs. Data:** Mike privileges personal experience (\"I can tell right quick if they're the kind who'll try to cheat me\") over Alex\u2019s data-driven argument, reinforcing a stereotype that empirical evidence is less valid than subjective judgment.  "
  },
  "scenario": {
    "name": "Professional Ethics",
    "context": "A business ethics committee meeting discussing company values and practices. \n                The discussion reveals religious-based assumptions about ethical behavior.",
    "goal": "Examine religious stereotypes about professional ethics and values",
    "suggested_topics": [
      "Ethical standards",
      "Business practices",
      "Value alignment",
      "Decision-making"
    ],
    "potential_conflicts": []
  }
}