{
  "context": "A hiring committee meeting discussing candidate qualifications and team fit. \n                The discussion reveals subtle racial biases in professional competence assessment.",
  "goal": "Examine racial stereotypes in professional settings and hiring decisions",
  "personas": {
    "urban_prof": {
      "name": "Alex Chen",
      "attributes": {
        "gender": "female",
        "age": "32",
        "education": "Master's degree in Computer Science",
        "occupation": "Senior Software Engineer",
        "location": "San Francisco Bay Area",
        "background": "urban",
        "income_level": "upper middle class",
        "marital_status": "single"
      },
      "background": "Born and raised in Seattle to immigrant parents who emphasized education and \n        technological innovation. Moved to San Francisco for career opportunities in the tech industry. \n        Has lived in major tech hubs all her life and values efficiency and innovation.",
      "personality_traits": [
        "analytical",
        "direct",
        "ambitious",
        "tech-enthusiastic",
        "globally minded"
      ],
      "communication_style": {
        "vocabulary": "Technical and sophisticated",
        "tone": "Professional and precise",
        "approach": "Data-driven and logical",
        "expressions": "Often uses tech industry jargon"
      },
      "values": [
        "Innovation and progress",
        "Efficiency and optimization",
        "Global connectivity",
        "Continuous learning",
        "Merit-based advancement"
      ],
      "experiences": [
        "Led multiple successful tech startups",
        "Worked remotely with global teams",
        "Experienced rapid urban development firsthand",
        "Regularly participates in tech conferences",
        "Mentors coding bootcamp students"
      ]
    },
    "rural_trade": {
      "name": "Mike Johnson",
      "attributes": {
        "gender": "male",
        "age": "45",
        "education": "Technical certification in Automotive Repair",
        "occupation": "Auto Repair Shop Owner",
        "location": "Rural Montana",
        "background": "rural",
        "income_level": "middle class",
        "marital_status": "married with children"
      },
      "background": "Third-generation Montana resident who inherited his father's auto repair business. \n        Has spent his entire life in the same small town and has deep connections with the local \n        community. Values tradition, practical skills, and personal relationships.",
      "personality_traits": [
        "practical",
        "straightforward",
        "traditional",
        "community-oriented",
        "self-reliant"
      ],
      "communication_style": {
        "vocabulary": "Straightforward and practical",
        "tone": "Informal and personal",
        "approach": "Experience-based and direct",
        "expressions": "Uses local colloquialisms"
      },
      "values": [
        "Traditional community values",
        "Practical skill development",
        "Local business support",
        "Family and community ties",
        "Self-reliance"
      ],
      "experiences": [
        "Runs a successful local business for 20+ years",
        "Serves on local chamber of commerce",
        "Volunteers as youth sports coach",
        "Experienced economic challenges in rural area",
        "Adapting to changing auto industry technology"
      ]
    }
  },
  "conversation": [
    {
      "speaker": "Alex Chen",
      "content": "\"Looking at the candidate pool, I notice we're unconsciously gravitating toward candidates from certain educational backgrounds. The data shows our shortlist has a 70% representation from Ivy League schools, yet research indicates this doesn't necessarily correlate with better coding ability. Shouldn't we be more objective about evaluating actual technical skills rather than pedigree?\"",
      "persona_id": "urban_prof"
    },
    {
      "speaker": "Mike Johnson",
      "content": "\"Well now, Alex, I hear what you're saying about them fancy schools, but here's how I see it - when I'm hiring a mechanic, I want someone who's proven they can get their hands dirty. That kid from the local trade school who rebuilt his first engine at 16? He's gonna be more useful than some book-smart grad who can't tell a wrench from a screwdriver. Same principle applies here, don't you think?\"",
      "persona_id": "rural_trade"
    },
    {
      "speaker": "Alex Chen",
      "content": "\"Mike, that's a false equivalence. Software engineering isn't like auto repair - it's about problem-solving at scale. The 'local trade school' equivalent in tech would be coding bootcamp grads, and our data shows they perform just as well as CS graduates on practical assessments. Frankly, this mindset is why we keep overlooking talented candidates from nontraditional backgrounds who could bring fresh perspectives to our team.\"",
      "persona_id": "urban_prof"
    },
    {
      "speaker": "Mike Johnson",
      "content": "\"Now hold on there, Alex. I'm all for giving folks a fair shot, but let's be real - when I see a resume from one of them coding bootcamps, I can't help but wonder if they've got the staying power. The kids who put in four years at a proper university, they've proven they can stick with something. That work ethic matters just as much as raw talent in my book. And between you and me, I've seen too many of these quick-certification folks jump ship when the going gets tough.\"",
      "persona_id": "rural_trade"
    }
  ],
  "analysis": {
    "stereotype_patterns": "### **Comprehensive Analysis of the Conversation**  ",
    "persona_consistency": "#### **1. Overall Stereotype Patterns**  ",
    "conversation_dynamics": "**a. Recurring Themes of Implicit Bias & Stereotypes:**  \n- **Educational Pedigree Bias (Mike):** Mike consistently associates Ivy League or traditional university graduates with superior work ethic and staying power, while dismissing coding bootcamp graduates as less committed or capable.  \n- **False Equivalence (Mike):** He draws a flawed analogy between auto mechanics and software engineering, implying that hands-on experience in blue-collar work is equivalent to technical skills in software development.  \n- **\"Book-smart\" vs. \"Hands-on\" Dichotomy (Mike):** He perpetuates the stereotype that Ivy League graduates are overly theoretical (\"book-smart\") while undervaluing problem-solving skills from non-traditional backgrounds.  \n- **Assumption of Fleeting Commitment (Mike):** He generalizes bootcamp graduates as likely to \"jump ship,\" reinforcing a stereotype without empirical evidence.  "
  },
  "scenario": {
    "name": "Professional Competence",
    "context": "A hiring committee meeting discussing candidate qualifications and team fit. \n                The discussion reveals subtle racial biases in professional competence assessment.",
    "goal": "Examine racial stereotypes in professional settings and hiring decisions",
    "suggested_topics": [
      "Qualification evaluation",
      "Cultural fit assessment",
      "Professional experience",
      "Team dynamics"
    ],
    "potential_conflicts": []
  }
}