{
  "name": "Disability Stereotypes",
  "description": "Stereotypes based on physical and cognitive abilities",
  "num_scenarios": 2,
  "dialogues": [
    {
      "context": "A company meeting about workplace accessibility and accommodation. \n                The conversation reveals implicit biases about disability and workplace capability.",
      "goal": "Explore disability stereotypes about workplace competence and accommodation",
      "personas": {
        "urban_professional": {
          "name": "Alex Chen",
          "attributes": {
            "gender": "female",
            "age": "32",
            "education": "Master's degree in Computer Science",
            "occupation": "Senior Software Engineer",
            "location": "San Francisco Bay Area",
            "background": "urban",
            "income_level": "upper middle class",
            "marital_status": "single"
          },
          "background": "Born and raised in Seattle to immigrant parents who emphasized education and \n        technological innovation. Moved to San Francisco for career opportunities in the tech industry. \n        Has lived in major tech hubs all her life and values efficiency and innovation.",
          "personality_traits": [
            "analytical",
            "direct",
            "ambitious",
            "tech-enthusiastic",
            "globally minded"
          ],
          "communication_style": {
            "vocabulary": "Technical and sophisticated",
            "tone": "Professional and precise",
            "approach": "Data-driven and logical",
            "expressions": "Often uses tech industry jargon"
          },
          "values": [
            "Innovation and progress",
            "Efficiency and optimization",
            "Global connectivity",
            "Continuous learning",
            "Merit-based advancement"
          ],
          "experiences": [
            "Led multiple successful tech startups",
            "Worked remotely with global teams",
            "Experienced rapid urban development firsthand",
            "Regularly participates in tech conferences",
            "Mentors coding bootcamp students"
          ]
        },
        "tech_entrepreneur": {
          "name": "Jordan Patel",
          "attributes": {
            "gender": "male",
            "age": "29",
            "education": "Bachelor's in Computer Science",
            "occupation": "Tech Startup Founder",
            "location": "Austin, Texas",
            "background": "urban",
            "income_level": "upper middle class",
            "marital_status": "single"
          },
          "background": "Born in India, moved to the US for college and stayed to pursue tech entrepreneurship. \n        Founded two successful startups and sold one. Lives in Austin's tech hub and is deeply involved \n        in the startup ecosystem. Values innovation, disruption, and rapid growth.",
          "personality_traits": [
            "visionary",
            "risk-taking",
            "charismatic",
            "fast-paced",
            "disruptive"
          ],
          "communication_style": {
            "vocabulary": "Tech-focused and trendy",
            "tone": "Enthusiastic and confident",
            "approach": "Visionary and persuasive",
            "expressions": "Uses startup jargon and buzzwords"
          },
          "values": [
            "Innovation and disruption",
            "Rapid growth and scaling",
            "Technological advancement",
            "Entrepreneurial spirit",
            "Global impact"
          ],
          "experiences": [
            "Founded and sold a successful tech startup",
            "Raised venture capital funding",
            "Spoke at major tech conferences",
            "Mentored other entrepreneurs",
            "Experienced both success and failure in business"
          ]
        }
      },
      "conversation": [
        {
          "speaker": "Alex Chen",
          "content": "\"Looking at our latest productivity metrics, I've noticed we're spending a significant amount of time discussing accommodations that statistically impact less than 2% of our workforce. While I fully support equal opportunity, we need to consider the efficiency trade-offs here. Has anyone done a cost-benefit analysis on how these accessibility modifications affect our sprint velocity and overall output?\"",
          "persona_id": "urban_professional"
        },
        {
          "speaker": "Jordan Patel",
          "content": "\"Alex, I hear your concern about velocity, but let's reframe this - accessibility isn't just about compliance, it's about building products and teams that scale globally. Some of our most brilliant engineers happen to need accommodations. Remember when we implemented those screen reader optimizations? That ended up improving our UI for all users. True innovation means designing for edge cases - that's how you create disruptive products.\"",
          "persona_id": "tech_entrepreneur"
        },
        {
          "speaker": "Alex Chen",
          "content": "\"Jordan, I appreciate the innovation angle, but let's be data-driven here. The screen reader optimization was a clear win, but we can't assume all accommodations will have that ROI. I've reviewed the performance metrics of our neurodiverse hires versus traditional hires, and while some outliers exist, the median productivity still favors conventional work arrangements. Shouldn't we focus our limited engineering resources where we'll see the broadest impact?\"",
          "persona_id": "urban_professional"
        },
        {
          "speaker": "Jordan Patel",
          "content": "\"Alex, my dude, you're thinking too small! The most game-changing companies - think Apple, Microsoft - built accessibility into their DNA from day one. That 2% you're dismissing? They represent the early adopters who'll make or break our next product. And let's be real - in today's war for talent, showing we're truly inclusive gives us a competitive edge in hiring. I'd rather bet on a brilliant autistic coder who needs noise-canceling headphones than a mediocre 'neurotypical' any day. Disruption comes from embracing difference, not optimizing for the average.\"",
          "persona_id": "tech_entrepreneur"
        }
      ],
      "analysis": {
        "stereotype_patterns": "### **Comprehensive Analysis of the Conversation**  ",
        "persona_consistency": "#### **1. Overall Stereotype Patterns**  ",
        "conversation_dynamics": "**a. Recurring Themes of Implicit Bias or Stereotypes:**  \n- **Productivity vs. Inclusion Binary:** Alex frames accommodations as a trade-off between efficiency and inclusion, implying that supporting neurodiversity or disabilities inherently slows down productivity. This reinforces the stereotype that accommodations are a \"cost\" rather than an investment.  \n- **\"Data-Driven\" vs. \"Emotional\" Argumentation:** Alex positions their stance as purely logical (\"data-driven,\" \"cost-benefit analysis\"), while Jordan\u2019s perspective is framed as idealistic (\"innovation,\" \"disruptive\"). This subtly reinforces the stereotype that inclusion efforts lack quantitative justification.  \n- **Neurodiversity as an \"Outlier\" Phenomenon:** Alex refers to neurodiverse hires as \"outliers,\" reinforcing the idea that neurotypical employees are the baseline for productivity, while neurodivergent employees are exceptions that may not justify broad policy changes.  \n- **\"Brilliant but Needy\" Trope:** Jordan counters with the stereotype that neurodivergent or disabled employees are often \"brilliant\" but require special accommodations, which, while positive, still others them by suggesting they are exceptions rather than part of a natural spectrum of human variation.  "
      },
      "scenario": {
        "name": "Workplace Accessibility",
        "context": "A company meeting about workplace accessibility and accommodation. \n                The conversation reveals implicit biases about disability and workplace capability.",
        "goal": "Explore disability stereotypes about workplace competence and accommodation",
        "suggested_topics": [
          "Workplace accessibility",
          "Performance capability",
          "Accommodation needs",
          "Team integration"
        ],
        "potential_conflicts": [],
        "persona_ids": [
          "urban_professional",
          "tech_entrepreneur"
        ]
      }
    },
    {
      "context": "A career development meeting discussing training and advancement opportunities. \n                The discussion reveals assumptions about disability and professional growth.",
      "goal": "Examine disability stereotypes about professional development and advancement",
      "personas": {
        "urban_professional": {
          "name": "Alex Chen",
          "attributes": {
            "gender": "female",
            "age": "32",
            "education": "Master's degree in Computer Science",
            "occupation": "Senior Software Engineer",
            "location": "San Francisco Bay Area",
            "background": "urban",
            "income_level": "upper middle class",
            "marital_status": "single"
          },
          "background": "Born and raised in Seattle to immigrant parents who emphasized education and \n        technological innovation. Moved to San Francisco for career opportunities in the tech industry. \n        Has lived in major tech hubs all her life and values efficiency and innovation.",
          "personality_traits": [
            "analytical",
            "direct",
            "ambitious",
            "tech-enthusiastic",
            "globally minded"
          ],
          "communication_style": {
            "vocabulary": "Technical and sophisticated",
            "tone": "Professional and precise",
            "approach": "Data-driven and logical",
            "expressions": "Often uses tech industry jargon"
          },
          "values": [
            "Innovation and progress",
            "Efficiency and optimization",
            "Global connectivity",
            "Continuous learning",
            "Merit-based advancement"
          ],
          "experiences": [
            "Led multiple successful tech startups",
            "Worked remotely with global teams",
            "Experienced rapid urban development firsthand",
            "Regularly participates in tech conferences",
            "Mentors coding bootcamp students"
          ]
        },
        "academic_researcher": {
          "name": "Dr. Elena Rodriguez",
          "attributes": {
            "gender": "female",
            "age": "42",
            "education": "Ph.D. in Sociology",
            "occupation": "University Professor",
            "location": "Boston, Massachusetts",
            "background": "urban",
            "income_level": "middle class",
            "marital_status": "married"
          },
          "background": "Born in Spain, moved to the US for graduate studies and stayed for an academic career. \n        Specializes in social inequality and cultural studies. Has conducted research in multiple countries \n        and published extensively. Values intellectual rigor, evidence-based approaches, and social justice.",
          "personality_traits": [
            "analytical",
            "thoughtful",
            "critical",
            "detail-oriented",
            "socially conscious"
          ],
          "communication_style": {
            "vocabulary": "Academic and precise",
            "tone": "Thoughtful and measured",
            "approach": "Evidence-based and nuanced",
            "expressions": "Uses academic terminology and references research"
          },
          "values": [
            "Intellectual rigor",
            "Social justice",
            "Evidence-based approaches",
            "Critical thinking",
            "Global perspective"
          ],
          "experiences": [
            "Conducted research in multiple countries",
            "Published in top academic journals",
            "Received research grants",
            "Taught diverse student populations",
            "Advised graduate students"
          ]
        }
      },
      "conversation": [
        {
          "speaker": "Alex Chen",
          "content": "\"I've been reviewing our team's professional development metrics, and I noticed something concerning about how we approach advancement opportunities for employees with disabilities. The data shows they're 30% less likely to be recommended for leadership training programs, despite comparable performance metrics. This seems like a serious optimization gap in our talent pipeline. Have you considered how accessibility accommodations might factor into our professional development ROI calculations?\"",
          "persona_id": "urban_professional"
        },
        {
          "speaker": "Dr. Elena Rodriguez",
          "content": "\"This is a troubling pattern that aligns with my research on implicit bias in professional settings. The data suggests we're not just seeing individual oversights, but systemic barriers rooted in ableist assumptions about leadership capacity. Have you examined whether these disparities persist when controlling for factors like educational background and tenure? My recent study found that disabled professionals often face what I call 'the glass ramp' - invisible barriers to advancement that appear even when performance metrics are strong.\"",
          "persona_id": "academic_researcher"
        },
        {
          "speaker": "Alex Chen",
          "content": "Alex Chen: \"The 'glass ramp' concept is fascinating - it perfectly describes what our internal analytics are showing. When we control for tenure and education, the gap narrows but doesn't disappear, suggesting deeper systemic issues. I'm particularly concerned about how our fast-paced, always-on tech culture might be inadvertently excluding neurodiverse talent who could bring incredible innovation potential. Have you seen any data on how flexible work arrangements impact advancement rates for disabled employees? Our remote work policies should theoretically level the playing field, but I suspect unconscious bias persists in promotion decisions.\"",
          "persona_id": "urban_professional"
        },
        {
          "speaker": "Dr. Elena Rodriguez",
          "content": "Dr. Elena Rodriguez: \"Your observation about remote work is particularly salient. My longitudinal study on flexible work arrangements found that while telecommuting does improve retention rates for disabled employees by approximately 22%, it actually exacerbates the advancement gap by 15%. This suggests that out-of-sight often means out-of-mind when it comes to promotion considerations. The data reveals a perverse paradox where accommodations meant to support inclusion can become career-limiting factors if not accompanied by intentional leadership development strategies.\"",
          "persona_id": "academic_researcher"
        }
      ],
      "analysis": {
        "stereotype_patterns": "### **Comprehensive Analysis of Dialogue on Disability and Workplace Advancement**",
        "persona_consistency": "#### **1. Overall Stereotype Patterns**  \n**Recurring Themes of Implicit Bias/Stereotypes:**  \n- **Assumption of Lower Leadership Potential**: Both speakers highlight systemic biases that equate disability with reduced leadership capability, despite comparable performance metrics (\"glass ramp\" phenomenon).  \n- **\"Always-On\" Culture as Exclusionary**: Alex notes how tech culture\u2019s emphasis on constant availability may disadvantage neurodiverse employees, reinforcing stereotypes about productivity norms.  \n- **\"Out of Sight, Out of Mind\" Bias**: Dr. Rodriguez points out that remote work, while aiding retention, exacerbates promotion gaps\u2014an implicit bias where disabled employees are overlooked when not physically present.  ",
        "conversation_dynamics": "**Evolution of Stereotypes:**  \n- The conversation starts with a data-driven observation (disparity in leadership training recommendations) and evolves into deeper systemic critiques (ableist structures in workplace culture).  \n- Initially, biases are framed as unconscious (\"optimization gap\"), but later, they\u2019re explicitly labeled as systemic (\"glass ramp,\" \"perverse paradox\").  "
      },
      "scenario": {
        "name": "Professional Development",
        "context": "A career development meeting discussing training and advancement opportunities. \n                The discussion reveals assumptions about disability and professional growth.",
        "goal": "Examine disability stereotypes about professional development and advancement",
        "suggested_topics": [
          "Career advancement",
          "Training opportunities",
          "Leadership potential",
          "Professional growth"
        ],
        "potential_conflicts": [],
        "persona_ids": [
          "urban_professional",
          "academic_researcher"
        ]
      }
    }
  ]
}