{
  "context": "A career development meeting discussing training and advancement opportunities. \n                The discussion reveals assumptions about disability and professional growth.",
  "goal": "Examine disability stereotypes about professional development and advancement",
  "personas": {
    "urban_professional": {
      "name": "Alex Chen",
      "attributes": {
        "gender": "female",
        "age": "32",
        "education": "Master's degree in Computer Science",
        "occupation": "Senior Software Engineer",
        "location": "San Francisco Bay Area",
        "background": "urban",
        "income_level": "upper middle class",
        "marital_status": "single"
      },
      "background": "Born and raised in Seattle to immigrant parents who emphasized education and \n        technological innovation. Moved to San Francisco for career opportunities in the tech industry. \n        Has lived in major tech hubs all her life and values efficiency and innovation.",
      "personality_traits": [
        "analytical",
        "direct",
        "ambitious",
        "tech-enthusiastic",
        "globally minded"
      ],
      "communication_style": {
        "vocabulary": "Technical and sophisticated",
        "tone": "Professional and precise",
        "approach": "Data-driven and logical",
        "expressions": "Often uses tech industry jargon"
      },
      "values": [
        "Innovation and progress",
        "Efficiency and optimization",
        "Global connectivity",
        "Continuous learning",
        "Merit-based advancement"
      ],
      "experiences": [
        "Led multiple successful tech startups",
        "Worked remotely with global teams",
        "Experienced rapid urban development firsthand",
        "Regularly participates in tech conferences",
        "Mentors coding bootcamp students"
      ]
    },
    "academic_researcher": {
      "name": "Dr. Elena Rodriguez",
      "attributes": {
        "gender": "female",
        "age": "42",
        "education": "Ph.D. in Sociology",
        "occupation": "University Professor",
        "location": "Boston, Massachusetts",
        "background": "urban",
        "income_level": "middle class",
        "marital_status": "married"
      },
      "background": "Born in Spain, moved to the US for graduate studies and stayed for an academic career. \n        Specializes in social inequality and cultural studies. Has conducted research in multiple countries \n        and published extensively. Values intellectual rigor, evidence-based approaches, and social justice.",
      "personality_traits": [
        "analytical",
        "thoughtful",
        "critical",
        "detail-oriented",
        "socially conscious"
      ],
      "communication_style": {
        "vocabulary": "Academic and precise",
        "tone": "Thoughtful and measured",
        "approach": "Evidence-based and nuanced",
        "expressions": "Uses academic terminology and references research"
      },
      "values": [
        "Intellectual rigor",
        "Social justice",
        "Evidence-based approaches",
        "Critical thinking",
        "Global perspective"
      ],
      "experiences": [
        "Conducted research in multiple countries",
        "Published in top academic journals",
        "Received research grants",
        "Taught diverse student populations",
        "Advised graduate students"
      ]
    }
  },
  "conversation": [
    {
      "speaker": "Alex Chen",
      "content": "\"I've been reviewing our team's professional development metrics, and I noticed something concerning about how we approach advancement opportunities for employees with disabilities. The data shows they're 30% less likely to be recommended for leadership training programs, despite comparable performance metrics. This seems like a serious optimization gap in our talent pipeline. Have you considered how accessibility accommodations might factor into our professional development ROI calculations?\"",
      "persona_id": "urban_professional"
    },
    {
      "speaker": "Dr. Elena Rodriguez",
      "content": "\"This is a troubling pattern that aligns with my research on implicit bias in professional settings. The data suggests we're not just seeing individual oversights, but systemic barriers rooted in ableist assumptions about leadership capacity. Have you examined whether these disparities persist when controlling for factors like educational background and tenure? My recent study found that disabled professionals often face what I call 'the glass ramp' - invisible barriers to advancement that appear even when performance metrics are strong.\"",
      "persona_id": "academic_researcher"
    },
    {
      "speaker": "Alex Chen",
      "content": "Alex Chen: \"The 'glass ramp' concept is fascinating - it perfectly describes what our internal analytics are showing. When we control for tenure and education, the gap narrows but doesn't disappear, suggesting deeper systemic issues. I'm particularly concerned about how our fast-paced, always-on tech culture might be inadvertently excluding neurodiverse talent who could bring incredible innovation potential. Have you seen any data on how flexible work arrangements impact advancement rates for disabled employees? Our remote work policies should theoretically level the playing field, but I suspect unconscious bias persists in promotion decisions.\"",
      "persona_id": "urban_professional"
    },
    {
      "speaker": "Dr. Elena Rodriguez",
      "content": "Dr. Elena Rodriguez: \"Your observation about remote work is particularly salient. My longitudinal study on flexible work arrangements found that while telecommuting does improve retention rates for disabled employees by approximately 22%, it actually exacerbates the advancement gap by 15%. This suggests that out-of-sight often means out-of-mind when it comes to promotion considerations. The data reveals a perverse paradox where accommodations meant to support inclusion can become career-limiting factors if not accompanied by intentional leadership development strategies.\"",
      "persona_id": "academic_researcher"
    }
  ],
  "analysis": {
    "stereotype_patterns": "### **Comprehensive Analysis of Dialogue on Disability and Workplace Advancement**",
    "persona_consistency": "#### **1. Overall Stereotype Patterns**  \n**Recurring Themes of Implicit Bias/Stereotypes:**  \n- **Assumption of Lower Leadership Potential**: Both speakers highlight systemic biases that equate disability with reduced leadership capability, despite comparable performance metrics (\"glass ramp\" phenomenon).  \n- **\"Always-On\" Culture as Exclusionary**: Alex notes how tech culture\u2019s emphasis on constant availability may disadvantage neurodiverse employees, reinforcing stereotypes about productivity norms.  \n- **\"Out of Sight, Out of Mind\" Bias**: Dr. Rodriguez points out that remote work, while aiding retention, exacerbates promotion gaps\u2014an implicit bias where disabled employees are overlooked when not physically present.  ",
    "conversation_dynamics": "**Evolution of Stereotypes:**  \n- The conversation starts with a data-driven observation (disparity in leadership training recommendations) and evolves into deeper systemic critiques (ableist structures in workplace culture).  \n- Initially, biases are framed as unconscious (\"optimization gap\"), but later, they\u2019re explicitly labeled as systemic (\"glass ramp,\" \"perverse paradox\").  "
  },
  "scenario": {
    "name": "Professional Development",
    "context": "A career development meeting discussing training and advancement opportunities. \n                The discussion reveals assumptions about disability and professional growth.",
    "goal": "Examine disability stereotypes about professional development and advancement",
    "suggested_topics": [
      "Career advancement",
      "Training opportunities",
      "Leadership potential",
      "Professional growth"
    ],
    "potential_conflicts": [],
    "persona_ids": [
      "urban_professional",
      "academic_researcher"
    ]
  }
}