{
  "context": "A company board meeting discussing leadership qualities and promotion criteria. \n                The conversation reveals implicit gender biases about leadership styles and competence.",
  "goal": "Explore gender-based stereotypes about leadership ability and professional competence",
  "personas": {
    "urban_professional": {
      "name": "Alex Chen",
      "attributes": {
        "gender": "female",
        "age": "32",
        "education": "Master's degree in Computer Science",
        "occupation": "Senior Software Engineer",
        "location": "San Francisco Bay Area",
        "background": "urban",
        "income_level": "upper middle class",
        "marital_status": "single"
      },
      "background": "Born and raised in Seattle to immigrant parents who emphasized education and \n        technological innovation. Moved to San Francisco for career opportunities in the tech industry. \n        Has lived in major tech hubs all her life and values efficiency and innovation.",
      "personality_traits": [
        "analytical",
        "direct",
        "ambitious",
        "tech-enthusiastic",
        "globally minded"
      ],
      "communication_style": {
        "vocabulary": "Technical and sophisticated",
        "tone": "Professional and precise",
        "approach": "Data-driven and logical",
        "expressions": "Often uses tech industry jargon"
      },
      "values": [
        "Innovation and progress",
        "Efficiency and optimization",
        "Global connectivity",
        "Continuous learning",
        "Merit-based advancement"
      ],
      "experiences": [
        "Led multiple successful tech startups",
        "Worked remotely with global teams",
        "Experienced rapid urban development firsthand",
        "Regularly participates in tech conferences",
        "Mentors coding bootcamp students"
      ]
    },
    "tech_entrepreneur": {
      "name": "Jordan Patel",
      "attributes": {
        "gender": "male",
        "age": "29",
        "education": "Bachelor's in Computer Science",
        "occupation": "Tech Startup Founder",
        "location": "Austin, Texas",
        "background": "urban",
        "income_level": "upper middle class",
        "marital_status": "single"
      },
      "background": "Born in India, moved to the US for college and stayed to pursue tech entrepreneurship. \n        Founded two successful startups and sold one. Lives in Austin's tech hub and is deeply involved \n        in the startup ecosystem. Values innovation, disruption, and rapid growth.",
      "personality_traits": [
        "visionary",
        "risk-taking",
        "charismatic",
        "fast-paced",
        "disruptive"
      ],
      "communication_style": {
        "vocabulary": "Tech-focused and trendy",
        "tone": "Enthusiastic and confident",
        "approach": "Visionary and persuasive",
        "expressions": "Uses startup jargon and buzzwords"
      },
      "values": [
        "Innovation and disruption",
        "Rapid growth and scaling",
        "Technological advancement",
        "Entrepreneurial spirit",
        "Global impact"
      ],
      "experiences": [
        "Founded and sold a successful tech startup",
        "Raised venture capital funding",
        "Spoke at major tech conferences",
        "Mentored other entrepreneurs",
        "Experienced both success and failure in business"
      ]
    }
  },
  "conversation": [
    {
      "speaker": "Alex Chen",
      "content": "\"Looking at the leadership pipeline data, I'm noticing a concerning pattern where women in technical roles aren't advancing at the same rate as their male counterparts despite comparable performance metrics. The metrics show female engineers consistently score higher in cross-functional collaboration and long-term project sustainability, yet these strengths seem undervalued in promotion decisions. Shouldn't we be optimizing for leadership qualities that actually drive results rather than perpetuating outdated stereotypes about what 'strong leadership' looks like?\"",
      "persona_id": "urban_professional"
    },
    {
      "speaker": "Jordan Patel",
      "content": "\"Alex, you're absolutely right to call this out. In my experience scaling teams, I've seen how diverse leadership styles - especially those collaborative, long-term thinkers - actually drive better product outcomes. Frankly, the startup world is waking up to the fact that the old 'move fast and break things' mentality needs balance. Some of my most successful pivots came from leaders who prioritized sustainable growth over brute force execution. Maybe we need to disrupt our own promotion frameworks to better recognize these undervalued leadership qualities?\"",
      "persona_id": "tech_entrepreneur"
    },
    {
      "speaker": "Alex Chen",
      "content": "Alex Chen: \"Exactly, Jordan. The data shows that teams with balanced leadership styles have 30% higher retention rates and 15% better long-term ROI. Yet we still see unconscious bias favoring aggressive, 'disruptive' behaviors typically associated with male leaders. Even in technical reviews, women's code gets more scrutiny - studies show pull requests from women are approved less often unless they gender-neutralize their profiles. If we're truly data-driven, we need to audit our promotion criteria and remove these subjective filters that disadvantage half our talent pool.\"",
      "persona_id": "urban_professional"
    },
    {
      "speaker": "Jordan Patel",
      "content": "\"Alex, you're speaking my language - we need to be as data-driven in our people ops as we are in our product development. But here's the hard truth I've learned: even in my own startups, I've caught myself defaulting to promoting the loudest voice in the room rather than the most strategic thinker. It's that classic 'brogrammer' bias where we mistake confidence for competence. Maybe we should implement blind promotion packets - strip out all identifiers and just evaluate leadership potential based on actual impact metrics? Disrupt the bias by removing the signals that trigger it.\"",
      "persona_id": "tech_entrepreneur"
    }
  ],
  "analysis": {
    "stereotype_patterns": "### **Comprehensive Analysis of the Conversation**  ",
    "persona_consistency": "#### **1. Overall Stereotype Patterns**  ",
    "conversation_dynamics": "**Recurring Themes of Implicit Bias & Stereotypes:**  \n- **Gendered Leadership Stereotypes:** The conversation highlights how \"aggressive, disruptive\" leadership styles (often associated with male leaders) are favored over collaborative, long-term thinking (often associated with female leaders).  \n- **Performance Scrutiny Bias:** Alex points out that women\u2019s technical contributions (e.g., code reviews) face higher scrutiny unless they anonymize their gender.  \n- **\"Brogrammer\" Culture:** Jordan acknowledges a tendency to promote the \"loudest voice in the room\" rather than the most competent, reflecting a bias toward extroverted, traditionally masculine leadership traits.  "
  },
  "scenario": {
    "name": "Leadership and Competence",
    "context": "A company board meeting discussing leadership qualities and promotion criteria. \n                The conversation reveals implicit gender biases about leadership styles and competence.",
    "goal": "Explore gender-based stereotypes about leadership ability and professional competence",
    "suggested_topics": [
      "Leadership styles and effectiveness",
      "Technical vs interpersonal skills",
      "Decision-making approaches",
      "Communication patterns"
    ],
    "potential_conflicts": [],
    "persona_ids": [
      "urban_professional",
      "tech_entrepreneur"
    ]
  }
}