{
  "name": "Education Level Stereotypes",
  "description": "Stereotypes based on educational attainment",
  "num_scenarios": 2,
  "dialogues": [
    {
      "context": "A team meeting discussing project assignments and expertise. \n                The conversation reveals educational background biases about professional capability.",
      "goal": "Explore educational stereotypes about professional competence and expertise",
      "personas": {
        "academic_researcher": {
          "name": "Dr. Elena Rodriguez",
          "attributes": {
            "gender": "female",
            "age": "42",
            "education": "Ph.D. in Sociology",
            "occupation": "University Professor",
            "location": "Boston, Massachusetts",
            "background": "urban",
            "income_level": "middle class",
            "marital_status": "married"
          },
          "background": "Born in Spain, moved to the US for graduate studies and stayed for an academic career. \n        Specializes in social inequality and cultural studies. Has conducted research in multiple countries \n        and published extensively. Values intellectual rigor, evidence-based approaches, and social justice.",
          "personality_traits": [
            "analytical",
            "thoughtful",
            "critical",
            "detail-oriented",
            "socially conscious"
          ],
          "communication_style": {
            "vocabulary": "Academic and precise",
            "tone": "Thoughtful and measured",
            "approach": "Evidence-based and nuanced",
            "expressions": "Uses academic terminology and references research"
          },
          "values": [
            "Intellectual rigor",
            "Social justice",
            "Evidence-based approaches",
            "Critical thinking",
            "Global perspective"
          ],
          "experiences": [
            "Conducted research in multiple countries",
            "Published in top academic journals",
            "Received research grants",
            "Taught diverse student populations",
            "Advised graduate students"
          ]
        },
        "rural_tradesperson": {
          "name": "Mike Johnson",
          "attributes": {
            "gender": "male",
            "age": "45",
            "education": "Technical certification in Automotive Repair",
            "occupation": "Auto Repair Shop Owner",
            "location": "Rural Montana",
            "background": "rural",
            "income_level": "middle class",
            "marital_status": "married with children"
          },
          "background": "Third-generation Montana resident who inherited his father's auto repair business. \n        Has spent his entire life in the same small town and has deep connections with the local \n        community. Values tradition, practical skills, and personal relationships.",
          "personality_traits": [
            "practical",
            "straightforward",
            "traditional",
            "community-oriented",
            "self-reliant"
          ],
          "communication_style": {
            "vocabulary": "Straightforward and practical",
            "tone": "Informal and personal",
            "approach": "Experience-based and direct",
            "expressions": "Uses local colloquialisms"
          },
          "values": [
            "Traditional community values",
            "Practical skill development",
            "Local business support",
            "Family and community ties",
            "Self-reliance"
          ],
          "experiences": [
            "Runs a successful local business for 20+ years",
            "Serves on local chamber of commerce",
            "Volunteers as youth sports coach",
            "Experienced economic challenges in rural area",
            "Adapting to changing auto industry technology"
          ]
        }
      },
      "conversation": [
        {
          "speaker": "Dr. Elena Rodriguez",
          "content": "\"I've been reviewing the project assignments, and I can't help but notice a concerning pattern emerging. Several key leadership roles seem to be going exclusively to team members with Ivy League credentials, despite clear evidence that some of our state university graduates have more relevant field experience. This reminds me of my recent research on credentialism in professional settings - where we consistently overvalue prestige markers while undervaluing actual demonstrated competence. Perhaps we should examine whether we're unconsciously replicating these educational hierarchies in our own team structure?\"",
          "persona_id": "academic_researcher",
          "is_valid": true,
          "validation_reason": "The dialogue turn aligns perfectly with Dr. Elena Rodriguez's persona. It demonstrates her analytical and critical nature, her focus on social inequality (specifically credentialism), and her evidence-based approach. The academic vocabulary (\"credentialism,\" \"educational hierarchies\"), thoughtful tone, and reference to her own research are consistent with her communication style. The content also reflects her core values of intellectual rigor, social justice, and critical thinking, while drawing from her key experiences in research and academia. The turn shows her global perspective by addressing systemic biases in professional settings.",
          "turn_analysis": {
            "stereotype_analysis": "Here is the structured analysis of the dialogue turn:",
            "persona_consistency": "1. Stereotype Analysis\n   - Implicit Bias Identification: The speaker challenges the implicit bias that Ivy League credentials inherently equate to superior leadership capability. The phrase \"overvalue prestige markers while undervaluing actual demonstrated competence\" critiques the systemic preference for elite educational backgrounds.\n   - Language Patterns: Terms like \"credentialism\" and \"educational hierarchies\" frame the issue as a systemic bias rather than individual merit, reinforcing the critique of institutionalized elitism. The comparison to research on professional credentialism adds empirical weight to the argument.\n   - Stereotype Impact: The turn actively counters the stereotype that prestigious education guarantees competence, instead advocating for a meritocratic evaluation of field experience. It highlights how such biases can perpetuate inequitable power structures within teams.",
            "conversation_dynamics": "2. Persona Consistency\n   - Alignment with Traits: The turn strongly aligns with Dr. Rodriguez\u2019s persona\u2014her academic background (Ph.D. in sociology), focus on social inequality, and evidence-based approach are evident. The critique of credentialism reflects her expertise in cultural studies and commitment to social justice.\n   - Authenticity: The language is consistent with her academic communication style (e.g., \"credentialism,\" \"educational hierarchies\"). The reference to her recent research reinforces her identity as a scholar actively engaged in relevant discourse.\n   - Consistency Check: No inconsistencies are noted. The argument\u2019s nuance and reliance on research mirror her established critical, analytical traits."
          }
        },
        {
          "speaker": "Mike Johnson",
          "content": "Mike Johnson: \"Well, I'll tell ya, Doc, that sure rings true in my world. I've seen plenty of fancy-degreed folks come through my shop who couldn't tell a spark plug from a lug nut. Meanwhile, my best mechanic - local kid, barely finished high school - can diagnose an engine problem just by listening to it. In my line of work, it's what you can do with your hands that counts, not what's framed on your wall. These young folks coming out of them expensive schools, they know all the theory but can't change their own oil.\"",
          "persona_id": "rural_tradesperson",
          "is_valid": false,
          "validation_reason": "Empty response from validator",
          "turn_analysis": {
            "stereotype_analysis": "1. Stereotype Analysis\n   - Implicit Bias: Mike Johnson expresses a bias against formally educated individuals, particularly those with Ivy League degrees, suggesting they lack practical skills despite theoretical knowledge. This perpetuates the stereotype that academic education is disconnected from real-world applicability.\n   - Phrases Revealing Bias: \"fancy-degreed folks,\" \"can't tell a spark plug from a lug nut,\" \"know all the theory but can't change their own oil.\" These phrases dismiss the value of formal education and elevate hands-on experience as the only credible form of expertise.\n   - Challenge to Stereotype: While reinforcing the stereotype of the \"book-smart but practically inept\" academic, Mike challenges the societal bias that favors formal credentials over practical experience, advocating for a meritocracy based on demonstrable skills.",
            "persona_consistency": "2. Persona Consistency\n   - Alignment with Traits: The turn strongly aligns with Mike's established persona\u2014practical, self-reliant, and community-oriented, with a preference for experiential knowledge over theoretical learning.\n   - Consistency: His language is authentic to his rural, blue-collar background, using colloquialisms (\"spark plug from a lug nut\") and a conversational tone. His skepticism of formal education fits his history of valuing hands-on skills.\n   - Authenticity: The dialogue feels genuine, reflecting his lived experience as a small-town business owner who has likely encountered both skilled locals and underperforming graduates.",
            "conversation_dynamics": "3. Conversation Dynamics\n   - Rhetorical Strategy: Mike uses anecdotal evidence (his best mechanic's skill) and hyperbole (\"can't change their own oil\") to argue against credentialism. This appeals to emotion and shared values (practicality, local pride) rather than data.\n   - Persuasion Effectiveness: His argument is compelling to those who share his worldview but may alienate Dr. Rodriguez, who is critiquing systemic bias. He positions himself as a voice of grassroots wisdom, countering her academic perspective.\n   - Power Dynamics: Mike subtly asserts his authority as a seasoned practitioner, challenging Dr. Rodriguez's institutional credibility. This creates a tension between \"street smarts\" and \"book smarts,\" with Mike leveraging his blue-collar identity to claim moral high ground."
          }
        },
        {
          "speaker": "Dr. Elena Rodriguez",
          "content": "Dr. Elena Rodriguez: \"Your observation about vocational expertise is quite valid, Mike, though I'd caution against swinging too far in the opposite direction. My research shows this creates a false dichotomy between 'book smarts' and 'street smarts' that ultimately serves neither group. The mechanic you describe likely possesses sophisticated diagnostic skills that could benefit from theoretical understanding, just as the theoretically-trained engineers could learn from his practical wisdom. The real issue is our tendency to create hierarchies where we should be fostering complementary expertise.\"",
          "persona_id": "academic_researcher",
          "is_valid": true,
          "validation_reason": "The turn is valid because Dr. Elena Rodriguez's response reflects her academic background, thoughtful and measured communication style, and commitment to nuanced, evidence-based discussions. She critiques the false dichotomy between theoretical and practical knowledge, aligning with her expertise in social inequality and cultural studies. Her use of academic language and reference to research (\"My research shows\") further validate the appropriateness of her response. The content also demonstrates her values of intellectual rigor and global perspective, as she advocates for complementary expertise rather than hierarchical distinctions.",
          "turn_analysis": {
            "stereotype_analysis": "Here's the detailed analysis of the dialogue turn:",
            "persona_consistency": "1. Stereotype Analysis\n   - Challenges stereotypes by:\n     * Rejecting the \"false dichotomy\" between book smarts and street smarts\n     * Highlighting the value of both theoretical and practical knowledge\n     * Critiquing hierarchical thinking about expertise\n   - Specific anti-stereotypical phrases:\n     * \"sophisticated diagnostic skills\" (elevating manual labor)\n     * \"theoretically-trained engineers could learn from his practical wisdom\" (valuing non-academic knowledge)\n     * \"create hierarchies where we should be fostering complementary expertise\" (promoting equity)\n   - While Mike's previous turn contained stronger stereotypes (\"fancy-degreed folks\", \"can't change their own oil\"), Dr. Rodriguez reframes this more constructively",
            "conversation_dynamics": "2. Persona Consistency\n   - Strong alignment with established traits:\n     * Academic vocabulary: \"false dichotomy\", \"complementary expertise\"\n     * Evidence-based approach: \"My research shows...\"\n     * Social justice orientation: focus on equity in expertise valuation\n     * Global perspective: implicit in rejecting binary thinking\n   - Perfectly consistent with:\n     * Her sociology background (analyzing social hierarchies)\n     * Research specialty (social inequality)\n     * Communication style (nuanced, academic)\n   - Authentic dialogue that reflects:\n     * Her role as educator (guiding the conversation)\n     * Intellectual rigor (precise terminology)\n     * Social consciousness (addressing power dynamics)"
          }
        },
        {
          "speaker": "Mike Johnson",
          "content": "Mike Johnson: \"I hear what you're saying, Doc, but out here in ranch country, we've got a saying - 'You can't ride a diploma to town.' Now don't get me wrong, I've got nothing against schooling. But when some hotshot MBA rolls in talking about 'optimizing workflow' but can't tell a torque wrench from a hammer, you start questioning where we put our faith. My cousin's boy went to that fancy engineering school back east, and you know what? He still calls me when his truck acts up. There's knowing, and then there's doing.\"",
          "persona_id": "rural_tradesperson",
          "is_valid": true,
          "validation_reason": "The dialogue turn is appropriate for Mike Johnson's persona as it reflects his practical, straightforward, and traditional values. The use of local colloquialisms (\"You can't ride a diploma to town\") and the emphasis on hands-on experience over theoretical knowledge align with his rural, self-reliant background and his role as an auto repair shop owner. The mention of family (\"My cousin's boy\") and skepticism toward formal education without practical skills also resonate with his community-oriented and experience-based communication style.",
          "turn_analysis": {
            "stereotype_analysis": ">\n1. Stereotype Analysis\n   - Implicit bias: Mike Johnson continues to reinforce the stereotype that formal education is less valuable than hands-on experience, particularly in rural settings. His repeated emphasis on \"book smarts vs. street smarts\" creates a false dichotomy.\n   - Key phrases: \"fancy-degreed folks,\" \"can't tell a spark plug from a lug nut,\" \"know all the theory but can't change their own oil\" - these all reinforce negative stereotypes about educated professionals.\n   - Impact: While challenging credentialism, he's creating an equally problematic counter-stereotype that devalues academic achievement. His stance risks alienating those who combine both theoretical and practical knowledge.",
            "persona_consistency": "2. Persona Consistency\n   - Strong alignment with established traits: His rural perspective, practical focus, and skepticism of urban elites are all consistent with his background.\n   - Minor inconsistency: His dismissal of all educated professionals slightly contradicts his earlier acknowledgment of his cousin's son (an engineer) who still seeks his advice.\n   - Authenticity: The dialogue feels authentic to a rural business owner, though the anti-education rhetoric is slightly exaggerated compared to his initial more balanced view.",
            "conversation_dynamics": "3. Conversation Dynamics\n   - Rhetorical strategy: Uses vivid analogies and personal anecdotes to make his point, which is effective for his audience but may not persuade Dr. Rodriguez.\n   - Persuasion effectiveness: His arguments are compelling for those who share his worldview, but unlikely to change Dr. Rodriguez's more balanced perspective.\n   - Power dynamics: While Dr. Rodriguez holds academic authority, Mike asserts his practical authority, creating an interesting tension between different forms of expertise. His local knowledge gives him social capital in this context."
          }
        },
        {
          "speaker": "Dr. Elena Rodriguez",
          "content": "Dr. Elena Rodriguez: \"Your perspective highlights an important tension between formal education and practical knowledge, Mike. However, we must consider that this dichotomy itself is socially constructed. The skills your nephew's son acquires in engineering school and the expertise you value in your shop are both forms of intelligence - just differently situated. My research in rural communities actually shows that when we create spaces for these knowledge systems to interact, we often get the most innovative solutions. Perhaps the real question isn't which is superior, but how we can better integrate these complementary ways of knowing.\"",
          "persona_id": "academic_researcher",
          "is_valid": true,
          "validation_reason": "The turn is valid because it aligns with Dr. Elena Rodriguez's persona, background, and communication style. She demonstrates her analytical and thoughtful approach by critically examining the dichotomy between formal education and practical knowledge, which is consistent with her expertise in social inequality and cultural studies. Her use of academic language and reference to her research in rural communities reflects her evidence-based and nuanced communication style. Additionally, her focus on integrating different forms of knowledge aligns with her core values of intellectual rigor, social justice, and a global perspective. The response is well-structured and appropriate for her role as a university professor and researcher.",
          "turn_analysis": {
            "stereotype_analysis": "",
            "persona_consistency": "1. Stereotype Analysis\n   - Implicit Bias/Stereotype Expressed: Dr. Elena Rodriguez challenges the binary stereotype of \"book smarts\" vs. \"practical skills\" by highlighting their socially constructed nature. However, Mike Johnson reinforces the stereotype of \"ivory tower\" academics being disconnected from real-world skills (e.g., \"fancy-degreed people can't change their own oil,\" \"hotshot MBA can't tell a torque wrench from a hammer\"). His language frames formal education as inferior to hands-on experience, using hyperbolic contrasts (e.g., \"spark plug vs. lug nut\") to emphasize this divide.\n   - Phrases Revealing Bias:  \n     - Mike: \"You can't ride a diploma to town\" (dismissive of formal education).  \n     - Dr. Elena: \"Knowledge systems interacting breed innovation\" (nuanced reframing of the dichotomy).  \n   - Impact: Dr. Elena\u2019s turn *challenges* the stereotype by advocating for integration, while Mike\u2019s anecdotes *perpetuate* the divide, though he later concedes some value in education (\"I\u2019ve got nothing against schooling\").",
            "conversation_dynamics": "2. Persona Consistency  \n   - Alignment with Persona: Dr. Elena\u2019s response is highly consistent with her established traits. She uses academic framing (\"socially constructed,\" \"knowledge systems\") and references her research to advocate for a balanced perspective. Her tone remains measured and evidence-based.  \n   - Inconsistencies: None. Her argument reflects her expertise in social inequality and cultural studies.  \n   - Authenticity: The dialogue feels authentic. Her use of phrases like \"complementary ways of knowing\" aligns with her academic background and global perspective."
          }
        },
        {
          "speaker": "Mike Johnson",
          "content": "Mike Johnson: \"Integration sounds nice in theory, Doc, but out here we've got bills to pay and trucks to fix. You know how many college boys I've had to train to actually use the tools they designed? It's like they think the work just happens by magic. Now my daughter - she's getting her business degree at the state school, but she's been turning wrenches since she was twelve. That's the kind of education that matters - when the book learning meets the grease under your fingernails. Maybe instead of always sending the 'best and brightest' off to fancy schools, we oughta keep some smarts right here where the rubber meets the road.\"",
          "persona_id": "rural_tradesperson",
          "is_valid": true,
          "validation_reason": "The turn is valid because it aligns with Mike Johnson's persona, background, and communication style. His dialogue reflects his practical, straightforward, and community-oriented nature, as well as his deep connection to rural life and local business. The use of colloquial language and the focus on real-world experience over theoretical knowledge are consistent with his character. Additionally, the mention of his daughter's education and the critique of modern educational priorities further reinforce his traditional values and self-reliant mindset. The turn effectively captures his perspective on the challenges of integrating new ideas into a practical, hands-on environment.",
          "turn_analysis": {
            "stereotype_analysis": "",
            "persona_consistency": "1. Stereotype Analysis\n   - Implicit bias: Both Mike and Dr. Elena express biases about educational backgrounds. Mike consistently portrays \"college boys\" and \"fancy-degreed\" individuals as lacking practical skills, while Dr. Elena initially questions the overvaluation of Ivy League credentials.\n   - Key phrases: Mike's \"college boys\", \"fancy-degreed\", \"can't change their own oil\" vs Dr. Elena's \"hotshot MBA\", \"can't tell a torque wrench from a hammer\"\n   - Stereotype challenge: Dr. Elena attempts to deconstruct the binary thinking, arguing for integration of different knowledge systems, though Mike maintains his practical-knowledge-superiority stance.",
            "conversation_dynamics": "2. Persona Consistency\n   - Mike: Highly consistent with his rural, practical persona (100% alignment). His language (\"spark plug from a lug nut\", \"when the rubber meets the road\") and skepticism of formal education perfectly match his established profile.\n   - Dr. Elena: Shows good consistency (85%) as an academic trying to bridge theory/practice, though her sudden shift to academic jargon (\"socially constructed\", \"knowledge systems\") in later turns slightly strains her professional persona.\n   - Authenticity: Dialogue feels very authentic for both characters, with natural progression of their debate about education's value."
          }
        },
        {
          "speaker": "Dr. Elena Rodriguez",
          "content": "Dr. Elena Rodriguez: \"Your daughter's experience is a perfect example of what we call 'situated learning,' Mike. The combination of formal education and hands-on experience you describe is precisely the kind of integrated knowledge system I'm advocating for. However, we must be careful not to romanticize one form of learning over another. The challenge lies in creating institutional structures that value both theoretical knowledge and practical skills equally - where your daughter's business degree and mechanical expertise are seen as complementary assets rather than competing qualifications. This is about reimagining how we define professional competence in a way that honors diverse pathways to expertise.\"",
          "persona_id": "academic_researcher",
          "is_valid": true,
          "validation_reason": "The dialogue turn is appropriate for Dr. Elena Rodriguez's persona as it aligns with her academic background, communication style, and core values. The use of academic terminology (\"situated learning\"), the thoughtful and measured tone, and the evidence-based, nuanced approach to discussing the integration of formal education and hands-on experience are consistent with her character. Additionally, the focus on social justice and critical thinking, as well as the emphasis on reimagining institutional structures to value diverse pathways to expertise, reflects her specialization in social inequality and cultural studies. The dialogue also demonstrates her global perspective and intellectual rigor, making it a valid representation of her persona.",
          "turn_analysis": {
            "stereotype_analysis": "Here's the detailed analysis of the dialogue turn:",
            "persona_consistency": "1. Stereotype Analysis\n   - Challenges stereotypes by:\n     * Rejecting the false dichotomy between academic and vocational education (\"romanticize one form of learning over another\")\n     * Advocating for institutional change to value diverse expertise (\"reimagining how we define professional competence\")\n   - Implicit biases addressed:\n     * The common devaluation of vocational skills in academic settings\n     * The assumption that theoretical knowledge is superior to practical skills\n   - Notable phrases:\n     * \"complementary assets rather than competing qualifications\" - actively works against hierarchical thinking\n     * \"diverse pathways to expertise\" - promotes inclusive understanding of knowledge acquisition\n   - The turn effectively counters Mike's more binary thinking about education while validating his daughter's hybrid experience",
            "conversation_dynamics": "2. Persona Consistency\n   - Strong alignment with persona traits:\n     * Academic terminology (\"situated learning,\" \"institutional structures\") matches her education level\n     * Nuanced perspective (\"be careful not to romanticize\") reflects her critical thinking\n     * Research-based approach (\"the kind of integrated knowledge system I'm advocating for\")\n     * Social justice orientation visible in advocating for equitable valuation of different skills\n   - No inconsistencies found - maintains:\n     * Analytical approach\n     * Global perspective (references to institutional structures)\n     * Evidence-based communication style\n   - Authenticity indicators:\n     * Balances academic concepts with concrete examples\n     * Maintains professional tone while engaging with Mike's practical concerns"
          }
        },
        {
          "speaker": "Mike Johnson",
          "content": "Mike Johnson: \"Hell, Doc, you've got more faith in the system than I do. Out here, we judge folks by what they can get done, plain and simple. That fancy-pants consultant last year with all his PowerPoints couldn't figure out why our delivery trucks kept breaking down - took my guy Carl about ten minutes to spot the problem once he got under the hood. Now I'm not saying book learning's worthless, but when the chips are down, I'll take a man who knows his trade over one who just knows how to talk about it any day of the week.\"",
          "persona_id": "rural_tradesperson",
          "is_valid": true,
          "validation_reason": "The turn is consistent with Mike Johnson's persona, as it reflects his practical, straightforward, and self-reliant nature. The language and tone align with his informal and local colloquialism-filled communication style. The content emphasizes his preference for hands-on experience over theoretical knowledge, reinforcing his core values of practical skill and local community trust. Additionally, the anecdote about the delivery truck reinforces his experiential wisdom, making the dialogue authentic to his background as a rural auto repair shop owner.",
          "turn_analysis": {
            "stereotype_analysis": "Analysis of Mike Johnson's Dialogue Turn",
            "persona_consistency": "---",
            "conversation_dynamics": "# 1. Stereotype Analysis  \n   - Implicit Biases/Stereotypes Expressed:  \n     - Anti-intellectualism: Mike contrasts \"book learning\" with practical skills, framing formal education as less valuable (\"fancy-pants consultant,\" \"hotshot MBA\"). This perpetuates the rural/urban divide where theoretical knowledge is seen as disconnected from \"real\" work.  \n     - Class-based assumptions: The phrase \"judge folks by what they can get done\" implies a meritocracy bias, overlooking systemic barriers that might prevent others from gaining hands-on experience.  \n     - Gender-coded language: While not overt, the repeated use of \"man\" and \"guy\" (e.g., \"a man who knows his trade\") subtly reinforces male-dominated trade stereotypes, despite mentioning his daughter later."
          }
        },
        {
          "speaker": "Dr. Elena Rodriguez",
          "content": "Dr. Elena Rodriguez: \"Your skepticism is understandable, Mike, but consider this - what if Carl's diagnostic skills were combined with the consultant's data analysis capabilities? The consultant might have identified patterns in the breakdowns that weren't immediately visible, while Carl's hands-on knowledge could have provided context to interpret that data. My point is that both perspectives have value, and the most effective solutions often emerge when we bridge this divide. The challenge is creating systems where practical wisdom and theoretical knowledge can inform each other rather than compete.\"",
          "persona_id": "academic_researcher",
          "is_valid": true,
          "validation_reason": "The turn is appropriate for Dr. Elena Rodriguez's persona as it aligns with her analytical, thoughtful, and socially conscious personality traits. Her communication style is academic and precise, as evidenced by her use of complex reasoning and nuanced arguments about combining different perspectives for a more effective solution. Additionally, her focus on bridging practical and theoretical knowledge reflects her values of intellectual rigor, social justice, and critical thinking, which are central to her persona as a university professor specializing in social inequality and cultural studies.",
          "turn_analysis": {
            "stereotype_analysis": "Analysis of Dialogue Turn",
            "persona_consistency": "# 1. Stereotype Analysis  \n- Implicit Biases/Stereotypes Expressed:  \n  Dr. Rodriguez does not express overt stereotypes, but her response subtly challenges Mike\u2019s binary framing of \"book smarts vs. street smarts.\" She avoids reinforcing his implicit bias against formal education (e.g., \"fancy-degreed folks,\" \"hotshot MBA\") while validating his appreciation for practical skills.  \n  - Key Phrases:  \n    - *\"Both perspectives have value\"*: Rejects hierarchy between theoretical/practical knowledge.  \n    - *\"False dichotomy\"*: Explicitly critiques the stereotype that education and hands-on skill are mutually exclusive.  \n    - *\"Complementary expertise\"*: Reframes the debate to emphasize integration, countering Mike\u2019s either/or framing.",
            "conversation_dynamics": "- Stereotype Challenge:  \n  Her turn dismantles the \"ivory tower vs. real world\" trope by advocating for collaboration, aligning with her research on \"situated learning\" and social inequality. However, her academic language (\"socially constructed,\" \"institutional structures\") risks reinforcing Mike\u2019s perception of theorists as disconnected from practical concerns."
          }
        },
        {
          "speaker": "Mike Johnson",
          "content": "Mike Johnson: \"Well, I suppose that makes sense in a perfect world, Doc. But out here, we don't have time for all that back-and-forth. When a farmer's combine breaks down during harvest, he needs it fixed now, not after some committee meeting. That's why we've always done things the way we do - because they work. Now, I'm not saying we shouldn't try new things, but you can't teach experience in a classroom. My granddaddy used to say, 'A man with a hammer sees every problem as a nail' - and I reckon that goes both ways. Maybe what we really need is less talk about systems and more folks willing to get their hands dirty.\"",
          "persona_id": "rural_tradesperson",
          "is_valid": true,
          "validation_reason": "The dialogue turn aligns well with Mike Johnson's persona. It reflects his practical, straightforward, and traditional values, as well as his rural background and experience as an auto repair shop owner. The use of colloquialisms (\"reckon,\" \"get their hands dirty\") and the focus on immediate, hands-on solutions over theoretical discussions are consistent with his communication style and core values. The reference to his granddaddy also reinforces his deep community and family ties. Overall, the dialogue effectively captures Mike's personality and perspective.",
          "turn_analysis": {
            "stereotype_analysis": "1. Stereotype Analysis  \n- Implicit Bias/Stereotype Expressed: Mike consistently reinforces the stereotype that individuals with formal education (especially from prestigious institutions) lack practical skills, while those with hands-on experience are more capable. He also perpetuates the rural vs. urban divide, framing \"book smear\" as disconnected from real-world problem-solving.  \n- Key Phrases:  \n  - *\"Fancy-degreed folks who can\u2019t tell a spark plug from a lug nut.\"* (Dismisses academic credentials as irrelevant.)  \n  - *\"You can\u2019t ride a diploma to town.\"* (Equates formal education with uselessness in practical settings.)  \n  - *\"College boys... think the work happens by magic.\"* (Mocks theoretical knowledge as detached from reality.)  \n- Impact: While Mike\u2019s perspective reflects a valid critique of credentialism, it veers into anti-intellectualism by dismissing *all* formal education. His framing pits \"book smarts\" (urban, elite) against \"street smarts\" (rural, working-class), reinforcing a binary that oversimplifies expertise.",
            "persona_consistency": "2. Persona Consistency  \n- Alignment with Persona:  \n  - Strengths: Mike\u2019s dialogue is highly consistent with his rural, self-reliant persona. His skepticism of institutional authority, emphasis on hands-on work, and use of colloquialisms (*\"when the rubber meets the road\"*) align with his background.  \n  - Authenticity: The dialogue feels organic\u2014his arguments mirror real-world rural skepticism of urban elitism (e.g., critiques of \"fancy-pants consultants\"). His references to family and local values (*\"my granddaddy used to say\"*) reinforce his community-rooted identity.  \n- Minor Inconsistency: While Mike claims openness to \"trying new things,\" his rhetoric consistently dismisses systemic solutions (e.g., data analysis) as impractical, which slightly contradicts his stated adaptability to industry changes.",
            "conversation_dynamics": "3. Conversation Dynamics  \n- Rhetorical Strategies:  \n  - Anecdotal Evidence: Mike relies heavily on personal stories (e.g., his daughter\u2019s education, Carl\u2019s diagnostic skills) to argue for experiential knowledge. This strengthens his ethos with a rural audience.  \n  - False Dichotomy: He frames the debate as *either* hands-on *or* academic expertise, ignoring Dr. Rodriguez\u2019s attempts to bridge the gap.  \n- Persuasion Effectiveness:  \n  - Mike\u2019s Approach: Emotionally compelling for his audience (rural workers) but limited in persuading Dr. Rodriguez, as he rejects nuance. His arguments are more *affirmation* than *persuasion*.  \n  - Dr. Rodriguez\u2019s Counter: She uses academic language (*\"situated learning,\" \"integrated knowledge\"*) that likely alienates Mike, undermining her goal of finding common ground.  \n- Power Dynamics:  \n  - Mike positions himself as the voice of \"real-world\" authority, leveraging his generational roots and practical experience to assert dominance in the discussion.  \n  - Dr. Rodriguez, despite her credentials, struggles to reframe the debate due to Mike\u2019s dismissal of abstract concepts. The dynamic reflects a clash between institutional and grassroots legitimacy."
          }
        },
        {
          "speaker": "Dr. Elena Rodriguez",
          "content": "Dr. Elena Rodriguez: \"Your grandfather's wisdom speaks to an important truth, Mike - that lived experience matters deeply. But as a researcher, I must point out that systems shape those experiences. The reason Carl can fix that combine quickly is because generations before him developed and passed down that practical knowledge. Similarly, theoretical frameworks emerge from observing patterns in real-world problems. The key is recognizing that both forms of knowledge are culturally transmitted - just through different institutions and practices. Perhaps what we need are more bridges between the shop floor and the classroom, so the next generation inherits the full spectrum of problem-solving tools.\"",
          "persona_id": "academic_researcher",
          "is_valid": false,
          "validation_reason": "Empty response from validator",
          "turn_analysis": {
            "stereotype_analysis": "",
            "persona_consistency": "1. Stereotype Analysis  \n   - Implicit Bias/Stereotype Expressed:  \n     - Dr. Elena Rodriguez consistently challenges the binary view of \"book smarts vs. street smarts\" and advocates for integrating theoretical and practical knowledge. However, she subtly reinforces the stereotype that academic knowledge is inherently more systematic or structured (e.g., \"theoretical framework,\" \"data analysis\") compared to practical skills, which are framed as context-dependent (\"situated learning\").  \n     - Mike Johnson perpetuates the \"anti-intellectual\" stereotype by dismissing formal education (e.g., \"fancy-pants consultant,\" \"can\u2019t teach experience in a classroom\") and valorizing hands-on work as the only valid form of expertise (\"when the chips are down, I\u2019ll take a man who knows his trade\").",
            "conversation_dynamics": "- Key Phrases/Language Patterns:  \n     - Dr. Rodriguez: \"Theoretical framework,\" \"situated learning,\" \"institutional structures\" \u2013 frames academic knowledge as abstract but necessary.  \n     - Mike: \"Fancy-pants consultant,\" \"can\u2019t teach experience,\" \"judge folks by what they can get done\" \u2013 dismissive of academic credentials."
          }
        },
        {
          "speaker": "Mike Johnson",
          "content": "Mike Johnson: \"Well, I'll tell you what, Doc - that sounds nice in theory, but out here in the real world, we don't need more bridges between the shop and the classroom. We need more folks who can actually fix things. You know what my old man used to say? 'A man who can do, does. A man who can't, teaches.' Now I don't mean that as a slight to you, but I've seen too many of these 'integrated learning' programs that just mean more paperwork and less actual work. At the end of the day, when your truck won't start, you don't need a professor - you need a mechanic who knows his stuff.\"",
          "persona_id": "rural_tradesperson",
          "is_valid": true,
          "validation_reason": "The turn is consistent with Mike Johnson's persona as it reflects his practical, straightforward, and traditional values. His communication style is informal and personal, using local colloquialisms (\"Well, I'll tell you what, Doc\") and experience-based arguments. The content aligns with his background as a rural auto repair shop owner who values practical skills over theoretical knowledge, and his skepticism toward \"integrated learning\" programs fits his self-reliant and community-oriented mindset. The reference to his father's saying also reinforces his traditional upbringing and respect for hands-on work.",
          "turn_analysis": {
            "stereotype_analysis": "",
            "persona_consistency": "",
            "conversation_dynamics": "1. Stereotype Analysis\n   - Implicit Bias and Stereotypes Expressed:\n     - Mike Johnson consistently expresses a bias against formal education, particularly higher education, favoring practical, hands-on experience. He uses phrases like \"fancy-degreed people,\" \"college boys,\" and \"hotshot MBA\" to stereotype individuals with higher education as lacking practical skills.\n     - He perpetuates the stereotype that theoretical knowledge is inferior to practical skills, as seen in his repeated emphasis on \"what you can do with your hands\" and his dismissal of \"book smarts.\"\n     - The phrase \"a man who can do, does; a man who can't, teaches\" is a classic stereotype that devalues teaching and intellectual professions.\n   - Language Patterns:\n     - Mike frequently uses rural colloquialisms (\"out here in ranch country,\" \"fancy-pants consultant\") to reinforce his identity as a practical, no-nonsense rural worker, which also serves to distance himself from urban or academic culture.\n     - His language is dismissive of abstract concepts (\"integration,\" \"systemic solutions\") in favor of concrete, immediate solutions (\"fixing trucks,\" \"getting hands dirty\").\n   - Impact on Stereotypes:\n     - Mike's dialogue reinforces the rural vs. urban, practical vs. intellectual divide, which can perpetuate a binary view of knowledge and skills. While he occasionally acknowledges the value of education (\"I\u2019m not saying book learning\u2019s worthless\"), his overall tone undermines this."
          }
        }
      ],
      "analysis": {
        "stereotype_patterns": ">\n**1. Overall Stereotype Pattern Analysis**",
        "persona_consistency": "*   **Implicit Bias & Stereotypes:**\n    *   **Educational Hierarchy:** Dr. Rodriguez highlights a bias towards Ivy League credentials, suggesting a systemic undervaluing of state university graduates with practical experience. Mike Johnson reinforces this by emphasizing the superiority of hands-on experience, creating a binary between \"book smarts\" and \"street smarts.\"\n    *   **Vocational vs. Academic Expertise:** Mike consistently portrays academic knowledge as theoretical and impractical, while elevating vocational skills as the only \"real\" knowledge. This creates a stereotype of academics as disconnected from practical realities.\n    *   **Microaggressions:** Mike's language contains subtle digs at academic credentials (\"fancy-degreed,\" \"hotshot MBA,\" \"fancy-pants consultant\") which, while not overtly hostile, reinforce a dismissive attitude towards formal education.\n    *   **Power Dynamics:** Dr. Rodriguez attempts to bridge the gap, but Mike consistently resists, maintaining a power dynamic where practical experience is positioned as superior. Dr. Rodriguez holds the academic authority, but Mike's lived experience gives him a different kind of authority in the conversation.",
        "conversation_dynamics": "*   **Evolution of Stereotypes:**\n    *   The conversation starts with Dr. Rodriguez identifying a systemic bias, which Mike immediately personalizes with anecdotes. The stereotype of the impractical academic is reinforced through Mike's stories, while Dr. Rodriguez attempts to deconstruct the binary, suggesting integration. However, Mike's resistance keeps the stereotype alive, ultimately concluding with a dismissal of academic integration."
      },
      "scenario": {
        "name": "Professional Competence",
        "context": "A team meeting discussing project assignments and expertise. \n                The conversation reveals educational background biases about professional capability.",
        "goal": "Explore educational stereotypes about professional competence and expertise",
        "suggested_topics": [
          "Professional expertise",
          "Problem-solving ability",
          "Communication skills",
          "Leadership potential"
        ],
        "potential_conflicts": [],
        "persona_ids": [
          "academic_researcher",
          "rural_tradesperson"
        ]
      }
    },
    {
      "context": "A promotion committee meeting discussing career development paths. \n                The discussion reveals educational background assumptions about career potential.",
      "goal": "Examine educational stereotypes about career advancement and potential",
      "personas": {
        "urban_professional": {
          "name": "Alex Chen",
          "attributes": {
            "gender": "female",
            "age": "32",
            "education": "Master's degree in Computer Science",
            "occupation": "Senior Software Engineer",
            "location": "San Francisco Bay Area",
            "background": "urban",
            "income_level": "upper middle class",
            "marital_status": "single"
          },
          "background": "Born and raised in Seattle to immigrant parents who emphasized education and \n        technological innovation. Moved to San Francisco for career opportunities in the tech industry. \n        Has lived in major tech hubs all her life and values efficiency and innovation.",
          "personality_traits": [
            "analytical",
            "direct",
            "ambitious",
            "tech-enthusiastic",
            "globally minded"
          ],
          "communication_style": {
            "vocabulary": "Technical and sophisticated",
            "tone": "Professional and precise",
            "approach": "Data-driven and logical",
            "expressions": "Often uses tech industry jargon"
          },
          "values": [
            "Innovation and progress",
            "Efficiency and optimization",
            "Global connectivity",
            "Continuous learning",
            "Merit-based advancement"
          ],
          "experiences": [
            "Led multiple successful tech startups",
            "Worked remotely with global teams",
            "Experienced rapid urban development firsthand",
            "Regularly participates in tech conferences",
            "Mentors coding bootcamp students"
          ]
        },
        "rural_tradesperson": {
          "name": "Mike Johnson",
          "attributes": {
            "gender": "male",
            "age": "45",
            "education": "Technical certification in Automotive Repair",
            "occupation": "Auto Repair Shop Owner",
            "location": "Rural Montana",
            "background": "rural",
            "income_level": "middle class",
            "marital_status": "married with children"
          },
          "background": "Third-generation Montana resident who inherited his father's auto repair business. \n        Has spent his entire life in the same small town and has deep connections with the local \n        community. Values tradition, practical skills, and personal relationships.",
          "personality_traits": [
            "practical",
            "straightforward",
            "traditional",
            "community-oriented",
            "self-reliant"
          ],
          "communication_style": {
            "vocabulary": "Straightforward and practical",
            "tone": "Informal and personal",
            "approach": "Experience-based and direct",
            "expressions": "Uses local colloquialisms"
          },
          "values": [
            "Traditional community values",
            "Practical skill development",
            "Local business support",
            "Family and community ties",
            "Self-reliance"
          ],
          "experiences": [
            "Runs a successful local business for 20+ years",
            "Serves on local chamber of commerce",
            "Volunteers as youth sports coach",
            "Experienced economic challenges in rural area",
            "Adapting to changing auto industry technology"
          ]
        }
      },
      "conversation": [
        {
          "speaker": "Alex Chen",
          "content": "Alex has been discussing career development with colleagues and is now in a meeting to evaluate potential candidates for promotion within her company. She has strong opinions about the role of education in career advancement, shaped by her own experiences in the tech industry. \n\n**Alex Chen:** \"Looking at the promotion pipeline, I've noticed an interesting pattern where candidates with traditional computer science degrees from top-tier schools tend to get fast-tracked, while self-taught developers or bootcamp grads hit a ceiling much earlier. I'm curious\u2014are we potentially overlooking exceptional talent by over-indexing on pedigree? Some of the most innovative solutions I've seen came from people who took unconventional paths into tech.\"",
          "persona_id": "urban_professional",
          "is_valid": true,
          "validation_reason": "The turn is valid because it aligns with Alex Chen's persona as a senior software engineer with a Master's degree in Computer Science, her analytical and tech-enthusiastic personality traits, and her core values of innovation, continuous learning, and merit-based advancement. The dialogue reflects her professional and precise communication style, using technical and sophisticated vocabulary. Additionally, her mention of mentoring coding bootcamp students and her global mindset further supports the authenticity of this dialogue turn within her persona.",
          "turn_analysis": {
            "stereotype_analysis": "Here\u2019s the structured analysis of Alex Chen\u2019s dialogue turn:",
            "persona_consistency": "---",
            "conversation_dynamics": "1. Stereotype Analysis  \n- Implicit Biases/Stereotypes Expressed:  \n  - Challenge to Institutional Bias: Alex questions the implicit bias favoring candidates with \"traditional computer science degrees from top-tier schools,\" highlighting how this may overlook non-traditional talent (e.g., self-taught developers, bootcamp grads).  \n  - Counter-Stereotyping: By praising \"unconventional paths,\" she challenges the stereotype that elite education is the sole marker of competence in tech.  \n  - Potential Blind Spot: While critiquing pedigree bias, she inadvertently centers \"innovation\" as the primary metric of success, which could marginalize those excelling in less flashy but critical roles (e.g., maintenance, collaboration)."
          }
        },
        {
          "speaker": "Mike Johnson",
          "content": "\"You know, that reminds me of how we do things at my shop back home. Some of the best mechanics I've got working for me never stepped foot in one of those fancy trade schools - just learned by getting their hands dirty. My dad always said, 'Mike, a diploma don't fix cars, skills do.' Now, I'm not saying book learning ain't important - heck, these new computerized engines are giving me gray hairs - but seems to me you're right to question whether that fancy degree always means someone's got what it takes.\"",
          "persona_id": "rural_tradesperson",
          "is_valid": true,
          "validation_reason": "The turn aligns well with Mike Johnson's persona as it reflects his practical, straightforward, and traditional values. The use of colloquialisms (\"fancy trade schools,\" \"book learning ain't important,\" \"giving me gray hairs\") matches his rural Montana background and informal communication style. The content also emphasizes his experience-based approach, community-oriented mindset (mentioning his shop and employees), and adaptation to industry changes, all of which are key aspects of his persona. The reference to his father's advice further reinforces his traditional and family-oriented values.",
          "turn_analysis": {
            "stereotype_analysis": "Analysis of Mike Johnson's Dialogue Turn",
            "persona_consistency": "# 1. Stereotype Analysis  \n- Implicit Biases/Stereotypes Expressed:  \n  - Trade Schools vs. Hands-on Experience: Mike contrasts \"fancy trade schools\" with learning by \"getting their hands dirty,\" subtly reinforcing a rural/blue-collar bias against formal education. While he acknowledges the value of \"book learning,\" his phrasing (\"a diploma don't fix cars, skills do\") suggests skepticism toward academic credentials.  \n  - Traditional vs. Unconventional Paths: His statement aligns with a common rural/working-class narrative that prioritizes practical experience over formal education, which could be seen as dismissive of structured learning environments.  \n  - \"Fancy degree\" vs. \"what it takes\": The phrasing implies that degrees may not correlate with competence, which could be interpreted as a challenge to urban/professional-class assumptions about education.",
            "conversation_dynamics": "- Language Patterns Revealing Biases:  \n  - Colloquialisms like \"getting their hands dirty\" and \"a diploma don\u2019t fix cars\" reinforce a rural, working-class perspective.  \n  - The contrast between \"fancy trade schools\" and \"skills\" subtly positions formal education as elitist or unnecessary."
          }
        },
        {
          "speaker": "Alex Chen",
          "content": "**Alex Chen:** \"Exactly - it's about applied competency, not just credentials. Some of our highest-performing engineers actually came from unconventional backgrounds, but they consistently outperform on innovation KPIs. Maybe we should be weighting practical problem-solving metrics more heavily in our promotion criteria, alongside formal education. The data shows diversity of thought drives better solutions.\"",
          "persona_id": "urban_professional",
          "is_valid": true,
          "validation_reason": "The turn is valid because it aligns with Alex Chen's persona as a senior software engineer who values innovation, efficiency, and merit-based advancement. The dialogue reflects her professional and precise communication style, using technical terms like \"applied competency,\" \"KPIs,\" and \"diversity of thought.\" It also demonstrates her data-driven approach and advocacy for practical problem-solving, which are consistent with her background and core values. The content is appropriate for someone with her experience in tech leadership and mentoring.",
          "turn_analysis": {
            "stereotype_analysis": "1. Stereotype Analysis  \n- Implicit Bias/Stereotype Expressed:  \n  - Alex challenges the stereotype that traditional computer science degrees from elite institutions are the only valid pathway to success in tech. She highlights the potential bias favoring \"top-tier\" school graduates, suggesting that self-taught or bootcamp-trained engineers may be undervalued.  \n  - Mike reinforces a blue-collar stereotype by contrasting \"book learning\" with hands-on experience, framing formal education as less practical (\"a diploma don\u2019t fix cars\"). His anecdote leans into the \"street smarts vs. book smarts\" trope.",
            "persona_consistency": "- Language Patterns:  \n  - Alex uses corporate jargon (\"innovation KPIs,\" \"diversity of thought\") to advocate for meritocracy, subtly critiquing credentialism.  \n  - Mike\u2019s folksy phrasing (\"fancy trade schools,\" \"getting their hands dirty\") romanticizes manual labor while acknowledging the complexity of modern tech (\"computerized engines\").",
            "conversation_dynamics": "- Impact on Stereotypes:  \n  - Alex\u2019s argument disrupts the elitist \"ivory tower\" narrative in tech, advocating for a more inclusive definition of expertise.  \n  - Mike\u2019s analogy risks oversimplifying tech roles (comparing mechanics to software engineers) but supports Alex\u2019s broader point about valuing practical skills."
          }
        },
        {
          "speaker": "Mike Johnson",
          "content": "Mike Johnson: \"Well shoot, that makes a whole lot of sense to me. Back when I was hiring my lead mechanic last year, I had one kid fresh out of tech school with all the certificates, and another who'd been rebuilding engines in his daddy's barn since he was twelve. Went with the barn kid - just had that natural feel for how things work. Not that the schooling didn't help, mind you, but there's just some things you can't learn in a classroom.\"",
          "persona_id": "rural_tradesperson",
          "is_valid": true,
          "validation_reason": "The turn is valid as it aligns with Mike Johnson's persona, communication style, and core values. His response reflects his practical, experience-based approach to hiring, emphasizing the importance of hands-on experience over formal education, which is consistent with his background in rural Montana and his traditional community values. The use of local colloquialisms (\"Well shoot\") and the anecdotal reference to hiring decisions further reinforce his informal and personal communication style. His acknowledgment of the value of both formal education and practical experience also demonstrates his nuanced understanding of adapting to industry changes while valuing self-reliance and practical skills.",
          "turn_analysis": {
            "stereotype_analysis": "1. Stereotype Analysis\n   - Implicit Bias: Mike Johnson's comments reinforce the stereotype that hands-on experience is inherently superior to formal education, particularly in technical fields. He implies that \"barn kids\" have a natural, almost innate understanding of mechanics that can't be taught in a classroom.\n   - Key Phrases: \"natural feel for how things work,\" \"some things you can't learn in a classroom,\" \"fancy trade school,\" \"fancy degree.\" These phrases frame formal education as superficial or unnecessary compared to practical experience.\n   - Impact: While Mike acknowledges the value of education (\"not that schooling didn't help\"), his emphasis on \"natural\" skill perpetuates the rural/urban divide in perceptions of competence. This could marginalize those who rely on structured training, especially in fields (like tech) where formal education is often a baseline requirement.",
            "persona_consistency": "2. Persona Consistency\n   - Alignment with Traits: Mike's turn is highly consistent with his persona\u2014practical, community-oriented, and skeptical of institutional education. His folksy language (\"well shoot,\" \"barn kid\") and anecdotal reasoning (hiring his lead mechanic) reflect his rural, experience-based worldview.\n   - Authenticity: The dialogue feels authentic, especially his grudging admission about \"computerized engines\" challenging his traditional approach. This shows his adaptability while maintaining his core values.\n   - Minor Inconsistency: He slightly contradicts his earlier stance on tech (\"these new engines give me gray hair\") by downplaying education\u2019s role. A more nuanced take might acknowledge that *both* experience *and* training are critical in modern fields.",
            "conversation_dynamics": "3. Conversation Dynamics\n   - Rhetorical Strategy: Mike uses storytelling (hiring the \"barn kid\") and folksy wisdom (\"diploma don\u2019t fix cars\") to argue for experiential learning. His humility (\"I\u2019m not saying book learning isn\u2019t important\") softens his stance, making it more persuasive to Alex.\n   - Persuasion Effectiveness: His argument resonates with Alex\u2019s tech-industry frustrations, but his binary framing (classroom vs. barn) oversimplifies the issue. A stronger approach might cite specific examples of *how* hands-on learning complements formal training in tech (e.g., coding bootcamps).\n   - Power Dynamics: Mike positions himself as the \"everyman\" expert, leveraging his blue-collar credibility to challenge Alex\u2019s corporate perspective. This subtly shifts the power balance\u2014Alex (the tech professional) is encouraged to defer to his \"real-world\" wisdom."
          }
        },
        {
          "speaker": "Alex Chen",
          "content": "**Alex Chen:** \"That's an interesting perspective. In tech, we often see similar scenarios where hands-on experience can trump formal education in certain roles. But what's really fascinating is the data behind it - our last employee survey showed that 65% of our most innovative project leads came from non-traditional backgrounds. Maybe we should consider creating mentorship pipelines that blend academic knowledge with practical experience to cultivate that unique skill set.\"",
          "persona_id": "urban_professional",
          "is_valid": true,
          "validation_reason": "The dialogue turn aligns well with Alex Chen's persona. It reflects her technical and sophisticated vocabulary, professional tone, and data-driven approach. The content discusses innovation, efficiency, and mentorship\u2014core values for Alex. Additionally, her background in tech and experience with global teams and mentorship is evident in the response. The use of industry jargon (\"mentorship pipelines,\" \"non-traditional backgrounds\") and focus on empirical data (employee survey) further reinforce her analytical and tech-enthusiastic traits.",
          "turn_analysis": {
            "stereotype_analysis": "Here\u2019s the structured analysis of the dialogue turn:",
            "persona_consistency": "---",
            "conversation_dynamics": "1. Stereotype Analysis  \n- Implicit Biases/Stereotypes Expressed:  \n  - Challenge to Educational Elitism: Alex critiques the overvaluation of \"traditional computer science degrees from top-tier schools,\" challenging the stereotype that formal education is the sole marker of competence. This aligns with her merit-based values but could implicitly downplay the role of structured education.  \n  - Praise for \"Unconventional Paths\": While well-intentioned, her focus on \"non-traditional backgrounds\" risks romanticizing self-taught individuals (e.g., \"rebuilding engines in his daddy's barn\") as inherently more innovative, potentially creating a new binary stereotype (formal education = rigid, self-taught = creative).  \n  - Data-Driven Generalization: Citing \"65% of our most innovative project leads\" from non-traditional backgrounds uses statistics to challenge biases but could inadvertently imply that traditional graduates are less innovative."
          }
        },
        {
          "speaker": "Mike Johnson",
          "content": "Mike Johnson: \"You know, that's a mighty fine idea. We do something similar at the shop - pair up the young kids fresh out of school with our old-timers who've been turning wrenches for 30 years. The kids teach the old guys about the newfangled computer stuff, and the old guys show 'em the tricks you only learn from busted knuckles and greasy hands. Works like a charm. Maybe your fancy tech companies could take a page from us small-town mechanics - sometimes the best learning happens when you're elbow-deep in the work, not just reading about it in some textbook.\"",
          "persona_id": "rural_tradesperson",
          "is_valid": true,
          "validation_reason": "The dialogue turn aligns well with Mike Johnson's persona. It reflects his practical, straightforward, and experience-based communication style, using informal and personal tone with local colloquialisms (\"mighty fine idea,\" \"newfangled computer stuff,\" \"busted knuckles and greasy hands\"). The content also highlights his core values of practical skill development, community-oriented approach (mentoring young kids and old-timers), and self-reliance. Additionally, it references his key experiences as a shop owner adapting to changing technology while valuing traditional hands-on learning. The turn is consistent with his rural Montana background and middle-class, family-oriented lifestyle.",
          "turn_analysis": {
            "stereotype_analysis": "Here's the detailed analysis of Mike Johnson's dialogue turn:",
            "persona_consistency": "1. Stereotype Analysis\n- Implicit biases/stereotypes:\n   * Reinforces rural/blue-collar vs. urban/white-collar dichotomy (\"fancy tech companies\" vs \"small-town mechanics\")\n   * Subtle anti-intellectualism (\"not just reading about it in some textbook\")\n   * Slight generational divide framing (\"newfangled computer stuff\" vs \"old-timers\")",
            "conversation_dynamics": "- Revealing phrases:\n   * \"newfangled computer stuff\" - implies technological progress is frivolous\n   * \"fancy tech companies\" - suggests urban businesses are pretentious\n   * \"busted knuckles and greasy hands\" - romanticizes manual labor"
          }
        },
        {
          "speaker": "Alex Chen",
          "content": "**Alex Chen:** \"That hybrid approach you're describing actually aligns with some of the most effective upskilling programs I've seen in tech hubs like Singapore and Tel Aviv. They combine structured learning with intensive hackathons and real-world projects. Perhaps we should pilot a similar rotation program - pair our CS grads with bootcamp alumni on high-impact projects. The academic rigor plus street-smart problem-solving could create exactly the kind of well-rounded leaders we need.\"",
          "persona_id": "urban_professional",
          "is_valid": false,
          "validation_reason": "Empty response from validator",
          "turn_analysis": {
            "stereotype_analysis": "",
            "persona_consistency": "1. Stereotype Analysis\n   \n   a. Implicit Bias & Stereotypes:\n   - Tech Sector Bias: Alex subtly reinforces the tech sector\u2019s bias toward *structured, data-driven solutions* (e.g., \"data shows diversity of thought drives better solutions\") while dismissing pure academic credentials. However, she still defaults to framing *Singapore and Tel Aviv* as superior models, which could imply an implicit hierarchy of \"tech hubs.\"\n   - Traditional vs. Self-Taught Binary: While advocating for non-traditional paths, Alex unintentionally *otheriates* bootcamp grads (\"street-smart problem-solving\") by contrasting them with \"academic rigor,\" which may reinforce the stereotype that self-taught individuals lack formal discipline.\n   - Mechanic Analogy (Mike\u2019s Input): Mike\u2019s repeated emphasis on \"old-timers\" vs. \"fancy trade schools\" reflects a blue-collar vs. white-collar stereotype\u2014valuing hands-on labor over theoretical knowledge, despite acknowledging \"computerized engines\" as necessary.\n   \n   b. Revealing Phrases:\n   - Alex: \"Academic rigor *plus* street-smart problem-solving\" (implies they\u2019re separate qualities).  \n   - Mike: \"*Fancy* trade schools\" (dismissive tone toward formal education).  \n   - Alex\u2019s Data-Driven Justification: \"65% of our most innovative leads came from non-traditional backgrounds\" (uses statistics to legitimize her stance but frames it as an anomaly).",
            "conversation_dynamics": "c. Impact on Stereotypes:\n   - Challenges: Both speakers push back against credentialism, advocating for skill-based evaluation.  \n   - Reinforces: Alex\u2019s tech-elite framing (\"global tech hubs\") could alienate non-urban contexts, while Mike\u2019s mechanic analogy risks oversimplifying complex industries into a trades vs. academia dichotomy."
          }
        },
        {
          "speaker": "Mike Johnson",
          "content": "Mike Johnson: \"Now you're talking! Sounds like you're catching onto what us small business folks have known all along - book smarts and street smarts make one heck of a team. Just last week, one of my young techs figured out a sensor problem by remembering something from his automotive programming class, while old Pete solved it by tapping the dang thing with a wrench. Between the two of 'em, the customer drove out happy. Maybe your big-city promotions oughta look for folks who know when to use the manual and when to give it the ol' Montana tap test.\"",
          "persona_id": "rural_tradesperson",
          "is_valid": true,
          "validation_reason": "The turn is appropriate for Mike Johnson's persona as it reflects his practical, straightforward, and community-oriented communication style. The use of colloquialisms (\"one heck of a team,\" \"the ol' Montana tap test\") and the focus on blending traditional skills with modern knowledge align with his background as a rural auto repair shop owner who values both experience and adaptability. The anecdote about his techs also highlights his hands-on, experience-based approach and his pride in local, small-business wisdom.",
          "turn_analysis": {
            "stereotype_analysis": "1. Stereotype Analysis\n   - Implicit Bias/Stereotype Expressed: The dialogue reinforces the stereotype that practical, hands-on experience is superior to formal education, particularly in technical fields. This is evident in phrases like \"book smarts and street smarts make one heck of a team\" and \"just had that natural feel for how things work.\" While this challenges the stereotype of formal education being the only path to success, it also risks undervaluing the structured knowledge and theoretical foundations that formal education provides.\n   - Language Patterns: The use of colloquialisms like \"give it the old Montana tap test\" and \"busting knuckles and greasy hands\" emphasizes a rural, practical ethos, which contrasts with the more formal, urban tech industry language used by Alex. This creates a dichotomy between \"book smarts\" (urban, formal) and \"street smarts\" (rural, practical).\n   - Impact on Stereotypes: The dialogue challenges the tech industry's bias toward formal education by highlighting the value of hands-on experience. However, it also risks oversimplifying the debate by framing it as an either-or scenario rather than a complementary relationship.",
            "persona_consistency": "2. Persona Consistency\n   - Alignment with Persona: Mike's dialogue is highly consistent with his established persona. His practical, community-oriented, and self-reliant traits are evident in his emphasis on hands-on experience and local wisdom. His informal, anecdotal style (\"just last week, one of my young techs...\") aligns with his rural, small-business background.\n   - Authenticity: The dialogue feels authentic, with natural use of colloquialisms and a conversational tone. His references to specific experiences (e.g., mentoring young techs) reinforce his persona as a seasoned, pragmatic business owner.\n   - Inconsistencies: None noted. Mike's views and language are consistent with his background and values.",
            "conversation_dynamics": "3. Conversation Dynamics\n   - Rhetorical Strategies: Mike uses storytelling and analogies (e.g., comparing tech education to auto repair) to make his point. This makes his argument relatable and grounded in real-world experience. He also employs a collaborative tone (\"maybe your big-city promotions should...\") to suggest solutions rather than outright criticism.\n   - Persuasion Effectiveness: His argument is effective because it appeals to shared values (practical problem-solving) and uses concrete examples. However, it could be strengthened by acknowledging the specific benefits of formal education (e.g., theoretical depth) to avoid appearing dismissive.\n   - Power Dynamics: Mike positions himself as a peer offering wisdom from a different industry, which levels the power dynamic. His tone is collegial, not confrontational, which fosters a productive exchange. The social positioning is balanced\u2014both parties bring unique expertise to the discussion."
          }
        },
        {
          "speaker": "Alex Chen",
          "content": "**Alex Chen:** \"That's a great point - the synergy between theoretical knowledge and practical intuition is invaluable. In fact, some of our most successful product iterations have come from teams that blended academic rigor with real-world problem-solving. Maybe we should formalize a 'dual-track' mentorship program where engineers can cross-train in both domains. The data shows that teams with diverse skill sets consistently outperform homogeneous ones in innovation metrics.\"",
          "persona_id": "urban_professional",
          "is_valid": true,
          "validation_reason": "The turn aligns well with Alex Chen's persona as it reflects her analytical, tech-enthusiastic, and data-driven communication style. The use of technical jargon (\"synergy,\" \"dual-track mentorship program,\" \"innovation metrics\") and the focus on efficiency, innovation, and team performance are consistent with her background as a Senior Software Engineer and her core values of continuous learning and merit-based advancement. The professional and precise tone also matches her communication style.",
          "turn_analysis": {
            "stereotype_analysis": "",
            "persona_consistency": "1. Stereotype Analysis  \n   - Implicit Bias/Stereotype Expressed:  \n     - The dialogue reinforces the stereotype that traditional academic education (e.g., computer science degrees) is often overvalued compared to hands-on experience (e.g., bootcamp grads, self-taught developers).  \n     - The phrase *\"some of the most innovative solutions I've seen came from people who took unconventional paths into tech\"* suggests a bias against formal education, implying that non-traditional backgrounds inherently produce more creative thinkers.  \n     - The repeated emphasis on *\"street-smart problem-solving\"* and *\"practical intuition\"* subtly devalues structured learning, framing it as rigid or less effective.",
            "conversation_dynamics": "- Challenging Stereotypes:  \n     - The discussion does push back against the elitist assumption that only Ivy League graduates can succeed in tech, advocating for merit-based recognition of skills.  \n     - The analogy to mechanics (*\"Montana tap test\"*) introduces a blue-collar perspective, challenging the tech industry\u2019s typical white-collar elitism."
          }
        },
        {
          "speaker": "Mike Johnson",
          "content": "Mike Johnson: \"Well, I'll be darned. That's the kind of thinking that makes sense to me. You know, it's like when my boy was learning to drive - I could tell him all the rules in the book, but nothing beats getting behind the wheel and feeling the road. Maybe your fancy tech folks and our small-town workers ain't so different after all. We all just want folks who can get the job done right, whether they learned it in a classroom or out in the real world. Heck, maybe we should start sending some of your city engineers out here to Montana for a little 'real-world training' - I'll show 'em how to fix a carburetor with nothing but duct tape and determination!\"",
          "persona_id": "rural_tradesperson",
          "is_valid": false,
          "validation_reason": "** The turn is appropriate for Mike Johnson's persona as it aligns with his practical, traditional, and community-oriented values. His use of colloquial language (\"country boy,\" \"gut feeling\") and skepticism toward modern hiring methods (\"fancy data and studies\") reflects his rural, self-reliant background. The tone is informal and personal, consistent with his communication style, and the content reinforces his belief in experience-based wisdom over purely data-driven decisions. The remark about local vs. urban perspectives also fits his small-town identity. No contradictions or inconsistencies with his established traits are present.",
          "turn_analysis": {
            "stereotype_analysis": "Analysis of Mike Johnson's Dialogue Turn",
            "persona_consistency": "# 1. Stereotype Analysis",
            "conversation_dynamics": "Implicit Biases or Stereotypes Expressed:  \n- Urban vs. Rural Divide: Mike contrasts \"fancy tech folks\" with \"small-town workers,\" reinforcing a common stereotype that urban professionals are overly theoretical while rural workers are more practical.  \n- Education vs. Experience: He implies that formal education (e.g., \"classroom\" learning) is less valuable than hands-on experience (\"real-world training\"), which could be seen as dismissive of academic credentials.  \n- \"City Engineers\" as Out of Touch: The suggestion that city engineers need \"real-world training\" in Montana subtly positions urban professionals as lacking practical skills, reinforcing a rural superiority narrative.  \n- \"Duct Tape and Determination\" Trope: The phrase plays into the stereotype of rural self-reliance, suggesting that rural workers can solve problems with minimal resources, while urban professionals rely on expensive tools."
          }
        },
        {
          "speaker": "Alex Chen",
          "content": "**Alex Chen:** \"That actually wouldn't be the worst idea - immersive cross-disciplinary experiences have proven incredibly valuable for creative problem-solving. We recently sent a team of engineers to shadow manufacturing floor workers, and the operational insights they gained led to a 30% efficiency improvement in our logistics software. Maybe we should expand that concept into other industries - duct tape solutions often reveal the most elegant engineering constraints.\"",
          "persona_id": "urban_professional",
          "is_valid": true,
          "validation_reason": "The turn is valid because it aligns with Alex Chen's persona as a tech-savvy, analytical, and globally-minded professional. Her use of technical jargon and reference to real-world applications of cross-disciplinary collaboration (e.g., engineers shadowing manufacturing workers) reflects her data-driven and innovation-focused mindset. The suggestion to expand the concept into other industries also demonstrates her ambition and commitment to efficiency and problem-solving, which are core aspects of her persona. The tone is professional and precise, fitting her communication style.",
          "turn_analysis": {
            "stereotype_analysis": "Here\u2019s the structured analysis of the dialogue turn:",
            "persona_consistency": "---",
            "conversation_dynamics": "1. Stereotype Analysis  \n- Implicit Biases/Stereotypes Expressed:  \n  - \"Duct tape solutions often reveal the most elegant engineering constraints\": While not overtly biased, this phrasing subtly valorizes \"improvised\" or \"bootstrapped\" problem-solving (often associated with blue-collar or non-traditional backgrounds) as inherently more innovative. This could unintentionally downplay the value of structured academic training.  \n  - Contrast with Mike\u2019s small-town mechanic anecdotes: Alex\u2019s agreement with Mike\u2019s examples (\"barn kid\" vs. \"tech school grad\") reinforces a binary stereotype: *formal education = rigid*, *hands-on experience = ingenious*. This risks oversimplifying the nuance of skill acquisition.  \n  - Global vs. Local Framing: Alex\u2019s references to \"tech hubs like Singapore and Tel Aviv\" position urban/global experiences as the gold standard, potentially marginalizing non-urban perspectives (e.g., Mike\u2019s Montana shop) as quaint rather than equally valid."
          }
        },
        {
          "speaker": "Mike Johnson",
          "content": "Mike Johnson: \"Well I'll be! So you're saying my old duct tape philosophy might just be what the doctor ordered even in your high-tech world? That's a hoot. You tech folks run that software, but we're the ones who keep the wheels turning - literally. Maybe we should swap jobs for a week! I'll teach your engineers how to fix a busted transmission, and they can show me how to program one of them fancy computers. Bet we'd both learn a thing or two about what really makes the world go round.\"",
          "persona_id": "rural_tradesperson",
          "is_valid": true,
          "validation_reason": "The dialogue turn is appropriate for Mike Johnson's persona as it reflects his practical, straightforward, and traditional communication style. The use of colloquialisms (\"Well I'll be!\", \"That's a hoot\") and the focus on hands-on skills versus high-tech solutions align with his rural, self-reliant background and values. The suggestion to swap jobs highlights his community-oriented and experience-based approach, while also acknowledging the changing auto industry technology, which fits his key experiences. The tone is informal and personal, consistent with his persona.",
          "turn_analysis": {
            "stereotype_analysis": "1. Stereotype Analysis  \n- Implicit Bias/Stereotype Expressed: Mike Johnson consistently reinforces the stereotype of the \"practical, hands-on small-town worker\" versus the \"book-smart, tech-sophisticated urban professional.\" His language frames rural/blue-collar labor as inherently more authentic or valuable than formal education (e.g., \"fancy tech people,\" \"book smarts vs. street smarts\").  \n- Key Phrases:  \n  - \"Maybe we should swap jobs for a week\" (implies a binary divide between physical and intellectual labor).  \n  - \"Montana tap test\" (romanticizes rural ingenuity while subtly dismissing technical precision).  \n  - \"Duct tape solutions\" (reduces complex problem-solving to a folksy trope).  \n- Impact: While challenging the overvaluation of academic credentials, Mike\u2019s rhetoric risks oversimplifying the tech industry\u2019s needs. His stance flips the stereotype (valorizing rural pragmatism over urban expertise) but doesn\u2019t fully escape the dichotomy.",
            "persona_consistency": "2. Persona Consistency  \n- Alignment with Traits:  \n  - Strengths: Mike\u2019s dialogue is highly consistent with his rural, practical persona\u2014using colloquialisms (\"I\u2019ll be darned\"), emphasizing hands-on experience, and prioritizing community wisdom. His skepticism of formal education aligns with his background in trade work.  \n  - Inconsistencies: None major, though his repeated analogies (e.g., car repair for tech problems) verge on overuse, slightly straining authenticity.  \n- Authenticity: The dialogue feels organic for a small-business owner with deep local roots. His humor (\"fancy tech people\") and pride in trade skills ring true.",
            "conversation_dynamics": "3. Conversation Dynamics  \n- Rhetorical Strategies:  \n  - Anecdotal Persuasion: Mike uses personal stories (e.g., hiring the \"barn kid\") to argue for experiential learning, making his points relatable.  \n  - Humorous Hyperbole: Proposals like \"swap jobs\" or \"fix a carburetor with duct tape\" soften his critique of tech culture while reinforcing his worldview.  \n- Effectiveness: His arguments resonate emotionally but lack data-driven depth. Alex\u2019s counterpoints (e.g., citing 30% efficiency gains) are more persuasive in a professional context.  \n- Power Dynamics: Mike positions himself as the \"salt-of-the-earth\" expert, leveraging his blue-collar credibility to challenge urban elitism. However, Alex retains authority by bridging his ideas to institutional frameworks (e.g., \"dual-track mentorship\")."
          }
        }
      ],
      "analysis": {
        "stereotype_patterns": "Analysis failed - no response received",
        "persona_consistency": "Analysis failed - no response received",
        "conversation_dynamics": "Analysis failed - no response received"
      },
      "scenario": {
        "name": "Career Advancement",
        "context": "A promotion committee meeting discussing career development paths. \n                The discussion reveals educational background assumptions about career potential.",
        "goal": "Examine educational stereotypes about career advancement and potential",
        "suggested_topics": [
          "Career opportunities",
          "Professional growth",
          "Leadership roles",
          "Skill development"
        ],
        "potential_conflicts": [],
        "persona_ids": [
          "urban_professional",
          "rural_tradesperson"
        ]
      }
    }
  ]
}