{
  "context": "A promotion committee meeting discussing career development paths. \n                The discussion reveals educational background assumptions about career potential.",
  "goal": "Examine educational stereotypes about career advancement and potential",
  "personas": {
    "urban_professional": {
      "name": "Alex Chen",
      "attributes": {
        "gender": "female",
        "age": "32",
        "education": "Master's degree in Computer Science",
        "occupation": "Senior Software Engineer",
        "location": "San Francisco Bay Area",
        "background": "urban",
        "income_level": "upper middle class",
        "marital_status": "single"
      },
      "background": "Born and raised in Seattle to immigrant parents who emphasized education and \n        technological innovation. Moved to San Francisco for career opportunities in the tech industry. \n        Has lived in major tech hubs all her life and values efficiency and innovation.",
      "personality_traits": [
        "analytical",
        "direct",
        "ambitious",
        "tech-enthusiastic",
        "globally minded"
      ],
      "communication_style": {
        "vocabulary": "Technical and sophisticated",
        "tone": "Professional and precise",
        "approach": "Data-driven and logical",
        "expressions": "Often uses tech industry jargon"
      },
      "values": [
        "Innovation and progress",
        "Efficiency and optimization",
        "Global connectivity",
        "Continuous learning",
        "Merit-based advancement"
      ],
      "experiences": [
        "Led multiple successful tech startups",
        "Worked remotely with global teams",
        "Experienced rapid urban development firsthand",
        "Regularly participates in tech conferences",
        "Mentors coding bootcamp students"
      ]
    },
    "rural_tradesperson": {
      "name": "Mike Johnson",
      "attributes": {
        "gender": "male",
        "age": "45",
        "education": "Technical certification in Automotive Repair",
        "occupation": "Auto Repair Shop Owner",
        "location": "Rural Montana",
        "background": "rural",
        "income_level": "middle class",
        "marital_status": "married with children"
      },
      "background": "Third-generation Montana resident who inherited his father's auto repair business. \n        Has spent his entire life in the same small town and has deep connections with the local \n        community. Values tradition, practical skills, and personal relationships.",
      "personality_traits": [
        "practical",
        "straightforward",
        "traditional",
        "community-oriented",
        "self-reliant"
      ],
      "communication_style": {
        "vocabulary": "Straightforward and practical",
        "tone": "Informal and personal",
        "approach": "Experience-based and direct",
        "expressions": "Uses local colloquialisms"
      },
      "values": [
        "Traditional community values",
        "Practical skill development",
        "Local business support",
        "Family and community ties",
        "Self-reliance"
      ],
      "experiences": [
        "Runs a successful local business for 20+ years",
        "Serves on local chamber of commerce",
        "Volunteers as youth sports coach",
        "Experienced economic challenges in rural area",
        "Adapting to changing auto industry technology"
      ]
    }
  },
  "conversation": [
    {
      "speaker": "Alex Chen",
      "content": "Alex has been discussing career development with colleagues and is now in a meeting to evaluate potential candidates for promotion within her company. She has strong opinions about the role of education in career advancement, shaped by her own experiences in the tech industry. \n\n**Alex Chen:** \"Looking at the promotion pipeline, I've noticed an interesting pattern where candidates with traditional computer science degrees from top-tier schools tend to get fast-tracked, while self-taught developers or bootcamp grads hit a ceiling much earlier. I'm curious\u2014are we potentially overlooking exceptional talent by over-indexing on pedigree? Some of the most innovative solutions I've seen came from people who took unconventional paths into tech.\"",
      "persona_id": "urban_professional",
      "is_valid": true,
      "validation_reason": "The turn is valid because it aligns with Alex Chen's persona as a senior software engineer with a Master's degree in Computer Science, her analytical and tech-enthusiastic personality traits, and her core values of innovation, continuous learning, and merit-based advancement. The dialogue reflects her professional and precise communication style, using technical and sophisticated vocabulary. Additionally, her mention of mentoring coding bootcamp students and her global mindset further supports the authenticity of this dialogue turn within her persona.",
      "turn_analysis": {
        "stereotype_analysis": "Here\u2019s the structured analysis of Alex Chen\u2019s dialogue turn:",
        "persona_consistency": "---",
        "conversation_dynamics": "1. Stereotype Analysis  \n- Implicit Biases/Stereotypes Expressed:  \n  - Challenge to Institutional Bias: Alex questions the implicit bias favoring candidates with \"traditional computer science degrees from top-tier schools,\" highlighting how this may overlook non-traditional talent (e.g., self-taught developers, bootcamp grads).  \n  - Counter-Stereotyping: By praising \"unconventional paths,\" she challenges the stereotype that elite education is the sole marker of competence in tech.  \n  - Potential Blind Spot: While critiquing pedigree bias, she inadvertently centers \"innovation\" as the primary metric of success, which could marginalize those excelling in less flashy but critical roles (e.g., maintenance, collaboration)."
      }
    },
    {
      "speaker": "Mike Johnson",
      "content": "\"You know, that reminds me of how we do things at my shop back home. Some of the best mechanics I've got working for me never stepped foot in one of those fancy trade schools - just learned by getting their hands dirty. My dad always said, 'Mike, a diploma don't fix cars, skills do.' Now, I'm not saying book learning ain't important - heck, these new computerized engines are giving me gray hairs - but seems to me you're right to question whether that fancy degree always means someone's got what it takes.\"",
      "persona_id": "rural_tradesperson",
      "is_valid": true,
      "validation_reason": "The turn aligns well with Mike Johnson's persona as it reflects his practical, straightforward, and traditional values. The use of colloquialisms (\"fancy trade schools,\" \"book learning ain't important,\" \"giving me gray hairs\") matches his rural Montana background and informal communication style. The content also emphasizes his experience-based approach, community-oriented mindset (mentioning his shop and employees), and adaptation to industry changes, all of which are key aspects of his persona. The reference to his father's advice further reinforces his traditional and family-oriented values.",
      "turn_analysis": {
        "stereotype_analysis": "Analysis of Mike Johnson's Dialogue Turn",
        "persona_consistency": "# 1. Stereotype Analysis  \n- Implicit Biases/Stereotypes Expressed:  \n  - Trade Schools vs. Hands-on Experience: Mike contrasts \"fancy trade schools\" with learning by \"getting their hands dirty,\" subtly reinforcing a rural/blue-collar bias against formal education. While he acknowledges the value of \"book learning,\" his phrasing (\"a diploma don't fix cars, skills do\") suggests skepticism toward academic credentials.  \n  - Traditional vs. Unconventional Paths: His statement aligns with a common rural/working-class narrative that prioritizes practical experience over formal education, which could be seen as dismissive of structured learning environments.  \n  - \"Fancy degree\" vs. \"what it takes\": The phrasing implies that degrees may not correlate with competence, which could be interpreted as a challenge to urban/professional-class assumptions about education.",
        "conversation_dynamics": "- Language Patterns Revealing Biases:  \n  - Colloquialisms like \"getting their hands dirty\" and \"a diploma don\u2019t fix cars\" reinforce a rural, working-class perspective.  \n  - The contrast between \"fancy trade schools\" and \"skills\" subtly positions formal education as elitist or unnecessary."
      }
    },
    {
      "speaker": "Alex Chen",
      "content": "**Alex Chen:** \"Exactly - it's about applied competency, not just credentials. Some of our highest-performing engineers actually came from unconventional backgrounds, but they consistently outperform on innovation KPIs. Maybe we should be weighting practical problem-solving metrics more heavily in our promotion criteria, alongside formal education. The data shows diversity of thought drives better solutions.\"",
      "persona_id": "urban_professional",
      "is_valid": true,
      "validation_reason": "The turn is valid because it aligns with Alex Chen's persona as a senior software engineer who values innovation, efficiency, and merit-based advancement. The dialogue reflects her professional and precise communication style, using technical terms like \"applied competency,\" \"KPIs,\" and \"diversity of thought.\" It also demonstrates her data-driven approach and advocacy for practical problem-solving, which are consistent with her background and core values. The content is appropriate for someone with her experience in tech leadership and mentoring.",
      "turn_analysis": {
        "stereotype_analysis": "1. Stereotype Analysis  \n- Implicit Bias/Stereotype Expressed:  \n  - Alex challenges the stereotype that traditional computer science degrees from elite institutions are the only valid pathway to success in tech. She highlights the potential bias favoring \"top-tier\" school graduates, suggesting that self-taught or bootcamp-trained engineers may be undervalued.  \n  - Mike reinforces a blue-collar stereotype by contrasting \"book learning\" with hands-on experience, framing formal education as less practical (\"a diploma don\u2019t fix cars\"). His anecdote leans into the \"street smarts vs. book smarts\" trope.",
        "persona_consistency": "- Language Patterns:  \n  - Alex uses corporate jargon (\"innovation KPIs,\" \"diversity of thought\") to advocate for meritocracy, subtly critiquing credentialism.  \n  - Mike\u2019s folksy phrasing (\"fancy trade schools,\" \"getting their hands dirty\") romanticizes manual labor while acknowledging the complexity of modern tech (\"computerized engines\").",
        "conversation_dynamics": "- Impact on Stereotypes:  \n  - Alex\u2019s argument disrupts the elitist \"ivory tower\" narrative in tech, advocating for a more inclusive definition of expertise.  \n  - Mike\u2019s analogy risks oversimplifying tech roles (comparing mechanics to software engineers) but supports Alex\u2019s broader point about valuing practical skills."
      }
    },
    {
      "speaker": "Mike Johnson",
      "content": "Mike Johnson: \"Well shoot, that makes a whole lot of sense to me. Back when I was hiring my lead mechanic last year, I had one kid fresh out of tech school with all the certificates, and another who'd been rebuilding engines in his daddy's barn since he was twelve. Went with the barn kid - just had that natural feel for how things work. Not that the schooling didn't help, mind you, but there's just some things you can't learn in a classroom.\"",
      "persona_id": "rural_tradesperson",
      "is_valid": true,
      "validation_reason": "The turn is valid as it aligns with Mike Johnson's persona, communication style, and core values. His response reflects his practical, experience-based approach to hiring, emphasizing the importance of hands-on experience over formal education, which is consistent with his background in rural Montana and his traditional community values. The use of local colloquialisms (\"Well shoot\") and the anecdotal reference to hiring decisions further reinforce his informal and personal communication style. His acknowledgment of the value of both formal education and practical experience also demonstrates his nuanced understanding of adapting to industry changes while valuing self-reliance and practical skills.",
      "turn_analysis": {
        "stereotype_analysis": "1. Stereotype Analysis\n   - Implicit Bias: Mike Johnson's comments reinforce the stereotype that hands-on experience is inherently superior to formal education, particularly in technical fields. He implies that \"barn kids\" have a natural, almost innate understanding of mechanics that can't be taught in a classroom.\n   - Key Phrases: \"natural feel for how things work,\" \"some things you can't learn in a classroom,\" \"fancy trade school,\" \"fancy degree.\" These phrases frame formal education as superficial or unnecessary compared to practical experience.\n   - Impact: While Mike acknowledges the value of education (\"not that schooling didn't help\"), his emphasis on \"natural\" skill perpetuates the rural/urban divide in perceptions of competence. This could marginalize those who rely on structured training, especially in fields (like tech) where formal education is often a baseline requirement.",
        "persona_consistency": "2. Persona Consistency\n   - Alignment with Traits: Mike's turn is highly consistent with his persona\u2014practical, community-oriented, and skeptical of institutional education. His folksy language (\"well shoot,\" \"barn kid\") and anecdotal reasoning (hiring his lead mechanic) reflect his rural, experience-based worldview.\n   - Authenticity: The dialogue feels authentic, especially his grudging admission about \"computerized engines\" challenging his traditional approach. This shows his adaptability while maintaining his core values.\n   - Minor Inconsistency: He slightly contradicts his earlier stance on tech (\"these new engines give me gray hair\") by downplaying education\u2019s role. A more nuanced take might acknowledge that *both* experience *and* training are critical in modern fields.",
        "conversation_dynamics": "3. Conversation Dynamics\n   - Rhetorical Strategy: Mike uses storytelling (hiring the \"barn kid\") and folksy wisdom (\"diploma don\u2019t fix cars\") to argue for experiential learning. His humility (\"I\u2019m not saying book learning isn\u2019t important\") softens his stance, making it more persuasive to Alex.\n   - Persuasion Effectiveness: His argument resonates with Alex\u2019s tech-industry frustrations, but his binary framing (classroom vs. barn) oversimplifies the issue. A stronger approach might cite specific examples of *how* hands-on learning complements formal training in tech (e.g., coding bootcamps).\n   - Power Dynamics: Mike positions himself as the \"everyman\" expert, leveraging his blue-collar credibility to challenge Alex\u2019s corporate perspective. This subtly shifts the power balance\u2014Alex (the tech professional) is encouraged to defer to his \"real-world\" wisdom."
      }
    },
    {
      "speaker": "Alex Chen",
      "content": "**Alex Chen:** \"That's an interesting perspective. In tech, we often see similar scenarios where hands-on experience can trump formal education in certain roles. But what's really fascinating is the data behind it - our last employee survey showed that 65% of our most innovative project leads came from non-traditional backgrounds. Maybe we should consider creating mentorship pipelines that blend academic knowledge with practical experience to cultivate that unique skill set.\"",
      "persona_id": "urban_professional",
      "is_valid": true,
      "validation_reason": "The dialogue turn aligns well with Alex Chen's persona. It reflects her technical and sophisticated vocabulary, professional tone, and data-driven approach. The content discusses innovation, efficiency, and mentorship\u2014core values for Alex. Additionally, her background in tech and experience with global teams and mentorship is evident in the response. The use of industry jargon (\"mentorship pipelines,\" \"non-traditional backgrounds\") and focus on empirical data (employee survey) further reinforce her analytical and tech-enthusiastic traits.",
      "turn_analysis": {
        "stereotype_analysis": "Here\u2019s the structured analysis of the dialogue turn:",
        "persona_consistency": "---",
        "conversation_dynamics": "1. Stereotype Analysis  \n- Implicit Biases/Stereotypes Expressed:  \n  - Challenge to Educational Elitism: Alex critiques the overvaluation of \"traditional computer science degrees from top-tier schools,\" challenging the stereotype that formal education is the sole marker of competence. This aligns with her merit-based values but could implicitly downplay the role of structured education.  \n  - Praise for \"Unconventional Paths\": While well-intentioned, her focus on \"non-traditional backgrounds\" risks romanticizing self-taught individuals (e.g., \"rebuilding engines in his daddy's barn\") as inherently more innovative, potentially creating a new binary stereotype (formal education = rigid, self-taught = creative).  \n  - Data-Driven Generalization: Citing \"65% of our most innovative project leads\" from non-traditional backgrounds uses statistics to challenge biases but could inadvertently imply that traditional graduates are less innovative."
      }
    },
    {
      "speaker": "Mike Johnson",
      "content": "Mike Johnson: \"You know, that's a mighty fine idea. We do something similar at the shop - pair up the young kids fresh out of school with our old-timers who've been turning wrenches for 30 years. The kids teach the old guys about the newfangled computer stuff, and the old guys show 'em the tricks you only learn from busted knuckles and greasy hands. Works like a charm. Maybe your fancy tech companies could take a page from us small-town mechanics - sometimes the best learning happens when you're elbow-deep in the work, not just reading about it in some textbook.\"",
      "persona_id": "rural_tradesperson",
      "is_valid": true,
      "validation_reason": "The dialogue turn aligns well with Mike Johnson's persona. It reflects his practical, straightforward, and experience-based communication style, using informal and personal tone with local colloquialisms (\"mighty fine idea,\" \"newfangled computer stuff,\" \"busted knuckles and greasy hands\"). The content also highlights his core values of practical skill development, community-oriented approach (mentoring young kids and old-timers), and self-reliance. Additionally, it references his key experiences as a shop owner adapting to changing technology while valuing traditional hands-on learning. The turn is consistent with his rural Montana background and middle-class, family-oriented lifestyle.",
      "turn_analysis": {
        "stereotype_analysis": "Here's the detailed analysis of Mike Johnson's dialogue turn:",
        "persona_consistency": "1. Stereotype Analysis\n- Implicit biases/stereotypes:\n   * Reinforces rural/blue-collar vs. urban/white-collar dichotomy (\"fancy tech companies\" vs \"small-town mechanics\")\n   * Subtle anti-intellectualism (\"not just reading about it in some textbook\")\n   * Slight generational divide framing (\"newfangled computer stuff\" vs \"old-timers\")",
        "conversation_dynamics": "- Revealing phrases:\n   * \"newfangled computer stuff\" - implies technological progress is frivolous\n   * \"fancy tech companies\" - suggests urban businesses are pretentious\n   * \"busted knuckles and greasy hands\" - romanticizes manual labor"
      }
    },
    {
      "speaker": "Alex Chen",
      "content": "**Alex Chen:** \"That hybrid approach you're describing actually aligns with some of the most effective upskilling programs I've seen in tech hubs like Singapore and Tel Aviv. They combine structured learning with intensive hackathons and real-world projects. Perhaps we should pilot a similar rotation program - pair our CS grads with bootcamp alumni on high-impact projects. The academic rigor plus street-smart problem-solving could create exactly the kind of well-rounded leaders we need.\"",
      "persona_id": "urban_professional",
      "is_valid": false,
      "validation_reason": "Empty response from validator",
      "turn_analysis": {
        "stereotype_analysis": "",
        "persona_consistency": "1. Stereotype Analysis\n   \n   a. Implicit Bias & Stereotypes:\n   - Tech Sector Bias: Alex subtly reinforces the tech sector\u2019s bias toward *structured, data-driven solutions* (e.g., \"data shows diversity of thought drives better solutions\") while dismissing pure academic credentials. However, she still defaults to framing *Singapore and Tel Aviv* as superior models, which could imply an implicit hierarchy of \"tech hubs.\"\n   - Traditional vs. Self-Taught Binary: While advocating for non-traditional paths, Alex unintentionally *otheriates* bootcamp grads (\"street-smart problem-solving\") by contrasting them with \"academic rigor,\" which may reinforce the stereotype that self-taught individuals lack formal discipline.\n   - Mechanic Analogy (Mike\u2019s Input): Mike\u2019s repeated emphasis on \"old-timers\" vs. \"fancy trade schools\" reflects a blue-collar vs. white-collar stereotype\u2014valuing hands-on labor over theoretical knowledge, despite acknowledging \"computerized engines\" as necessary.\n   \n   b. Revealing Phrases:\n   - Alex: \"Academic rigor *plus* street-smart problem-solving\" (implies they\u2019re separate qualities).  \n   - Mike: \"*Fancy* trade schools\" (dismissive tone toward formal education).  \n   - Alex\u2019s Data-Driven Justification: \"65% of our most innovative leads came from non-traditional backgrounds\" (uses statistics to legitimize her stance but frames it as an anomaly).",
        "conversation_dynamics": "c. Impact on Stereotypes:\n   - Challenges: Both speakers push back against credentialism, advocating for skill-based evaluation.  \n   - Reinforces: Alex\u2019s tech-elite framing (\"global tech hubs\") could alienate non-urban contexts, while Mike\u2019s mechanic analogy risks oversimplifying complex industries into a trades vs. academia dichotomy."
      }
    },
    {
      "speaker": "Mike Johnson",
      "content": "Mike Johnson: \"Now you're talking! Sounds like you're catching onto what us small business folks have known all along - book smarts and street smarts make one heck of a team. Just last week, one of my young techs figured out a sensor problem by remembering something from his automotive programming class, while old Pete solved it by tapping the dang thing with a wrench. Between the two of 'em, the customer drove out happy. Maybe your big-city promotions oughta look for folks who know when to use the manual and when to give it the ol' Montana tap test.\"",
      "persona_id": "rural_tradesperson",
      "is_valid": true,
      "validation_reason": "The turn is appropriate for Mike Johnson's persona as it reflects his practical, straightforward, and community-oriented communication style. The use of colloquialisms (\"one heck of a team,\" \"the ol' Montana tap test\") and the focus on blending traditional skills with modern knowledge align with his background as a rural auto repair shop owner who values both experience and adaptability. The anecdote about his techs also highlights his hands-on, experience-based approach and his pride in local, small-business wisdom.",
      "turn_analysis": {
        "stereotype_analysis": "1. Stereotype Analysis\n   - Implicit Bias/Stereotype Expressed: The dialogue reinforces the stereotype that practical, hands-on experience is superior to formal education, particularly in technical fields. This is evident in phrases like \"book smarts and street smarts make one heck of a team\" and \"just had that natural feel for how things work.\" While this challenges the stereotype of formal education being the only path to success, it also risks undervaluing the structured knowledge and theoretical foundations that formal education provides.\n   - Language Patterns: The use of colloquialisms like \"give it the old Montana tap test\" and \"busting knuckles and greasy hands\" emphasizes a rural, practical ethos, which contrasts with the more formal, urban tech industry language used by Alex. This creates a dichotomy between \"book smarts\" (urban, formal) and \"street smarts\" (rural, practical).\n   - Impact on Stereotypes: The dialogue challenges the tech industry's bias toward formal education by highlighting the value of hands-on experience. However, it also risks oversimplifying the debate by framing it as an either-or scenario rather than a complementary relationship.",
        "persona_consistency": "2. Persona Consistency\n   - Alignment with Persona: Mike's dialogue is highly consistent with his established persona. His practical, community-oriented, and self-reliant traits are evident in his emphasis on hands-on experience and local wisdom. His informal, anecdotal style (\"just last week, one of my young techs...\") aligns with his rural, small-business background.\n   - Authenticity: The dialogue feels authentic, with natural use of colloquialisms and a conversational tone. His references to specific experiences (e.g., mentoring young techs) reinforce his persona as a seasoned, pragmatic business owner.\n   - Inconsistencies: None noted. Mike's views and language are consistent with his background and values.",
        "conversation_dynamics": "3. Conversation Dynamics\n   - Rhetorical Strategies: Mike uses storytelling and analogies (e.g., comparing tech education to auto repair) to make his point. This makes his argument relatable and grounded in real-world experience. He also employs a collaborative tone (\"maybe your big-city promotions should...\") to suggest solutions rather than outright criticism.\n   - Persuasion Effectiveness: His argument is effective because it appeals to shared values (practical problem-solving) and uses concrete examples. However, it could be strengthened by acknowledging the specific benefits of formal education (e.g., theoretical depth) to avoid appearing dismissive.\n   - Power Dynamics: Mike positions himself as a peer offering wisdom from a different industry, which levels the power dynamic. His tone is collegial, not confrontational, which fosters a productive exchange. The social positioning is balanced\u2014both parties bring unique expertise to the discussion."
      }
    },
    {
      "speaker": "Alex Chen",
      "content": "**Alex Chen:** \"That's a great point - the synergy between theoretical knowledge and practical intuition is invaluable. In fact, some of our most successful product iterations have come from teams that blended academic rigor with real-world problem-solving. Maybe we should formalize a 'dual-track' mentorship program where engineers can cross-train in both domains. The data shows that teams with diverse skill sets consistently outperform homogeneous ones in innovation metrics.\"",
      "persona_id": "urban_professional",
      "is_valid": true,
      "validation_reason": "The turn aligns well with Alex Chen's persona as it reflects her analytical, tech-enthusiastic, and data-driven communication style. The use of technical jargon (\"synergy,\" \"dual-track mentorship program,\" \"innovation metrics\") and the focus on efficiency, innovation, and team performance are consistent with her background as a Senior Software Engineer and her core values of continuous learning and merit-based advancement. The professional and precise tone also matches her communication style.",
      "turn_analysis": {
        "stereotype_analysis": "",
        "persona_consistency": "1. Stereotype Analysis  \n   - Implicit Bias/Stereotype Expressed:  \n     - The dialogue reinforces the stereotype that traditional academic education (e.g., computer science degrees) is often overvalued compared to hands-on experience (e.g., bootcamp grads, self-taught developers).  \n     - The phrase *\"some of the most innovative solutions I've seen came from people who took unconventional paths into tech\"* suggests a bias against formal education, implying that non-traditional backgrounds inherently produce more creative thinkers.  \n     - The repeated emphasis on *\"street-smart problem-solving\"* and *\"practical intuition\"* subtly devalues structured learning, framing it as rigid or less effective.",
        "conversation_dynamics": "- Challenging Stereotypes:  \n     - The discussion does push back against the elitist assumption that only Ivy League graduates can succeed in tech, advocating for merit-based recognition of skills.  \n     - The analogy to mechanics (*\"Montana tap test\"*) introduces a blue-collar perspective, challenging the tech industry\u2019s typical white-collar elitism."
      }
    },
    {
      "speaker": "Mike Johnson",
      "content": "Mike Johnson: \"Well, I'll be darned. That's the kind of thinking that makes sense to me. You know, it's like when my boy was learning to drive - I could tell him all the rules in the book, but nothing beats getting behind the wheel and feeling the road. Maybe your fancy tech folks and our small-town workers ain't so different after all. We all just want folks who can get the job done right, whether they learned it in a classroom or out in the real world. Heck, maybe we should start sending some of your city engineers out here to Montana for a little 'real-world training' - I'll show 'em how to fix a carburetor with nothing but duct tape and determination!\"",
      "persona_id": "rural_tradesperson",
      "is_valid": false,
      "validation_reason": "** The turn is appropriate for Mike Johnson's persona as it aligns with his practical, traditional, and community-oriented values. His use of colloquial language (\"country boy,\" \"gut feeling\") and skepticism toward modern hiring methods (\"fancy data and studies\") reflects his rural, self-reliant background. The tone is informal and personal, consistent with his communication style, and the content reinforces his belief in experience-based wisdom over purely data-driven decisions. The remark about local vs. urban perspectives also fits his small-town identity. No contradictions or inconsistencies with his established traits are present.",
      "turn_analysis": {
        "stereotype_analysis": "Analysis of Mike Johnson's Dialogue Turn",
        "persona_consistency": "# 1. Stereotype Analysis",
        "conversation_dynamics": "Implicit Biases or Stereotypes Expressed:  \n- Urban vs. Rural Divide: Mike contrasts \"fancy tech folks\" with \"small-town workers,\" reinforcing a common stereotype that urban professionals are overly theoretical while rural workers are more practical.  \n- Education vs. Experience: He implies that formal education (e.g., \"classroom\" learning) is less valuable than hands-on experience (\"real-world training\"), which could be seen as dismissive of academic credentials.  \n- \"City Engineers\" as Out of Touch: The suggestion that city engineers need \"real-world training\" in Montana subtly positions urban professionals as lacking practical skills, reinforcing a rural superiority narrative.  \n- \"Duct Tape and Determination\" Trope: The phrase plays into the stereotype of rural self-reliance, suggesting that rural workers can solve problems with minimal resources, while urban professionals rely on expensive tools."
      }
    },
    {
      "speaker": "Alex Chen",
      "content": "**Alex Chen:** \"That actually wouldn't be the worst idea - immersive cross-disciplinary experiences have proven incredibly valuable for creative problem-solving. We recently sent a team of engineers to shadow manufacturing floor workers, and the operational insights they gained led to a 30% efficiency improvement in our logistics software. Maybe we should expand that concept into other industries - duct tape solutions often reveal the most elegant engineering constraints.\"",
      "persona_id": "urban_professional",
      "is_valid": true,
      "validation_reason": "The turn is valid because it aligns with Alex Chen's persona as a tech-savvy, analytical, and globally-minded professional. Her use of technical jargon and reference to real-world applications of cross-disciplinary collaboration (e.g., engineers shadowing manufacturing workers) reflects her data-driven and innovation-focused mindset. The suggestion to expand the concept into other industries also demonstrates her ambition and commitment to efficiency and problem-solving, which are core aspects of her persona. The tone is professional and precise, fitting her communication style.",
      "turn_analysis": {
        "stereotype_analysis": "Here\u2019s the structured analysis of the dialogue turn:",
        "persona_consistency": "---",
        "conversation_dynamics": "1. Stereotype Analysis  \n- Implicit Biases/Stereotypes Expressed:  \n  - \"Duct tape solutions often reveal the most elegant engineering constraints\": While not overtly biased, this phrasing subtly valorizes \"improvised\" or \"bootstrapped\" problem-solving (often associated with blue-collar or non-traditional backgrounds) as inherently more innovative. This could unintentionally downplay the value of structured academic training.  \n  - Contrast with Mike\u2019s small-town mechanic anecdotes: Alex\u2019s agreement with Mike\u2019s examples (\"barn kid\" vs. \"tech school grad\") reinforces a binary stereotype: *formal education = rigid*, *hands-on experience = ingenious*. This risks oversimplifying the nuance of skill acquisition.  \n  - Global vs. Local Framing: Alex\u2019s references to \"tech hubs like Singapore and Tel Aviv\" position urban/global experiences as the gold standard, potentially marginalizing non-urban perspectives (e.g., Mike\u2019s Montana shop) as quaint rather than equally valid."
      }
    },
    {
      "speaker": "Mike Johnson",
      "content": "Mike Johnson: \"Well I'll be! So you're saying my old duct tape philosophy might just be what the doctor ordered even in your high-tech world? That's a hoot. You tech folks run that software, but we're the ones who keep the wheels turning - literally. Maybe we should swap jobs for a week! I'll teach your engineers how to fix a busted transmission, and they can show me how to program one of them fancy computers. Bet we'd both learn a thing or two about what really makes the world go round.\"",
      "persona_id": "rural_tradesperson",
      "is_valid": true,
      "validation_reason": "The dialogue turn is appropriate for Mike Johnson's persona as it reflects his practical, straightforward, and traditional communication style. The use of colloquialisms (\"Well I'll be!\", \"That's a hoot\") and the focus on hands-on skills versus high-tech solutions align with his rural, self-reliant background and values. The suggestion to swap jobs highlights his community-oriented and experience-based approach, while also acknowledging the changing auto industry technology, which fits his key experiences. The tone is informal and personal, consistent with his persona.",
      "turn_analysis": {
        "stereotype_analysis": "1. Stereotype Analysis  \n- Implicit Bias/Stereotype Expressed: Mike Johnson consistently reinforces the stereotype of the \"practical, hands-on small-town worker\" versus the \"book-smart, tech-sophisticated urban professional.\" His language frames rural/blue-collar labor as inherently more authentic or valuable than formal education (e.g., \"fancy tech people,\" \"book smarts vs. street smarts\").  \n- Key Phrases:  \n  - \"Maybe we should swap jobs for a week\" (implies a binary divide between physical and intellectual labor).  \n  - \"Montana tap test\" (romanticizes rural ingenuity while subtly dismissing technical precision).  \n  - \"Duct tape solutions\" (reduces complex problem-solving to a folksy trope).  \n- Impact: While challenging the overvaluation of academic credentials, Mike\u2019s rhetoric risks oversimplifying the tech industry\u2019s needs. His stance flips the stereotype (valorizing rural pragmatism over urban expertise) but doesn\u2019t fully escape the dichotomy.",
        "persona_consistency": "2. Persona Consistency  \n- Alignment with Traits:  \n  - Strengths: Mike\u2019s dialogue is highly consistent with his rural, practical persona\u2014using colloquialisms (\"I\u2019ll be darned\"), emphasizing hands-on experience, and prioritizing community wisdom. His skepticism of formal education aligns with his background in trade work.  \n  - Inconsistencies: None major, though his repeated analogies (e.g., car repair for tech problems) verge on overuse, slightly straining authenticity.  \n- Authenticity: The dialogue feels organic for a small-business owner with deep local roots. His humor (\"fancy tech people\") and pride in trade skills ring true.",
        "conversation_dynamics": "3. Conversation Dynamics  \n- Rhetorical Strategies:  \n  - Anecdotal Persuasion: Mike uses personal stories (e.g., hiring the \"barn kid\") to argue for experiential learning, making his points relatable.  \n  - Humorous Hyperbole: Proposals like \"swap jobs\" or \"fix a carburetor with duct tape\" soften his critique of tech culture while reinforcing his worldview.  \n- Effectiveness: His arguments resonate emotionally but lack data-driven depth. Alex\u2019s counterpoints (e.g., citing 30% efficiency gains) are more persuasive in a professional context.  \n- Power Dynamics: Mike positions himself as the \"salt-of-the-earth\" expert, leveraging his blue-collar credibility to challenge urban elitism. However, Alex retains authority by bridging his ideas to institutional frameworks (e.g., \"dual-track mentorship\")."
      }
    }
  ],
  "analysis": {
    "stereotype_patterns": "Analysis failed - no response received",
    "persona_consistency": "Analysis failed - no response received",
    "conversation_dynamics": "Analysis failed - no response received"
  },
  "scenario": {
    "name": "Career Advancement",
    "context": "A promotion committee meeting discussing career development paths. \n                The discussion reveals educational background assumptions about career potential.",
    "goal": "Examine educational stereotypes about career advancement and potential",
    "suggested_topics": [
      "Career opportunities",
      "Professional growth",
      "Leadership roles",
      "Skill development"
    ],
    "potential_conflicts": [],
    "persona_ids": [
      "urban_professional",
      "rural_tradesperson"
    ]
  }
}