{
  "context": "A team meeting discussing project assignments and expertise. \n                The conversation reveals educational background biases about professional capability.",
  "goal": "Explore educational stereotypes about professional competence and expertise",
  "personas": {
    "academic_researcher": {
      "name": "Dr. Elena Rodriguez",
      "attributes": {
        "gender": "female",
        "age": "42",
        "education": "Ph.D. in Sociology",
        "occupation": "University Professor",
        "location": "Boston, Massachusetts",
        "background": "urban",
        "income_level": "middle class",
        "marital_status": "married"
      },
      "background": "Born in Spain, moved to the US for graduate studies and stayed for an academic career. \n        Specializes in social inequality and cultural studies. Has conducted research in multiple countries \n        and published extensively. Values intellectual rigor, evidence-based approaches, and social justice.",
      "personality_traits": [
        "analytical",
        "thoughtful",
        "critical",
        "detail-oriented",
        "socially conscious"
      ],
      "communication_style": {
        "vocabulary": "Academic and precise",
        "tone": "Thoughtful and measured",
        "approach": "Evidence-based and nuanced",
        "expressions": "Uses academic terminology and references research"
      },
      "values": [
        "Intellectual rigor",
        "Social justice",
        "Evidence-based approaches",
        "Critical thinking",
        "Global perspective"
      ],
      "experiences": [
        "Conducted research in multiple countries",
        "Published in top academic journals",
        "Received research grants",
        "Taught diverse student populations",
        "Advised graduate students"
      ]
    },
    "rural_tradesperson": {
      "name": "Mike Johnson",
      "attributes": {
        "gender": "male",
        "age": "45",
        "education": "Technical certification in Automotive Repair",
        "occupation": "Auto Repair Shop Owner",
        "location": "Rural Montana",
        "background": "rural",
        "income_level": "middle class",
        "marital_status": "married with children"
      },
      "background": "Third-generation Montana resident who inherited his father's auto repair business. \n        Has spent his entire life in the same small town and has deep connections with the local \n        community. Values tradition, practical skills, and personal relationships.",
      "personality_traits": [
        "practical",
        "straightforward",
        "traditional",
        "community-oriented",
        "self-reliant"
      ],
      "communication_style": {
        "vocabulary": "Straightforward and practical",
        "tone": "Informal and personal",
        "approach": "Experience-based and direct",
        "expressions": "Uses local colloquialisms"
      },
      "values": [
        "Traditional community values",
        "Practical skill development",
        "Local business support",
        "Family and community ties",
        "Self-reliance"
      ],
      "experiences": [
        "Runs a successful local business for 20+ years",
        "Serves on local chamber of commerce",
        "Volunteers as youth sports coach",
        "Experienced economic challenges in rural area",
        "Adapting to changing auto industry technology"
      ]
    }
  },
  "conversation": [
    {
      "speaker": "Dr. Elena Rodriguez",
      "content": "\"I've been reviewing the project assignments, and I can't help but notice a concerning pattern emerging. Several key leadership roles seem to be going exclusively to team members with Ivy League credentials, despite clear evidence that some of our state university graduates have more relevant field experience. This reminds me of my recent research on credentialism in professional settings - where we consistently overvalue prestige markers while undervaluing actual demonstrated competence. Perhaps we should examine whether we're unconsciously replicating these educational hierarchies in our own team structure?\"",
      "persona_id": "academic_researcher",
      "is_valid": true,
      "validation_reason": "The dialogue turn aligns perfectly with Dr. Elena Rodriguez's persona. It demonstrates her analytical and critical nature, her focus on social inequality (specifically credentialism), and her evidence-based approach. The academic vocabulary (\"credentialism,\" \"educational hierarchies\"), thoughtful tone, and reference to her own research are consistent with her communication style. The content also reflects her core values of intellectual rigor, social justice, and critical thinking, while drawing from her key experiences in research and academia. The turn shows her global perspective by addressing systemic biases in professional settings.",
      "turn_analysis": {
        "stereotype_analysis": "Here is the structured analysis of the dialogue turn:",
        "persona_consistency": "1. Stereotype Analysis\n   - Implicit Bias Identification: The speaker challenges the implicit bias that Ivy League credentials inherently equate to superior leadership capability. The phrase \"overvalue prestige markers while undervaluing actual demonstrated competence\" critiques the systemic preference for elite educational backgrounds.\n   - Language Patterns: Terms like \"credentialism\" and \"educational hierarchies\" frame the issue as a systemic bias rather than individual merit, reinforcing the critique of institutionalized elitism. The comparison to research on professional credentialism adds empirical weight to the argument.\n   - Stereotype Impact: The turn actively counters the stereotype that prestigious education guarantees competence, instead advocating for a meritocratic evaluation of field experience. It highlights how such biases can perpetuate inequitable power structures within teams.",
        "conversation_dynamics": "2. Persona Consistency\n   - Alignment with Traits: The turn strongly aligns with Dr. Rodriguez\u2019s persona\u2014her academic background (Ph.D. in sociology), focus on social inequality, and evidence-based approach are evident. The critique of credentialism reflects her expertise in cultural studies and commitment to social justice.\n   - Authenticity: The language is consistent with her academic communication style (e.g., \"credentialism,\" \"educational hierarchies\"). The reference to her recent research reinforces her identity as a scholar actively engaged in relevant discourse.\n   - Consistency Check: No inconsistencies are noted. The argument\u2019s nuance and reliance on research mirror her established critical, analytical traits."
      }
    },
    {
      "speaker": "Mike Johnson",
      "content": "Mike Johnson: \"Well, I'll tell ya, Doc, that sure rings true in my world. I've seen plenty of fancy-degreed folks come through my shop who couldn't tell a spark plug from a lug nut. Meanwhile, my best mechanic - local kid, barely finished high school - can diagnose an engine problem just by listening to it. In my line of work, it's what you can do with your hands that counts, not what's framed on your wall. These young folks coming out of them expensive schools, they know all the theory but can't change their own oil.\"",
      "persona_id": "rural_tradesperson",
      "is_valid": false,
      "validation_reason": "Empty response from validator",
      "turn_analysis": {
        "stereotype_analysis": "1. Stereotype Analysis\n   - Implicit Bias: Mike Johnson expresses a bias against formally educated individuals, particularly those with Ivy League degrees, suggesting they lack practical skills despite theoretical knowledge. This perpetuates the stereotype that academic education is disconnected from real-world applicability.\n   - Phrases Revealing Bias: \"fancy-degreed folks,\" \"can't tell a spark plug from a lug nut,\" \"know all the theory but can't change their own oil.\" These phrases dismiss the value of formal education and elevate hands-on experience as the only credible form of expertise.\n   - Challenge to Stereotype: While reinforcing the stereotype of the \"book-smart but practically inept\" academic, Mike challenges the societal bias that favors formal credentials over practical experience, advocating for a meritocracy based on demonstrable skills.",
        "persona_consistency": "2. Persona Consistency\n   - Alignment with Traits: The turn strongly aligns with Mike's established persona\u2014practical, self-reliant, and community-oriented, with a preference for experiential knowledge over theoretical learning.\n   - Consistency: His language is authentic to his rural, blue-collar background, using colloquialisms (\"spark plug from a lug nut\") and a conversational tone. His skepticism of formal education fits his history of valuing hands-on skills.\n   - Authenticity: The dialogue feels genuine, reflecting his lived experience as a small-town business owner who has likely encountered both skilled locals and underperforming graduates.",
        "conversation_dynamics": "3. Conversation Dynamics\n   - Rhetorical Strategy: Mike uses anecdotal evidence (his best mechanic's skill) and hyperbole (\"can't change their own oil\") to argue against credentialism. This appeals to emotion and shared values (practicality, local pride) rather than data.\n   - Persuasion Effectiveness: His argument is compelling to those who share his worldview but may alienate Dr. Rodriguez, who is critiquing systemic bias. He positions himself as a voice of grassroots wisdom, countering her academic perspective.\n   - Power Dynamics: Mike subtly asserts his authority as a seasoned practitioner, challenging Dr. Rodriguez's institutional credibility. This creates a tension between \"street smarts\" and \"book smarts,\" with Mike leveraging his blue-collar identity to claim moral high ground."
      }
    },
    {
      "speaker": "Dr. Elena Rodriguez",
      "content": "Dr. Elena Rodriguez: \"Your observation about vocational expertise is quite valid, Mike, though I'd caution against swinging too far in the opposite direction. My research shows this creates a false dichotomy between 'book smarts' and 'street smarts' that ultimately serves neither group. The mechanic you describe likely possesses sophisticated diagnostic skills that could benefit from theoretical understanding, just as the theoretically-trained engineers could learn from his practical wisdom. The real issue is our tendency to create hierarchies where we should be fostering complementary expertise.\"",
      "persona_id": "academic_researcher",
      "is_valid": true,
      "validation_reason": "The turn is valid because Dr. Elena Rodriguez's response reflects her academic background, thoughtful and measured communication style, and commitment to nuanced, evidence-based discussions. She critiques the false dichotomy between theoretical and practical knowledge, aligning with her expertise in social inequality and cultural studies. Her use of academic language and reference to research (\"My research shows\") further validate the appropriateness of her response. The content also demonstrates her values of intellectual rigor and global perspective, as she advocates for complementary expertise rather than hierarchical distinctions.",
      "turn_analysis": {
        "stereotype_analysis": "Here's the detailed analysis of the dialogue turn:",
        "persona_consistency": "1. Stereotype Analysis\n   - Challenges stereotypes by:\n     * Rejecting the \"false dichotomy\" between book smarts and street smarts\n     * Highlighting the value of both theoretical and practical knowledge\n     * Critiquing hierarchical thinking about expertise\n   - Specific anti-stereotypical phrases:\n     * \"sophisticated diagnostic skills\" (elevating manual labor)\n     * \"theoretically-trained engineers could learn from his practical wisdom\" (valuing non-academic knowledge)\n     * \"create hierarchies where we should be fostering complementary expertise\" (promoting equity)\n   - While Mike's previous turn contained stronger stereotypes (\"fancy-degreed folks\", \"can't change their own oil\"), Dr. Rodriguez reframes this more constructively",
        "conversation_dynamics": "2. Persona Consistency\n   - Strong alignment with established traits:\n     * Academic vocabulary: \"false dichotomy\", \"complementary expertise\"\n     * Evidence-based approach: \"My research shows...\"\n     * Social justice orientation: focus on equity in expertise valuation\n     * Global perspective: implicit in rejecting binary thinking\n   - Perfectly consistent with:\n     * Her sociology background (analyzing social hierarchies)\n     * Research specialty (social inequality)\n     * Communication style (nuanced, academic)\n   - Authentic dialogue that reflects:\n     * Her role as educator (guiding the conversation)\n     * Intellectual rigor (precise terminology)\n     * Social consciousness (addressing power dynamics)"
      }
    },
    {
      "speaker": "Mike Johnson",
      "content": "Mike Johnson: \"I hear what you're saying, Doc, but out here in ranch country, we've got a saying - 'You can't ride a diploma to town.' Now don't get me wrong, I've got nothing against schooling. But when some hotshot MBA rolls in talking about 'optimizing workflow' but can't tell a torque wrench from a hammer, you start questioning where we put our faith. My cousin's boy went to that fancy engineering school back east, and you know what? He still calls me when his truck acts up. There's knowing, and then there's doing.\"",
      "persona_id": "rural_tradesperson",
      "is_valid": true,
      "validation_reason": "The dialogue turn is appropriate for Mike Johnson's persona as it reflects his practical, straightforward, and traditional values. The use of local colloquialisms (\"You can't ride a diploma to town\") and the emphasis on hands-on experience over theoretical knowledge align with his rural, self-reliant background and his role as an auto repair shop owner. The mention of family (\"My cousin's boy\") and skepticism toward formal education without practical skills also resonate with his community-oriented and experience-based communication style.",
      "turn_analysis": {
        "stereotype_analysis": ">\n1. Stereotype Analysis\n   - Implicit bias: Mike Johnson continues to reinforce the stereotype that formal education is less valuable than hands-on experience, particularly in rural settings. His repeated emphasis on \"book smarts vs. street smarts\" creates a false dichotomy.\n   - Key phrases: \"fancy-degreed folks,\" \"can't tell a spark plug from a lug nut,\" \"know all the theory but can't change their own oil\" - these all reinforce negative stereotypes about educated professionals.\n   - Impact: While challenging credentialism, he's creating an equally problematic counter-stereotype that devalues academic achievement. His stance risks alienating those who combine both theoretical and practical knowledge.",
        "persona_consistency": "2. Persona Consistency\n   - Strong alignment with established traits: His rural perspective, practical focus, and skepticism of urban elites are all consistent with his background.\n   - Minor inconsistency: His dismissal of all educated professionals slightly contradicts his earlier acknowledgment of his cousin's son (an engineer) who still seeks his advice.\n   - Authenticity: The dialogue feels authentic to a rural business owner, though the anti-education rhetoric is slightly exaggerated compared to his initial more balanced view.",
        "conversation_dynamics": "3. Conversation Dynamics\n   - Rhetorical strategy: Uses vivid analogies and personal anecdotes to make his point, which is effective for his audience but may not persuade Dr. Rodriguez.\n   - Persuasion effectiveness: His arguments are compelling for those who share his worldview, but unlikely to change Dr. Rodriguez's more balanced perspective.\n   - Power dynamics: While Dr. Rodriguez holds academic authority, Mike asserts his practical authority, creating an interesting tension between different forms of expertise. His local knowledge gives him social capital in this context."
      }
    },
    {
      "speaker": "Dr. Elena Rodriguez",
      "content": "Dr. Elena Rodriguez: \"Your perspective highlights an important tension between formal education and practical knowledge, Mike. However, we must consider that this dichotomy itself is socially constructed. The skills your nephew's son acquires in engineering school and the expertise you value in your shop are both forms of intelligence - just differently situated. My research in rural communities actually shows that when we create spaces for these knowledge systems to interact, we often get the most innovative solutions. Perhaps the real question isn't which is superior, but how we can better integrate these complementary ways of knowing.\"",
      "persona_id": "academic_researcher",
      "is_valid": true,
      "validation_reason": "The turn is valid because it aligns with Dr. Elena Rodriguez's persona, background, and communication style. She demonstrates her analytical and thoughtful approach by critically examining the dichotomy between formal education and practical knowledge, which is consistent with her expertise in social inequality and cultural studies. Her use of academic language and reference to her research in rural communities reflects her evidence-based and nuanced communication style. Additionally, her focus on integrating different forms of knowledge aligns with her core values of intellectual rigor, social justice, and a global perspective. The response is well-structured and appropriate for her role as a university professor and researcher.",
      "turn_analysis": {
        "stereotype_analysis": "",
        "persona_consistency": "1. Stereotype Analysis\n   - Implicit Bias/Stereotype Expressed: Dr. Elena Rodriguez challenges the binary stereotype of \"book smarts\" vs. \"practical skills\" by highlighting their socially constructed nature. However, Mike Johnson reinforces the stereotype of \"ivory tower\" academics being disconnected from real-world skills (e.g., \"fancy-degreed people can't change their own oil,\" \"hotshot MBA can't tell a torque wrench from a hammer\"). His language frames formal education as inferior to hands-on experience, using hyperbolic contrasts (e.g., \"spark plug vs. lug nut\") to emphasize this divide.\n   - Phrases Revealing Bias:  \n     - Mike: \"You can't ride a diploma to town\" (dismissive of formal education).  \n     - Dr. Elena: \"Knowledge systems interacting breed innovation\" (nuanced reframing of the dichotomy).  \n   - Impact: Dr. Elena\u2019s turn *challenges* the stereotype by advocating for integration, while Mike\u2019s anecdotes *perpetuate* the divide, though he later concedes some value in education (\"I\u2019ve got nothing against schooling\").",
        "conversation_dynamics": "2. Persona Consistency  \n   - Alignment with Persona: Dr. Elena\u2019s response is highly consistent with her established traits. She uses academic framing (\"socially constructed,\" \"knowledge systems\") and references her research to advocate for a balanced perspective. Her tone remains measured and evidence-based.  \n   - Inconsistencies: None. Her argument reflects her expertise in social inequality and cultural studies.  \n   - Authenticity: The dialogue feels authentic. Her use of phrases like \"complementary ways of knowing\" aligns with her academic background and global perspective."
      }
    },
    {
      "speaker": "Mike Johnson",
      "content": "Mike Johnson: \"Integration sounds nice in theory, Doc, but out here we've got bills to pay and trucks to fix. You know how many college boys I've had to train to actually use the tools they designed? It's like they think the work just happens by magic. Now my daughter - she's getting her business degree at the state school, but she's been turning wrenches since she was twelve. That's the kind of education that matters - when the book learning meets the grease under your fingernails. Maybe instead of always sending the 'best and brightest' off to fancy schools, we oughta keep some smarts right here where the rubber meets the road.\"",
      "persona_id": "rural_tradesperson",
      "is_valid": true,
      "validation_reason": "The turn is valid because it aligns with Mike Johnson's persona, background, and communication style. His dialogue reflects his practical, straightforward, and community-oriented nature, as well as his deep connection to rural life and local business. The use of colloquial language and the focus on real-world experience over theoretical knowledge are consistent with his character. Additionally, the mention of his daughter's education and the critique of modern educational priorities further reinforce his traditional values and self-reliant mindset. The turn effectively captures his perspective on the challenges of integrating new ideas into a practical, hands-on environment.",
      "turn_analysis": {
        "stereotype_analysis": "",
        "persona_consistency": "1. Stereotype Analysis\n   - Implicit bias: Both Mike and Dr. Elena express biases about educational backgrounds. Mike consistently portrays \"college boys\" and \"fancy-degreed\" individuals as lacking practical skills, while Dr. Elena initially questions the overvaluation of Ivy League credentials.\n   - Key phrases: Mike's \"college boys\", \"fancy-degreed\", \"can't change their own oil\" vs Dr. Elena's \"hotshot MBA\", \"can't tell a torque wrench from a hammer\"\n   - Stereotype challenge: Dr. Elena attempts to deconstruct the binary thinking, arguing for integration of different knowledge systems, though Mike maintains his practical-knowledge-superiority stance.",
        "conversation_dynamics": "2. Persona Consistency\n   - Mike: Highly consistent with his rural, practical persona (100% alignment). His language (\"spark plug from a lug nut\", \"when the rubber meets the road\") and skepticism of formal education perfectly match his established profile.\n   - Dr. Elena: Shows good consistency (85%) as an academic trying to bridge theory/practice, though her sudden shift to academic jargon (\"socially constructed\", \"knowledge systems\") in later turns slightly strains her professional persona.\n   - Authenticity: Dialogue feels very authentic for both characters, with natural progression of their debate about education's value."
      }
    },
    {
      "speaker": "Dr. Elena Rodriguez",
      "content": "Dr. Elena Rodriguez: \"Your daughter's experience is a perfect example of what we call 'situated learning,' Mike. The combination of formal education and hands-on experience you describe is precisely the kind of integrated knowledge system I'm advocating for. However, we must be careful not to romanticize one form of learning over another. The challenge lies in creating institutional structures that value both theoretical knowledge and practical skills equally - where your daughter's business degree and mechanical expertise are seen as complementary assets rather than competing qualifications. This is about reimagining how we define professional competence in a way that honors diverse pathways to expertise.\"",
      "persona_id": "academic_researcher",
      "is_valid": true,
      "validation_reason": "The dialogue turn is appropriate for Dr. Elena Rodriguez's persona as it aligns with her academic background, communication style, and core values. The use of academic terminology (\"situated learning\"), the thoughtful and measured tone, and the evidence-based, nuanced approach to discussing the integration of formal education and hands-on experience are consistent with her character. Additionally, the focus on social justice and critical thinking, as well as the emphasis on reimagining institutional structures to value diverse pathways to expertise, reflects her specialization in social inequality and cultural studies. The dialogue also demonstrates her global perspective and intellectual rigor, making it a valid representation of her persona.",
      "turn_analysis": {
        "stereotype_analysis": "Here's the detailed analysis of the dialogue turn:",
        "persona_consistency": "1. Stereotype Analysis\n   - Challenges stereotypes by:\n     * Rejecting the false dichotomy between academic and vocational education (\"romanticize one form of learning over another\")\n     * Advocating for institutional change to value diverse expertise (\"reimagining how we define professional competence\")\n   - Implicit biases addressed:\n     * The common devaluation of vocational skills in academic settings\n     * The assumption that theoretical knowledge is superior to practical skills\n   - Notable phrases:\n     * \"complementary assets rather than competing qualifications\" - actively works against hierarchical thinking\n     * \"diverse pathways to expertise\" - promotes inclusive understanding of knowledge acquisition\n   - The turn effectively counters Mike's more binary thinking about education while validating his daughter's hybrid experience",
        "conversation_dynamics": "2. Persona Consistency\n   - Strong alignment with persona traits:\n     * Academic terminology (\"situated learning,\" \"institutional structures\") matches her education level\n     * Nuanced perspective (\"be careful not to romanticize\") reflects her critical thinking\n     * Research-based approach (\"the kind of integrated knowledge system I'm advocating for\")\n     * Social justice orientation visible in advocating for equitable valuation of different skills\n   - No inconsistencies found - maintains:\n     * Analytical approach\n     * Global perspective (references to institutional structures)\n     * Evidence-based communication style\n   - Authenticity indicators:\n     * Balances academic concepts with concrete examples\n     * Maintains professional tone while engaging with Mike's practical concerns"
      }
    },
    {
      "speaker": "Mike Johnson",
      "content": "Mike Johnson: \"Hell, Doc, you've got more faith in the system than I do. Out here, we judge folks by what they can get done, plain and simple. That fancy-pants consultant last year with all his PowerPoints couldn't figure out why our delivery trucks kept breaking down - took my guy Carl about ten minutes to spot the problem once he got under the hood. Now I'm not saying book learning's worthless, but when the chips are down, I'll take a man who knows his trade over one who just knows how to talk about it any day of the week.\"",
      "persona_id": "rural_tradesperson",
      "is_valid": true,
      "validation_reason": "The turn is consistent with Mike Johnson's persona, as it reflects his practical, straightforward, and self-reliant nature. The language and tone align with his informal and local colloquialism-filled communication style. The content emphasizes his preference for hands-on experience over theoretical knowledge, reinforcing his core values of practical skill and local community trust. Additionally, the anecdote about the delivery truck reinforces his experiential wisdom, making the dialogue authentic to his background as a rural auto repair shop owner.",
      "turn_analysis": {
        "stereotype_analysis": "Analysis of Mike Johnson's Dialogue Turn",
        "persona_consistency": "---",
        "conversation_dynamics": "# 1. Stereotype Analysis  \n   - Implicit Biases/Stereotypes Expressed:  \n     - Anti-intellectualism: Mike contrasts \"book learning\" with practical skills, framing formal education as less valuable (\"fancy-pants consultant,\" \"hotshot MBA\"). This perpetuates the rural/urban divide where theoretical knowledge is seen as disconnected from \"real\" work.  \n     - Class-based assumptions: The phrase \"judge folks by what they can get done\" implies a meritocracy bias, overlooking systemic barriers that might prevent others from gaining hands-on experience.  \n     - Gender-coded language: While not overt, the repeated use of \"man\" and \"guy\" (e.g., \"a man who knows his trade\") subtly reinforces male-dominated trade stereotypes, despite mentioning his daughter later."
      }
    },
    {
      "speaker": "Dr. Elena Rodriguez",
      "content": "Dr. Elena Rodriguez: \"Your skepticism is understandable, Mike, but consider this - what if Carl's diagnostic skills were combined with the consultant's data analysis capabilities? The consultant might have identified patterns in the breakdowns that weren't immediately visible, while Carl's hands-on knowledge could have provided context to interpret that data. My point is that both perspectives have value, and the most effective solutions often emerge when we bridge this divide. The challenge is creating systems where practical wisdom and theoretical knowledge can inform each other rather than compete.\"",
      "persona_id": "academic_researcher",
      "is_valid": true,
      "validation_reason": "The turn is appropriate for Dr. Elena Rodriguez's persona as it aligns with her analytical, thoughtful, and socially conscious personality traits. Her communication style is academic and precise, as evidenced by her use of complex reasoning and nuanced arguments about combining different perspectives for a more effective solution. Additionally, her focus on bridging practical and theoretical knowledge reflects her values of intellectual rigor, social justice, and critical thinking, which are central to her persona as a university professor specializing in social inequality and cultural studies.",
      "turn_analysis": {
        "stereotype_analysis": "Analysis of Dialogue Turn",
        "persona_consistency": "# 1. Stereotype Analysis  \n- Implicit Biases/Stereotypes Expressed:  \n  Dr. Rodriguez does not express overt stereotypes, but her response subtly challenges Mike\u2019s binary framing of \"book smarts vs. street smarts.\" She avoids reinforcing his implicit bias against formal education (e.g., \"fancy-degreed folks,\" \"hotshot MBA\") while validating his appreciation for practical skills.  \n  - Key Phrases:  \n    - *\"Both perspectives have value\"*: Rejects hierarchy between theoretical/practical knowledge.  \n    - *\"False dichotomy\"*: Explicitly critiques the stereotype that education and hands-on skill are mutually exclusive.  \n    - *\"Complementary expertise\"*: Reframes the debate to emphasize integration, countering Mike\u2019s either/or framing.",
        "conversation_dynamics": "- Stereotype Challenge:  \n  Her turn dismantles the \"ivory tower vs. real world\" trope by advocating for collaboration, aligning with her research on \"situated learning\" and social inequality. However, her academic language (\"socially constructed,\" \"institutional structures\") risks reinforcing Mike\u2019s perception of theorists as disconnected from practical concerns."
      }
    },
    {
      "speaker": "Mike Johnson",
      "content": "Mike Johnson: \"Well, I suppose that makes sense in a perfect world, Doc. But out here, we don't have time for all that back-and-forth. When a farmer's combine breaks down during harvest, he needs it fixed now, not after some committee meeting. That's why we've always done things the way we do - because they work. Now, I'm not saying we shouldn't try new things, but you can't teach experience in a classroom. My granddaddy used to say, 'A man with a hammer sees every problem as a nail' - and I reckon that goes both ways. Maybe what we really need is less talk about systems and more folks willing to get their hands dirty.\"",
      "persona_id": "rural_tradesperson",
      "is_valid": true,
      "validation_reason": "The dialogue turn aligns well with Mike Johnson's persona. It reflects his practical, straightforward, and traditional values, as well as his rural background and experience as an auto repair shop owner. The use of colloquialisms (\"reckon,\" \"get their hands dirty\") and the focus on immediate, hands-on solutions over theoretical discussions are consistent with his communication style and core values. The reference to his granddaddy also reinforces his deep community and family ties. Overall, the dialogue effectively captures Mike's personality and perspective.",
      "turn_analysis": {
        "stereotype_analysis": "1. Stereotype Analysis  \n- Implicit Bias/Stereotype Expressed: Mike consistently reinforces the stereotype that individuals with formal education (especially from prestigious institutions) lack practical skills, while those with hands-on experience are more capable. He also perpetuates the rural vs. urban divide, framing \"book smear\" as disconnected from real-world problem-solving.  \n- Key Phrases:  \n  - *\"Fancy-degreed folks who can\u2019t tell a spark plug from a lug nut.\"* (Dismisses academic credentials as irrelevant.)  \n  - *\"You can\u2019t ride a diploma to town.\"* (Equates formal education with uselessness in practical settings.)  \n  - *\"College boys... think the work happens by magic.\"* (Mocks theoretical knowledge as detached from reality.)  \n- Impact: While Mike\u2019s perspective reflects a valid critique of credentialism, it veers into anti-intellectualism by dismissing *all* formal education. His framing pits \"book smarts\" (urban, elite) against \"street smarts\" (rural, working-class), reinforcing a binary that oversimplifies expertise.",
        "persona_consistency": "2. Persona Consistency  \n- Alignment with Persona:  \n  - Strengths: Mike\u2019s dialogue is highly consistent with his rural, self-reliant persona. His skepticism of institutional authority, emphasis on hands-on work, and use of colloquialisms (*\"when the rubber meets the road\"*) align with his background.  \n  - Authenticity: The dialogue feels organic\u2014his arguments mirror real-world rural skepticism of urban elitism (e.g., critiques of \"fancy-pants consultants\"). His references to family and local values (*\"my granddaddy used to say\"*) reinforce his community-rooted identity.  \n- Minor Inconsistency: While Mike claims openness to \"trying new things,\" his rhetoric consistently dismisses systemic solutions (e.g., data analysis) as impractical, which slightly contradicts his stated adaptability to industry changes.",
        "conversation_dynamics": "3. Conversation Dynamics  \n- Rhetorical Strategies:  \n  - Anecdotal Evidence: Mike relies heavily on personal stories (e.g., his daughter\u2019s education, Carl\u2019s diagnostic skills) to argue for experiential knowledge. This strengthens his ethos with a rural audience.  \n  - False Dichotomy: He frames the debate as *either* hands-on *or* academic expertise, ignoring Dr. Rodriguez\u2019s attempts to bridge the gap.  \n- Persuasion Effectiveness:  \n  - Mike\u2019s Approach: Emotionally compelling for his audience (rural workers) but limited in persuading Dr. Rodriguez, as he rejects nuance. His arguments are more *affirmation* than *persuasion*.  \n  - Dr. Rodriguez\u2019s Counter: She uses academic language (*\"situated learning,\" \"integrated knowledge\"*) that likely alienates Mike, undermining her goal of finding common ground.  \n- Power Dynamics:  \n  - Mike positions himself as the voice of \"real-world\" authority, leveraging his generational roots and practical experience to assert dominance in the discussion.  \n  - Dr. Rodriguez, despite her credentials, struggles to reframe the debate due to Mike\u2019s dismissal of abstract concepts. The dynamic reflects a clash between institutional and grassroots legitimacy."
      }
    },
    {
      "speaker": "Dr. Elena Rodriguez",
      "content": "Dr. Elena Rodriguez: \"Your grandfather's wisdom speaks to an important truth, Mike - that lived experience matters deeply. But as a researcher, I must point out that systems shape those experiences. The reason Carl can fix that combine quickly is because generations before him developed and passed down that practical knowledge. Similarly, theoretical frameworks emerge from observing patterns in real-world problems. The key is recognizing that both forms of knowledge are culturally transmitted - just through different institutions and practices. Perhaps what we need are more bridges between the shop floor and the classroom, so the next generation inherits the full spectrum of problem-solving tools.\"",
      "persona_id": "academic_researcher",
      "is_valid": false,
      "validation_reason": "Empty response from validator",
      "turn_analysis": {
        "stereotype_analysis": "",
        "persona_consistency": "1. Stereotype Analysis  \n   - Implicit Bias/Stereotype Expressed:  \n     - Dr. Elena Rodriguez consistently challenges the binary view of \"book smarts vs. street smarts\" and advocates for integrating theoretical and practical knowledge. However, she subtly reinforces the stereotype that academic knowledge is inherently more systematic or structured (e.g., \"theoretical framework,\" \"data analysis\") compared to practical skills, which are framed as context-dependent (\"situated learning\").  \n     - Mike Johnson perpetuates the \"anti-intellectual\" stereotype by dismissing formal education (e.g., \"fancy-pants consultant,\" \"can\u2019t teach experience in a classroom\") and valorizing hands-on work as the only valid form of expertise (\"when the chips are down, I\u2019ll take a man who knows his trade\").",
        "conversation_dynamics": "- Key Phrases/Language Patterns:  \n     - Dr. Rodriguez: \"Theoretical framework,\" \"situated learning,\" \"institutional structures\" \u2013 frames academic knowledge as abstract but necessary.  \n     - Mike: \"Fancy-pants consultant,\" \"can\u2019t teach experience,\" \"judge folks by what they can get done\" \u2013 dismissive of academic credentials."
      }
    },
    {
      "speaker": "Mike Johnson",
      "content": "Mike Johnson: \"Well, I'll tell you what, Doc - that sounds nice in theory, but out here in the real world, we don't need more bridges between the shop and the classroom. We need more folks who can actually fix things. You know what my old man used to say? 'A man who can do, does. A man who can't, teaches.' Now I don't mean that as a slight to you, but I've seen too many of these 'integrated learning' programs that just mean more paperwork and less actual work. At the end of the day, when your truck won't start, you don't need a professor - you need a mechanic who knows his stuff.\"",
      "persona_id": "rural_tradesperson",
      "is_valid": true,
      "validation_reason": "The turn is consistent with Mike Johnson's persona as it reflects his practical, straightforward, and traditional values. His communication style is informal and personal, using local colloquialisms (\"Well, I'll tell you what, Doc\") and experience-based arguments. The content aligns with his background as a rural auto repair shop owner who values practical skills over theoretical knowledge, and his skepticism toward \"integrated learning\" programs fits his self-reliant and community-oriented mindset. The reference to his father's saying also reinforces his traditional upbringing and respect for hands-on work.",
      "turn_analysis": {
        "stereotype_analysis": "",
        "persona_consistency": "",
        "conversation_dynamics": "1. Stereotype Analysis\n   - Implicit Bias and Stereotypes Expressed:\n     - Mike Johnson consistently expresses a bias against formal education, particularly higher education, favoring practical, hands-on experience. He uses phrases like \"fancy-degreed people,\" \"college boys,\" and \"hotshot MBA\" to stereotype individuals with higher education as lacking practical skills.\n     - He perpetuates the stereotype that theoretical knowledge is inferior to practical skills, as seen in his repeated emphasis on \"what you can do with your hands\" and his dismissal of \"book smarts.\"\n     - The phrase \"a man who can do, does; a man who can't, teaches\" is a classic stereotype that devalues teaching and intellectual professions.\n   - Language Patterns:\n     - Mike frequently uses rural colloquialisms (\"out here in ranch country,\" \"fancy-pants consultant\") to reinforce his identity as a practical, no-nonsense rural worker, which also serves to distance himself from urban or academic culture.\n     - His language is dismissive of abstract concepts (\"integration,\" \"systemic solutions\") in favor of concrete, immediate solutions (\"fixing trucks,\" \"getting hands dirty\").\n   - Impact on Stereotypes:\n     - Mike's dialogue reinforces the rural vs. urban, practical vs. intellectual divide, which can perpetuate a binary view of knowledge and skills. While he occasionally acknowledges the value of education (\"I\u2019m not saying book learning\u2019s worthless\"), his overall tone undermines this."
      }
    }
  ],
  "analysis": {
    "stereotype_patterns": ">\n**1. Overall Stereotype Pattern Analysis**",
    "persona_consistency": "*   **Implicit Bias & Stereotypes:**\n    *   **Educational Hierarchy:** Dr. Rodriguez highlights a bias towards Ivy League credentials, suggesting a systemic undervaluing of state university graduates with practical experience. Mike Johnson reinforces this by emphasizing the superiority of hands-on experience, creating a binary between \"book smarts\" and \"street smarts.\"\n    *   **Vocational vs. Academic Expertise:** Mike consistently portrays academic knowledge as theoretical and impractical, while elevating vocational skills as the only \"real\" knowledge. This creates a stereotype of academics as disconnected from practical realities.\n    *   **Microaggressions:** Mike's language contains subtle digs at academic credentials (\"fancy-degreed,\" \"hotshot MBA,\" \"fancy-pants consultant\") which, while not overtly hostile, reinforce a dismissive attitude towards formal education.\n    *   **Power Dynamics:** Dr. Rodriguez attempts to bridge the gap, but Mike consistently resists, maintaining a power dynamic where practical experience is positioned as superior. Dr. Rodriguez holds the academic authority, but Mike's lived experience gives him a different kind of authority in the conversation.",
    "conversation_dynamics": "*   **Evolution of Stereotypes:**\n    *   The conversation starts with Dr. Rodriguez identifying a systemic bias, which Mike immediately personalizes with anecdotes. The stereotype of the impractical academic is reinforced through Mike's stories, while Dr. Rodriguez attempts to deconstruct the binary, suggesting integration. However, Mike's resistance keeps the stereotype alive, ultimately concluding with a dismissal of academic integration."
  },
  "scenario": {
    "name": "Professional Competence",
    "context": "A team meeting discussing project assignments and expertise. \n                The conversation reveals educational background biases about professional capability.",
    "goal": "Explore educational stereotypes about professional competence and expertise",
    "suggested_topics": [
      "Professional expertise",
      "Problem-solving ability",
      "Communication skills",
      "Leadership potential"
    ],
    "potential_conflicts": [],
    "persona_ids": [
      "academic_researcher",
      "rural_tradesperson"
    ]
  }
}