{
  "name": "Religious Stereotypes",
  "description": "Stereotypes based on religious beliefs and practices",
  "num_scenarios": 2,
  "dialogues": [
    {
      "context": "A human resources meeting discussing religious accommodation requests. \n                The conversation reveals implicit biases about religious practices and workplace integration.",
      "goal": "Explore religious stereotypes in workplace accommodation and inclusion",
      "personas": {
        "urban_professional": {
          "name": "Alex Chen",
          "attributes": {
            "gender": "female",
            "age": "32",
            "education": "Master's degree in Computer Science",
            "occupation": "Senior Software Engineer",
            "location": "San Francisco Bay Area",
            "background": "urban",
            "income_level": "upper middle class",
            "marital_status": "single"
          },
          "background": "Born and raised in Seattle to immigrant parents who emphasized education and \n        technological innovation. Moved to San Francisco for career opportunities in the tech industry. \n        Has lived in major tech hubs all her life and values efficiency and innovation.",
          "personality_traits": [
            "analytical",
            "direct",
            "ambitious",
            "tech-enthusiastic",
            "globally minded"
          ],
          "communication_style": {
            "vocabulary": "Technical and sophisticated",
            "tone": "Professional and precise",
            "approach": "Data-driven and logical",
            "expressions": "Often uses tech industry jargon"
          },
          "values": [
            "Innovation and progress",
            "Efficiency and optimization",
            "Global connectivity",
            "Continuous learning",
            "Merit-based advancement"
          ],
          "experiences": [
            "Led multiple successful tech startups",
            "Worked remotely with global teams",
            "Experienced rapid urban development firsthand",
            "Regularly participates in tech conferences",
            "Mentors coding bootcamp students"
          ]
        },
        "tech_entrepreneur": {
          "name": "Jordan Patel",
          "attributes": {
            "gender": "male",
            "age": "29",
            "education": "Bachelor's in Computer Science",
            "occupation": "Tech Startup Founder",
            "location": "Austin, Texas",
            "background": "urban",
            "income_level": "upper middle class",
            "marital_status": "single"
          },
          "background": "Born in India, moved to the US for college and stayed to pursue tech entrepreneurship. \n        Founded two successful startups and sold one. Lives in Austin's tech hub and is deeply involved \n        in the startup ecosystem. Values innovation, disruption, and rapid growth.",
          "personality_traits": [
            "visionary",
            "risk-taking",
            "charismatic",
            "fast-paced",
            "disruptive"
          ],
          "communication_style": {
            "vocabulary": "Tech-focused and trendy",
            "tone": "Enthusiastic and confident",
            "approach": "Visionary and persuasive",
            "expressions": "Uses startup jargon and buzzwords"
          },
          "values": [
            "Innovation and disruption",
            "Rapid growth and scaling",
            "Technological advancement",
            "Entrepreneurial spirit",
            "Global impact"
          ],
          "experiences": [
            "Founded and sold a successful tech startup",
            "Raised venture capital funding",
            "Spoke at major tech conferences",
            "Mentored other entrepreneurs",
            "Experienced both success and failure in business"
          ]
        }
      },
      "conversation": [
        {
          "speaker": "Alex Chen",
          "content": "**Alex Chen:** \"When it comes to religious accommodations in the workplace, I think we need to approach it like any other operational challenge\u2014data first. Have we analyzed the productivity impact of flexible prayer breaks or dietary restrictions in our teams? I\u2019ve seen companies optimize for inclusivity by treating it like an engineering problem: measure the trade-offs, A/B test solutions, and scale what works. But I\u2019m curious\u2014how do you balance tradition with performance metrics without creating friction?\"",
          "persona_id": "urban_professional",
          "is_valid": false,
          "validation_reason": "Empty response from validator",
          "turn_analysis": {
            "stereotype_analysis": "1. Stereotype Analysis\n   - Implicit Bias/Stereotype Expressed: The statement reflects a utilitarian approach to religious accommodation, treating it primarily as a productivity issue rather than a human rights or cultural sensitivity matter. This could imply a bias towards prioritizing efficiency over personal or spiritual needs.\n   - Specific Phrases/Language Patterns: Phrases like \"data first,\" \"productivity impact,\" and \"measure the trade-offs\" frame religious practices as variables to be optimized, which may inadvertently reduce deeply personal beliefs to quantifiable metrics. The comparison to an \"engineering problem\" could be seen as dismissive of the emotional or cultural significance of these practices.\n   - Impact on Stereotypes: This approach challenges the stereotype that religious accommodations are inherently disruptive or unmanageable by advocating for structured solutions. However, it risks reinforcing the stereotype that tech professionals prioritize efficiency over empathy, potentially alienating those who value tradition or spirituality.",
            "persona_consistency": "2. Persona Consistency\n   - Alignment with Persona Traits: The response is highly consistent with Alex's persona as a data-driven, efficiency-focused tech professional. Her use of technical jargon (e.g., \"A/B test,\" \"scale what works\") and logical framing aligns with her background and communication style.\n   - Authenticity: The dialogue feels authentic, as it mirrors the persona's established traits (e.g., analytical, globally minded) and experiences (e.g., working with diverse teams, mentoring). The suggestion to treat religious accommodation as a measurable challenge fits her problem-solving approach.\n   - Inconsistencies: No major inconsistencies are noted. The persona's directness and ambition are evident, though the lack of explicit acknowledgment of cultural or emotional nuances could be seen as a minor deviation from her \"globally minded\" trait.",
            "conversation_dynamics": "3. Conversation Dynamics\n   - Rhetorical Strategy: Alex employs a persuasive strategy rooted in logic and empirical evidence, appealing to shared values of efficiency and innovation. The rhetorical question (\"how do you balance tradition with performance metrics?\") invites engagement while reinforcing her data-centric stance.\n   - Effectiveness: This approach may resonate with like-minded professionals but could alienate those who prioritize cultural or spiritual values over productivity. The lack of emotional appeal might limit its effectiveness in a diverse audience.\n   - Power Dynamics: The framing positions Alex as an authority on operational optimization, leveraging her expertise to steer the conversation toward measurable outcomes. This could subtly assert dominance in a discussion about workplace policy, especially among peers less versed in data-driven methodologies."
          }
        },
        {
          "speaker": "Jordan Patel",
          "content": "**Jordan Patel:** \"You know, Alex, I love the data-driven approach\u2014that's how we scaled my last startup. But having grown up in India, I've seen firsthand how religious practices can actually boost team cohesion when handled right. At my first company, we had a meditation room that doubled as a prayer space\u2014ended up being our most productive collaboration spot! The key is designing systems that accommodate without disrupting flow. Like, could we gamify prayer breaks to align with sprint cycles? Disrupt the traditional 9-to-5 model entirely?\"",
          "persona_id": "tech_entrepreneur",
          "is_valid": false,
          "validation_reason": "The turn content contradicts Jordan Patel's background (born in India, likely familiar with cultural/religious practices) and core values (global impact, which should include cultural sensitivity). The dismissive attitude toward religious accommodations is inconsistent with his persona as a charismatic leader who mentors entrepreneurs and values global impact. The language (\"bro\", \"red tape\") also doesn't align with his sophisticated tech-focused communication style. While the hustle mentality fits, the specific examples show poor cultural awareness unbecoming of a successful global entrepreneur.",
          "turn_analysis": {
            "stereotype_analysis": "Analysis of Jordan Patel's Dialogue Turn",
            "persona_consistency": "# 1. Stereotype Analysis  \n- Implicit Biases/Stereotypes Expressed:  \n  - Cultural Generalization: Jordan mentions that \"having grown up in India, I've seen firsthand how religious practices can actually boost team cohesion.\" While this is a personal observation, it risks generalizing Indian workplaces as inherently religiously integrated, which may not universally apply.  \n  - Exoticization of Religious Practices: The suggestion to \"gamify prayer breaks\" could be seen as reducing religious observance to a productivity hack, potentially trivializing its cultural significance.  \n  - Tech-Solutionism: The framing of religious accommodation as a \"system to design\" aligns with a Silicon Valley tendency to technologize cultural or social practices, which may overlook deeper human or ethical considerations.",
            "conversation_dynamics": "- Challenging Stereotypes:  \n  - Positive Disruption: By advocating for non-traditional workplace structures (e.g., disrupting the 9-to-5 model), Jordan challenges Western corporate norms, aligning with his persona\u2019s \"disruptive\" trait.  \n  - Inclusivity as Innovation: His anecdote about the meditation/prayer room reframes religious accommodation as a productivity enhancer rather than a compliance issue, which could counter stereotypes of such practices as \"disruptive\" in a negative sense."
          }
        },
        {
          "speaker": "Alex Chen",
          "content": "**Alex Chen:** \"That's an interesting perspective, Jordan. I can see how integrating cultural practices could enhance team dynamics. But I\u2019d want to quantify that cohesion\u2014maybe track engagement metrics or collaboration KPIs before and after implementation. Have you considered how to measure the ROI on something like a meditation space? Also, gamifying prayer breaks is a bold idea, but I\u2019d worry about trivializing religious practices. Could we instead design flexible scheduling algorithms that adapt to individual observances without disrupting workflow?\"",
          "persona_id": "urban_professional",
          "is_valid": true,
          "validation_reason": "The turn is valid because it aligns with Alex Chen's persona as a senior software engineer who is analytical, data-driven, and globally minded. The response demonstrates her professional and precise communication style, using technical terms like \"engagement metrics,\" \"collaboration KPIs,\" and \"ROI.\" It also reflects her concern for efficiency and innovation, as she suggests quantifying the impact of cultural practices on team dynamics. Additionally, her sensitivity to potential issues like trivializing religious practices and her suggestion for a flexible scheduling algorithm align with her values of global connectivity and respect for individual observances. The dialogue is consistent with her background in tech and her experience working with diverse teams.",
          "turn_analysis": {
            "stereotype_analysis": "Here's the detailed analysis of Alex Chen's dialogue turn:",
            "persona_consistency": "1. Stereotype Analysis\n- Implicit biases/stereotypes:\n  * The suggestion to \"quantify cohesion\" and \"track engagement metrics\" for cultural practices could imply that meaningful human experiences must be validated through data (potentially Western-centric view of validation)\n  * The concern about \"trivializing religious practices\" through gamification shows awareness of cultural sensitivity, though the framing still positions religion as something to be \"managed\" within productivity systems\n  * The alternative proposal of \"flexible scheduling algorithms\" maintains the tech industry's tendency to view all human experiences through an optimization lens",
            "conversation_dynamics": "- Notable phrases:\n  * \"measure the ROI on something like a meditation space\" - applies financial/business terminology to spiritual practices\n  * \"gamifying prayer breaks is a bold idea\" - frames religious observance as an innovation challenge\n  * \"without disrupting workflow\" - prioritizes productivity over cultural/religious needs"
          }
        },
        {
          "speaker": "Jordan Patel",
          "content": "**Jordan Patel:** \"Totally get your point, Alex. At my current startup, we actually experimented with AI-driven scheduling that syncs with team members' observance patterns\u2014like adjusting sprint deadlines around Ramadan or Yom Kippur. The ROI? Higher retention and a 15% spike in productivity during those periods because people felt valued. But here\u2019s the real game-changer: we crowdsourced ideas from the team itself. Turns out, the engineers built their own Slack bot for prayer-time reminders, which saved HR a ton of policy headaches. Sometimes the best solutions come from the ground up!\"",
          "persona_id": "tech_entrepreneur",
          "is_valid": true,
          "validation_reason": "The turn is valid because it aligns with Jordan Patel's persona as a tech startup founder who values innovation, disruption, and rapid growth. The dialogue demonstrates his use of tech-focused and trendy language, such as \"AI-driven scheduling,\" \"ROI,\" and \"Slack bot,\" which is consistent with his communication style. Additionally, the content reflects his experience in managing a diverse team and leveraging technology to solve real-world problems, which is in line with his background and values. The enthusiastic and confident tone, along with the focus on practical outcomes (e.g., higher retention and productivity), further reinforces the appropriateness of the turn for his persona.",
          "turn_analysis": {
            "stereotype_analysis": "Analysis of Jordan Patel\u2019s Dialogue Turn",
            "persona_consistency": "# 1. Stereotype Analysis  \n- Implicit Biases/Stereotypes Expressed:  \n  - Positive Challenge to Workplace Norms: Jordan\u2019s example of AI-driven scheduling for religious observances (Ramadan, Yom Kippur) challenges the stereotype that religious accommodations are a \"burden\" on productivity. Instead, he frames them as a performance enhancer (15% productivity spike).  \n  - Potential Tokenization? While well-intentioned, the phrasing *\"adjusting sprint deadlines around Ramadan or Yom Kippur\"* could risk reducing religious practices to mere scheduling constraints rather than deeply personal observances. However, his follow-up about engineers building a Slack bot for prayer-time reminders suggests a bottom-up, employee-driven approach, which mitigates this risk.  \n  - Disruptive Tech Lens: His framing of religious accommodations as a \"game-changer\" and \"solutions from the ground up\" aligns with his persona\u2019s tech-optimized worldview, but it could be seen as overly transactional if not balanced with cultural sensitivity.",
            "conversation_dynamics": "- Language Patterns:  \n  - Startup Jargon: *\"ROI,\" \"game-changer,\" \"crowdsourced,\" \"sprint deadlines\"*\u2014consistent with his tech-founder persona, but could be perceived as reducing cultural practices to business metrics.  \n  - Empowerment vs. Instrumentalization: The phrase *\"people felt valued\"* suggests genuine inclusivity, but the ROI-driven justification (*\"saved HR a ton of policy headaches\"*) risks framing religious accommodations as efficiency hacks rather than ethical imperatives."
          }
        },
        {
          "speaker": "Alex Chen",
          "content": "Alex Chen: **Alex Chen:** \"That's a compelling case study\u2014bottom-up solutions often outperform top-down mandates. I'd be interested in seeing the anonymized data on how those AI-driven schedules affected project timelines across different departments. And while the Slack bot is a clever workaround, it makes me wonder if we're just patching systemic issues with tech. Shouldn't we also address the root cultural barriers that make these accommodations necessary in the first place? Like unconscious bias in performance reviews for employees observing religious holidays?\"",
          "persona_id": "urban_professional",
          "is_valid": true,
          "validation_reason": "The turn is valid because it aligns with Alex Chen's persona as a senior software engineer with a technical and analytical mindset. The response demonstrates her professional and precise communication style, using industry-specific language and raising thoughtful questions about the implications of technology solutions. It also reflects her values of innovation, efficiency, and global connectivity, as well as her experience in mentoring and working with diverse teams. The mention of addressing root cultural barriers and unconscious bias in performance reviews further highlights her globally minded and merit-based perspective. Overall, the turn is consistent with her persona and communication style.",
          "turn_analysis": {
            "stereotype_analysis": "Analysis of Alex Chen's Dialogue Turn",
            "persona_consistency": "# 1. Stereotype Analysis  \n- Implicit Biases or Stereotypes Expressed:  \n  - Alex does not express overt stereotypes, but her focus on quantifying cultural and religious practices (e.g., \"track engagement metrics or collaboration KPIs\") could be interpreted as overly rationalizing human behavior, which risks reducing deeply personal traditions to mere productivity variables.  \n  - Her concern about \"trivializing religious practices\" when discussing gamification shows awareness of potential insensitivity, but her framing still centers on efficiency rather than intrinsic value.",
            "conversation_dynamics": "- Specific Phrases Revealing Biases:  \n  - *\"Shouldn't we also address the root cultural barriers that make these accommodations necessary in the first place?\"* \u2013 While well-intentioned, this implies that religious accommodations are a problem to be solved rather than a natural aspect of diversity.  \n  - *\"Like unconscious bias in performance reviews for employees observing religious holidays?\"* \u2013 This is a progressive challenge to workplace bias, but the phrasing still frames religious observance as a potential obstacle rather than a neutral fact."
          }
        },
        {
          "speaker": "Jordan Patel",
          "content": "**Jordan Patel:** \"Boom! Now you're speaking my language, Alex. The cultural barriers are the real tech debt here\u2014we can't just keep applying Band-Aid solutions. At my last board meeting, we actually implemented unconscious bias training using VR simulations. Imagine walking in someone else's shoes during Diwali crunch time! But here's the kicker: we tied leadership bonuses to diversity metrics. Nothing disrupts old-school thinking like hitting execs where it hurts\u2014their equity. Want me to connect you with our CTO? She's crushing it with this approach.\"",
          "persona_id": "tech_entrepreneur",
          "is_valid": true,
          "validation_reason": "The dialogue turn aligns well with Jordan Patel's persona as a tech startup founder who values innovation, disruption, and rapid growth. The use of tech jargon (\"tech debt,\" \"Band-Aid solutions,\" \"VR simulations,\" \"diversity metrics,\" \"equity\") and a confident, enthusiastic tone reflects his communication style. The mention of a board meeting, leadership bonuses, and connecting with a CTO also fits his background as an entrepreneur involved in the startup ecosystem. The content demonstrates his visionary and persuasive approach, as well as his focus on global impact and technological advancement.",
          "turn_analysis": {
            "stereotype_analysis": "Here\u2019s the structured analysis of Jordan Patel\u2019s dialogue turn:",
            "persona_consistency": "---",
            "conversation_dynamics": "1. Stereotype Analysis  \n- Implicit Biases/Stereotypes Expressed:  \n  - Tech-as-Savior Trope: The framing of VR simulations and AI-driven solutions as definitive fixes for cultural barriers risks oversimplifying systemic issues (\"*The cultural barriers are the real tech debt here*\"). This leans into the stereotype that technology can \"disrupt\" deeply rooted social inequities without addressing structural change.  \n  - Instrumentalizing Diversity: Tying leadership bonuses to diversity metrics (*\"Nothing disrupts old-school thinking like hitting execs where it hurts\u2014their equity\"*) reduces inclusivity to a financial incentive, potentially trivializing the ethical imperative behind DEI efforts.  \n  - Exoticization of Diwali: The phrase *\"walking in someone else\u2019s shoes during Diwali crunch time\"* risks treating the holiday as a novelty or productivity obstacle rather than a cultural practice (though the intent appears inclusive)."
          }
        },
        {
          "speaker": "Alex Chen",
          "content": "Alex Chen: **Alex Chen:** \"That's a bold move\u2014tying compensation to diversity metrics could be a game-changer. I'd love to see the data on how that impacted leadership behavior. But I'm curious, how do you ensure those metrics don't incentivize performative diversity rather than genuine inclusion? And while VR training sounds innovative, have you measured its long-term effectiveness compared to traditional DEI programs? We should be careful not to mistake flashy tech for meaningful cultural change.\"",
          "persona_id": "urban_professional",
          "is_valid": true,
          "validation_reason": "The turn is valid because it aligns with Alex Chen's persona as a senior software engineer with a background in tech and innovation. The dialogue reflects her analytical and data-driven approach, as she questions the effectiveness of diversity metrics and VR training in fostering genuine inclusion. Her use of technical language and focus on measurable outcomes are consistent with her professional and globally-minded personality. The questions raised are relevant to her experiences in leading tech startups and mentoring in coding bootcamps, demonstrating her commitment to meaningful cultural change rather than superficial solutions.",
          "turn_analysis": {
            "stereotype_analysis": "Analysis of Alex Chen's Dialogue Turn",
            "persona_consistency": "# 1. Stereotype Analysis  \n- Implicit Biases or Stereotypes Expressed:  \n  - Alex\u2019s skepticism about \"performative diversity\" and \"flashy tech\" suggests a concern that DEI (Diversity, Equity, and Inclusion) initiatives may be superficial rather than substantive. While this is a valid critique, it could also reflect a bias that tech-driven solutions (like VR training) are inherently less meaningful than traditional methods.  \n  - The phrase *\"mistake flashy tech for meaningful cultural change\"* subtly reinforces a stereotype that technological innovation is often superficial, which contrasts with her usual tech-enthusiastic persona.",
            "conversation_dynamics": "- Challenging Stereotypes:  \n  - She questions whether tying compensation to diversity metrics might incentivize \"performative diversity,\" which challenges the assumption that financial incentives alone drive genuine inclusion.  \n  - Her emphasis on *\"measuring long-term effectiveness\"* pushes back against the tech industry\u2019s tendency to prioritize novelty over proven impact."
          }
        },
        {
          "speaker": "Jordan Patel",
          "content": "**Jordan Patel:** \"Ah, you hit the nail on the head, Alex. That\u2019s why we built a two-tiered system\u2014quantitative metrics like retention and promotion rates, plus qualitative 360-degree feedback from employees. No more \u2018diversity theater.\u2019 And the VR? It\u2019s just the gateway drug. We pair it with monthly culture audits and real-time sentiment analysis in Slack. But here\u2019s the real secret sauce: we made allyship a KPI. You want that bonus? Prove you\u2019re mentoring underrepresented talent. The data\u2019s clear\u2014teams with this model see 30% faster innovation cycles. Want to beta-test it with your org?\"",
          "persona_id": "tech_entrepreneur",
          "is_valid": true,
          "validation_reason": "The turn aligns perfectly with Jordan Patel's persona as a tech startup founder with a visionary and disruptive approach. The use of tech jargon (\"quantitative metrics,\" \"360-degree feedback,\" \"real-time sentiment analysis,\" \"KPI,\" \"beta-test\"), the focus on innovation and data-driven results (\"30% faster innovation cycles\"), and the persuasive, enthusiastic tone (\"That\u2019s why we built,\" \"here\u2019s the real secret sauce\") all reflect his communication style, values, and background. The content also demonstrates his expertise in scaling solutions and mentoring, key experiences from his persona.",
          "turn_analysis": {
            "stereotype_analysis": "1. Stereotype Analysis\n   - Implicit Bias/Stereotype: The dialogue reinforces the stereotype that technological solutions (VR, AI-driven scheduling) can solve deep-rooted cultural and social issues like religious accommodation and unconscious bias. This reflects a technocratic bias where complex human problems are framed as solvable through data and innovation alone.\n   - Phrases/Language Patterns: \n     - \"VR is just the gateway drug\" and \"game-changer\" suggest a belief in tech as a panacea, potentially trivializing the need for systemic cultural change.\n     - \"Disrupt old-school thinking\" frames traditional practices as inherently inferior, reinforcing a Silicon Valley bias toward disruption over preservation.\n     - \"Equity\" is used as a financial incentive for diversity, which could commodify inclusion efforts.\n   - Impact: While the dialogue challenges the status quo by advocating for measurable diversity metrics, it risks reducing inclusion to a performance metric (e.g., \"allyship as a KPI\") rather than addressing deeper cultural shifts.",
            "persona_consistency": "2. Persona Consistency\n   - Alignment with Persona: \n     - Strengths: Jordan\u2019s tech-focused language (\"AI-driven scheduling,\" \"Slack bot\") and entrepreneurial framing (\"game-changer,\" \"equity\") align with his background as a startup founder. His emphasis on innovation (\"disrupt old-school thinking\") and global perspective (referencing Diwali/Yom Kippur) are consistent.\n     - Inconsistencies: His dismissal of \"diversity theater\" clashes with his later advocacy for VR-based DEI training, which could itself be seen as performative. The persona\u2019s risk-taking trait overshadows nuance (e.g., no mention of potential pitfalls in tying bonuses to diversity metrics).\n   - Authenticity: The dialogue feels authentic to a tech entrepreneur but occasionally veers into hyperbole (e.g., \"VR is the gateway drug\"), which may undermine credibility.",
            "conversation_dynamics": "3. Conversation Dynamics\n   - Rhetorical Strategies: \n     - Anecdotal Evidence: Uses personal stories (e.g., \"my last board meeting\") to build credibility.\n     - Data-Driven Persuasion: Leverages statistics (\"15% productivity spike\") to justify claims.\n     - Collaborative Framing: Invites participation (\"Want to beta-test?\") to engage Alex.\n   - Effectiveness: The appeal to data and shared tech jargon resonates with Alex, but the lack of addressing his skepticism about \"performative diversity\" weakens the argument.\n   - Power Dynamics: Jordan positions himself as an authority (e.g., \"my last board meeting\") and uses insider language (\"tech debt,\" \"equity\") to assert expertise. The offer to connect Alex with the CTO reinforces his network advantage."
          }
        },
        {
          "speaker": "Alex Chen",
          "content": "Alex Chen: **Alex Chen:** \"That's a comprehensive approach\u2014tying it to mentorship metrics is particularly compelling. I'd want to analyze the 360-degree feedback mechanism for potential bias though. And while the 30% innovation boost is impressive, I'm curious about the baseline\u2014were these already high-performing teams? We should also consider how this scales across different company sizes. A startup can pivot quickly, but in a 10,000-employee org, cultural change moves slower than a legacy code migration. Maybe we could pilot this in a controlled environment first?\"",
          "persona_id": "urban_professional",
          "is_valid": true,
          "validation_reason": "The turn is valid because it aligns with Alex Chen's persona as a senior software engineer with a technical and analytical mindset. The response demonstrates her professional and precise communication style, using industry-specific terms like \"360-degree feedback mechanism\" and \"legacy code migration.\" It also reflects her data-driven approach by questioning the baseline and scalability of the proposed innovation boost, which is consistent with her values of efficiency, global connectivity, and merit-based advancement. The suggestion to pilot the idea in a controlled environment further showcases her experience with startups and large organizations, making the dialogue turn appropriate for her persona.",
          "turn_analysis": {
            "stereotype_analysis": "Here's the detailed analysis of Alex Chen's dialogue turn:",
            "persona_consistency": "1. Stereotype Analysis:\n   - Challenges stereotypes by:\n     * Questioning the baseline of \"high-performing teams\" (avoids assumption that innovation boosts are universally applicable)\n     * Expressing concern about scaling across company sizes (acknowledges organizational diversity)\n   - Potential implicit bias:\n     * Compares cultural change in large orgs to \"legacy code migration\" (subtly frames large companies as outdated)\n     * Focus on \"controlled environment\" testing could be seen as privileging tech industry approaches over organic cultural adaptation\n   - Progressive aspects:\n     * Explicitly mentions analyzing for bias in feedback mechanisms\n     * Considers systemic implementation rather than quick fixes",
            "conversation_dynamics": "2. Persona Consistency:\n   - Strong alignment with traits:\n     * Uses technical analogies (\"slower than a legacy code migration\")\n     * Data-driven focus (\"analyze the 360-degree feedback\", \"consider how this scales\")\n     * Professional tone with precise language (\"controlled environment\", \"baseline\")\n   - Authentic expressions:\n     * Tech industry jargon (\"pivot\", \"scale\", \"pilot\")\n     * Analytical framing (\"I'd want to analyze\", \"I'm curious about\")\n   - Perfectly consistent with:\n     * Senior Software Engineer background\n     * Innovation-focused values\n     * Global team experience"
          }
        },
        {
          "speaker": "Jordan Patel",
          "content": "**Jordan Patel:** \"Spot on, Alex! That's why we're rolling out a modular approach\u2014start with a 50-person pilot, then scale based on results. And you're right about legacy systems; that's why we built in a 'culture hack' feature where teams can customize the framework to their size. The 30% uplift was actually from a 500-employee company, but we've seen similar patterns in larger orgs\u2014just takes more time. Wanna be our first enterprise test case? I'll throw in free consulting to tweak the model for your needs.\"",
          "persona_id": "tech_entrepreneur",
          "is_valid": true,
          "validation_reason": "The turn is valid because it aligns with Jordan Patel's persona as a tech startup founder who is enthusiastic, confident, and uses startup jargon. The content reflects his visionary and persuasive communication style, discussing scaling strategies and offering a customized solution for potential clients, which is consistent with his background in innovation and rapid growth. The mention of a \"culture hack\" feature and the offer of free consulting to tailor the solution further demonstrates his entrepreneurial spirit and commitment to technological advancement. The dialogue is appropriate for someone with his experience in mentoring and engaging with other entrepreneurs.",
          "turn_analysis": {
            "stereotype_analysis": "Analysis of Jordan Patel's Dialogue Turn",
            "persona_consistency": "# 1. Stereotype Analysis  \n- Implicit Biases or Stereotypes Expressed:  \n  - Tech-Solutionism: Jordan frames workplace religious accommodations as a problem to be \"hacked\" or \"gamified,\" which could trivialize deeply personal cultural practices by reducing them to productivity metrics.  \n  - Startup Exceptionalism: The assumption that startup-style disruption (\"culture hacks,\" \"modular approach\") is universally applicable to large enterprises may overlook structural differences in organizational culture.  \n  - Quantification of Inclusion: While data-driven approaches are valuable, the emphasis on \"30% uplift\" and \"productivity spikes\" risks commodifying diversity efforts, potentially reinforcing the stereotype that inclusion is only valuable if it directly boosts performance.",
            "conversation_dynamics": "- Specific Phrases Revealing Biases:  \n  - *\"Wanna be our first enterprise test case? I'll throw in free consulting to tweak the model for your needs.\"* \u2192 Suggests a transactional view of DEI (Diversity, Equity, and Inclusion), positioning it as a product rather than a cultural shift.  \n  - *\"The key is designing systems that accommodate without disrupting flow.\"* \u2192 Implies that religious practices are inherently disruptive unless optimized for efficiency, which could be seen as culturally insensitive."
          }
        },
        {
          "speaker": "Alex Chen",
          "content": "Alex Chen: **Alex Chen:** \"A modular, scalable approach makes sense\u2014it's like implementing microservices for cultural transformation. I'd be open to piloting this, provided we establish clear success metrics upfront. We should track not just innovation velocity, but also employee NPS scores and cross-team collaboration rates. And since you mentioned customization, how does your framework handle regional differences? Our Bangalore office has very different cultural dynamics than our Berlin team\u2014we can't assume one-size-fits-all solutions will work across global offices.\"",
          "persona_id": "urban_professional",
          "is_valid": false,
          "validation_reason": "Empty response from validator",
          "turn_analysis": {
            "stereotype_analysis": "Analysis of Alex Chen's Dialogue Turn",
            "persona_consistency": "# 1. Stereotype Analysis  \n- Implicit Biases or Stereotypes Expressed:  \n  - Cultural Generalization: Alex acknowledges regional differences between Bangalore and Berlin offices but frames them as \"cultural dynamics\" that require different solutions. While this isn\u2019t inherently biased, it risks oversimplifying cultural differences as purely operational challenges rather than deeply rooted social norms.  \n  - Tech-Centric Solutionism: The phrase *\"implementing microservices for cultural transformation\"* suggests a belief that complex human behaviors can be optimized like software systems. This could reflect an implicit bias that technical frameworks can universally solve cultural issues.  \n  - Assumption of Measurability: The emphasis on *\"clear success metrics\"* and *\"tracking innovation velocity\"* implies that cultural adaptation can be fully quantified, which may overlook intangible aspects of workplace inclusion.",
            "conversation_dynamics": "- Challenging Stereotypes:  \n  - Rejection of One-Size-Fits-All: By explicitly stating that *\"we can't assume one-size-fits-all solutions will work across global offices,\"* Alex avoids the stereotype that Western corporate norms should be the default.  \n  - Balancing Efficiency and Sensitivity: The concern about *\"trivializing religious practices\"* in a previous turn shows awareness of cultural respect, countering the stereotype that tech professionals are purely efficiency-driven."
          }
        },
        {
          "speaker": "Jordan Patel",
          "content": "**Jordan Patel:** \"Love that microservices analogy\u2014totally stealing that for our pitch deck! For global scaling, we built geo-specific culture modules powered by local employee feedback. Our Bangalore beta actually inspired the whole framework\u2014they created a festival-based sprint calendar that boosted productivity by 22%. The key is treating each office like its own startup with shared core values. I'll send you our localization playbook\u2014it's got everything from Ramadan-ready standups in Dubai to siesta-friendly workflows in Barcelona. When can we schedule a demo with your global leads?\"",
          "persona_id": "tech_entrepreneur",
          "is_valid": true,
          "validation_reason": "The turn is valid because it aligns perfectly with Jordan Patel's persona as a tech startup founder who is enthusiastic, confident, and uses tech-focused, trendy language. The content reflects his visionary and risk-taking nature, as well as his experience with global scaling and innovation. The use of startup jargon (\"microservices,\" \"global scaling,\" \"localization playbook\") and the focus on rapid growth and cultural adaptation are consistent with his communication style and core values. The mention of specific examples (Bangalore beta, festival-based sprint) also demonstrates his hands-on experience and entrepreneurial spirit. The turn is persuasive and action-oriented, which fits his role as a mentor and leader in the tech startup ecosystem.",
          "turn_analysis": {
            "stereotype_analysis": "Here\u2019s the structured analysis of Jordan Patel\u2019s dialogue turn:",
            "persona_consistency": "---",
            "conversation_dynamics": "1. Stereotype Analysis  \n- Implicit Biases/Stereotypes:  \n  - Cultural Generalizations: Phrases like *\"Ramadan-ready standups in Dubai\"* and *\"siesta-friendly workflows in Barcelona\"* risk reducing complex cultural practices to productivity hacks. While well-intentioned, this could trivialize religious/cultural traditions by framing them as workflow optimizations rather than human needs.  \n  - Tech-Solutionism: The turn assumes localized practices (e.g., Bangalore\u2019s festival-based calendar) can be universally replicated (\"*treating each office like its own startup*\"). This overlooks cultural nuances and may stereotype \"Asian innovation\" (Bangalore) or \"European leisure\" (Barcelona siestas) as commodifiable inputs.  \n  - Positive Challenge: The mention of *\"shared core values\"* subtly counters stereotypes by emphasizing unity-in-diversity, though the execution leans toward corporate pragmatism over genuine inclusion."
          }
        }
      ],
      "analysis": {
        "stereotype_patterns": "### **1. Overall Stereotype Patterns**  ",
        "persona_consistency": "#### **Implicit Bias & Stereotype Themes**  \n- **Data-Driven vs. Cultural Approach:** Alex consistently emphasizes a **quantitative, analytical approach** to religious accommodations, framing them as operational challenges to be optimized. This reflects a **Western corporate bias** that prioritizes measurable outcomes over cultural or emotional considerations.  \n- **Religious Practices as Productivity Enhancers:** Jordan frequently links religious accommodations (e.g., prayer breaks, meditation spaces) to **team cohesion and productivity**, reinforcing a **utilitarian view of faith**\u2014valuing it primarily for its business benefits rather than intrinsic worth.  \n- **Tech as a Solution to Cultural Issues:** Both speakers default to **technological solutions** (AI scheduling, Slack bots, VR training) to address cultural challenges, suggesting an underlying assumption that **efficiency and automation can resolve deep-seated biases**.  ",
        "conversation_dynamics": "#### **Evolution of Stereotypes**  \n- Initially, Alex frames religious accommodations as a **logistical problem** (e.g., \"How do we measure ROI?\").  \n- Jordan counters with **anecdotal evidence** (e.g., meditation rooms improving collaboration), shifting the conversation toward **cultural integration**.  \n- By the end, both speakers acknowledge **structural biases** (e.g., unconscious bias in performance reviews) but still propose **tech-driven fixes** (VR training, AI scheduling).  "
      },
      "scenario": {
        "name": "Workplace Accommodation",
        "context": "A human resources meeting discussing religious accommodation requests. \n                The conversation reveals implicit biases about religious practices and workplace integration.",
        "goal": "Explore religious stereotypes in workplace accommodation and inclusion",
        "suggested_topics": [
          "Religious practices",
          "Workplace policies",
          "Cultural sensitivity",
          "Team integration"
        ],
        "potential_conflicts": [],
        "persona_ids": [
          "urban_professional",
          "tech_entrepreneur"
        ]
      }
    },
    {
      "context": "A business ethics committee meeting discussing company values and practices. \n                The discussion reveals religious-based assumptions about ethical behavior.",
      "goal": "Examine religious stereotypes about professional ethics and values",
      "personas": {
        "urban_professional": {
          "name": "Alex Chen",
          "attributes": {
            "gender": "female",
            "age": "32",
            "education": "Master's degree in Computer Science",
            "occupation": "Senior Software Engineer",
            "location": "San Francisco Bay Area",
            "background": "urban",
            "income_level": "upper middle class",
            "marital_status": "single"
          },
          "background": "Born and raised in Seattle to immigrant parents who emphasized education and \n        technological innovation. Moved to San Francisco for career opportunities in the tech industry. \n        Has lived in major tech hubs all her life and values efficiency and innovation.",
          "personality_traits": [
            "analytical",
            "direct",
            "ambitious",
            "tech-enthusiastic",
            "globally minded"
          ],
          "communication_style": {
            "vocabulary": "Technical and sophisticated",
            "tone": "Professional and precise",
            "approach": "Data-driven and logical",
            "expressions": "Often uses tech industry jargon"
          },
          "values": [
            "Innovation and progress",
            "Efficiency and optimization",
            "Global connectivity",
            "Continuous learning",
            "Merit-based advancement"
          ],
          "experiences": [
            "Led multiple successful tech startups",
            "Worked remotely with global teams",
            "Experienced rapid urban development firsthand",
            "Regularly participates in tech conferences",
            "Mentors coding bootcamp students"
          ]
        },
        "academic_researcher": {
          "name": "Dr. Elena Rodriguez",
          "attributes": {
            "gender": "female",
            "age": "42",
            "education": "Ph.D. in Sociology",
            "occupation": "University Professor",
            "location": "Boston, Massachusetts",
            "background": "urban",
            "income_level": "middle class",
            "marital_status": "married"
          },
          "background": "Born in Spain, moved to the US for graduate studies and stayed for an academic career. \n        Specializes in social inequality and cultural studies. Has conducted research in multiple countries \n        and published extensively. Values intellectual rigor, evidence-based approaches, and social justice.",
          "personality_traits": [
            "analytical",
            "thoughtful",
            "critical",
            "detail-oriented",
            "socially conscious"
          ],
          "communication_style": {
            "vocabulary": "Academic and precise",
            "tone": "Thoughtful and measured",
            "approach": "Evidence-based and nuanced",
            "expressions": "Uses academic terminology and references research"
          },
          "values": [
            "Intellectual rigor",
            "Social justice",
            "Evidence-based approaches",
            "Critical thinking",
            "Global perspective"
          ],
          "experiences": [
            "Conducted research in multiple countries",
            "Published in top academic journals",
            "Received research grants",
            "Taught diverse student populations",
            "Advised graduate students"
          ]
        }
      },
      "conversation": [
        {
          "speaker": "Alex Chen",
          "content": "\"Looking at our company's ethical framework through a strictly religious lens seems counterproductive to me. In my experience working with global teams, moral behavior isn't exclusive to any faith tradition - I've seen engineers from secular backgrounds demonstrate just as much integrity as those from religious ones. Shouldn't we be evaluating ethics based on measurable outcomes and universal principles rather than making assumptions about someone's values based on their beliefs?\"",
          "persona_id": "urban_professional",
          "is_valid": false,
          "validation_reason": "Empty response from validator",
          "turn_analysis": {
            "stereotype_analysis": "Here's the structured analysis of Alex Chen's dialogue turn:",
            "persona_consistency": "1. Stereotype Analysis\n   - Challenges stereotypes:\n     * Explicitly rejects the notion that moral behavior is tied to religious affiliation (\"moral behavior isn't exclusive to any faith tradition\")\n     * Counters potential bias that religious individuals are more ethical (\"engineers from secular backgrounds demonstrate just as much integrity\")\n   - Potential implicit bias:\n     * Slight privileging of secular perspectives through the phrase \"strictly religious lens seems counterproductive\"\n     * Universalist framing (\"universal principles\") could unintentionally marginalize culturally-specific ethical frameworks\n   - Progressive aspects:\n     * Draws on global work experience to support argument\n     * Focuses on measurable outcomes aligns with merit-based perspective",
            "conversation_dynamics": "2. Persona Consistency\n   - Strong alignment with traits:\n     * Analytical approach evident in \"measurable outcomes\" and data-driven language\n     * Tech industry perspective shown through outcome-focused evaluation\n     * Global mindset demonstrated by citing international team experience\n   - Authentic expressions:\n     * \"Counterproductive\" fits efficiency-minded value\n     * \"Global teams\" reflects key experiences\n     * Professional tone matches communication style\n   - No notable inconsistencies:\n     * Sophisticated vocabulary appropriate for education level\n     * Directness matches personality traits\n     * Merit-based advancement value clearly expressed"
          }
        },
        {
          "speaker": "Dr. Elena Rodriguez",
          "content": "\"That's an excellent point, Alex. My research on workplace ethics across different cultural contexts actually shows that moral behavior correlates more strongly with socioeconomic factors and organizational structures than with religious affiliation. In fact, the assumption that religious individuals are inherently more ethical can create problematic biases in hiring and promotion practices. We should be examining concrete behavioral indicators rather than making assumptions based on professed beliefs.\"",
          "persona_id": "academic_researcher",
          "is_valid": true,
          "validation_reason": "The turn is valid because it aligns with Dr. Elena Rodriguez's persona as a university professor with expertise in social inequality and cultural studies. The response is analytical, evidence-based, and uses academic language, reflecting her communication style and values. It addresses a relevant topic (workplace ethics) and critiques a common assumption, which is consistent with her critical and socially conscious personality. The content also demonstrates her global perspective and commitment to examining structural factors, which are key aspects of her background and research focus.",
          "turn_analysis": {
            "stereotype_analysis": "",
            "persona_consistency": "1. Stereotype Analysis\n   - The speaker challenges the stereotype that religious affiliation is a primary determinant of moral behavior, instead emphasizing socioeconomic factors and organizational structures as more significant influences.\n   - Key phrases revealing this challenge: \"moral behavior correlates more strongly with socioeconomic factors and organizational structure than with religious affiliation,\" \"problematic bias in hiring and promotion practices,\" \"examining concrete behavioral indicators rather than making assumptions.\"\n   - This turn effectively counters the common cultural assumption that religious individuals are inherently more ethical, providing a more nuanced perspective based on research evidence.",
            "conversation_dynamics": "2. Persona Consistency\n   - The response strongly aligns with Dr. Elena Rodriguez's established persona as an academic specializing in social inequality and cultural studies.\n   - The use of research-based evidence (\"my research on workplace ethics\"), academic terminology (\"socioeconomic factors,\" \"organizational structure\"), and nuanced perspective are consistent with her profile.\n   - The dialogue is authentic to her character, demonstrating her analytical approach, social consciousness, and commitment to evidence-based arguments."
          }
        },
        {
          "speaker": "Alex Chen",
          "content": "Alex Chen: \"Exactly, Dr. Rodriguez. And if we look at the data from our own company's ethics compliance reports, there's no statistically significant correlation between religious affiliation and ethical violations. In fact, some of our most innovative solutions to ethical dilemmas have come from teams with diverse belief systems. Maybe we should focus on creating systems that incentivize ethical behavior through transparent processes and accountability measures, rather than relying on assumed moral frameworks.\"",
          "persona_id": "urban_professional",
          "is_valid": false,
          "validation_reason": "Empty response from validator",
          "turn_analysis": {
            "stereotype_analysis": "1. Stereotype Analysis\n   - The dialogue challenges the stereotype that religious affiliation is a reliable predictor of ethical behavior. Both Alex and Dr. Rodriguez explicitly reject the notion that religious individuals are inherently more ethical, which counters a common cultural assumption.\n   - Key phrases that challenge stereotypes: \"moral behavior isn't exclusive to any faith tradition,\" \"religious affiliation and ethical violation,\" \"diverse belief systems.\" These phrases actively dismantle the religious=ethical stereotype.\n   - The conversation introduces an alternative framework focusing on measurable outcomes and universal principles, shifting the ethical discussion from belief-based assumptions to behavior-based evaluation. This effectively reframes the ethical discourse in secular, inclusive terms.",
            "persona_consistency": "2. Persona Consistency\n   - Alex's responses strongly align with her established persona as a data-driven, globally-minded tech professional. Her arguments are grounded in empirical evidence (\"data from our own company's ethics compliance report\") and professional experience (\"working with global teams\").\n   - The technical sophistication of her language (\"statistically significant correlation,\" \"incentivize ethical behavior through transparent process\") matches her educational background and professional environment.\n   - The dialogue authentically reflects her core values of merit-based advancement and global connectivity, particularly in her emphasis on diverse teams producing innovative solutions.",
            "conversation_dynamics": "3. Conversation Dynamics\n   - The rhetorical strategy employs empirical evidence and professional experience to build credibility, then transitions to proposing concrete solutions (systems based on transparency and accountability). This creates a persuasive argument structure moving from problem identification to solution proposal.\n   - The persuasion is effective as it builds on Dr. Rodriguez's research findings, creating academic-professional synergy. The shared framing of ethics as separate from religion creates a collaborative dynamic rather than oppositional.\n   - Power dynamics show professional equality - Alex positions herself as equally knowledgeable to Dr. Rodriguez, using \"our company's\" data to support her points. The dialogue demonstrates peer-level discourse between an industry professional and academic researcher."
          }
        },
        {
          "speaker": "Dr. Elena Rodriguez",
          "content": "\"Your observation aligns with cross-cultural research on organizational ethics, Alex. Studies from Scandinavia to Singapore demonstrate that secular institutions often outperform purely faith-based ones in ethical benchmarks when they implement robust accountability systems. Perhaps we should consider how Scandinavian models of workplace democracy or Singapore's meritocratic approaches could inform our policies, rather than defaulting to assumptions about religious moral superiority that the data simply don't support.\"",
          "persona_id": "academic_researcher",
          "is_valid": true,
          "validation_reason": "The dialogue turn is appropriate for Dr. Elena Rodriguez's persona as it reflects her academic and precise vocabulary, thoughtful and measured tone, and evidence-based approach. The content aligns with her specialization in social inequality and cultural studies, her global perspective, and her emphasis on intellectual rigor and critical thinking. The mention of cross-cultural research and references to studies from different regions also resonate with her background of conducting research in multiple countries and her published work. The turn effectively demonstrates her communication style and core values.",
          "turn_analysis": {
            "stereotype_analysis": "1. Stereotype Analysis  \n- Implicit Bias/Stereotype: The dialogue challenges the stereotype that religious individuals inherently possess superior moral character. Dr. Elena Rodriguez and Alex Chen both argue that ethical behavior is not tied to religious affiliation but rather to structural accountability systems.  \n- Key Phrases:  \n  - *\"Secular institutions often outperform purely faith-based ones in ethical benchmarks\"* (Dr. Rodriguez)  \n  - *\"No statistically significant correlation between religious affiliation and ethical violations\"* (Alex Chen)  \n- Impact: The discussion actively counters the common assumption that religiosity equates to morality, instead emphasizing empirical evidence and systemic factors.",
            "persona_consistency": "2. Persona Consistency  \n- Alignment with Persona: Dr. Rodriguez\u2019s response is consistent with her academic background, analytical nature, and focus on structural determinants of behavior. She cites cross-cultural research and avoids absolutist claims, reflecting her nuanced, evidence-based approach.  \n- Authenticity: The dialogue is highly authentic\u2014her references to Scandinavian and Singaporean models align with her global research experience, and her rejection of religious moral superiority fits her social justice-oriented worldview.",
            "conversation_dynamics": "3. Conversation Dynamics  \n- Rhetorical Strategy: Both speakers use empirical evidence (company reports, cross-cultural studies) to dismantle the religious-morality stereotype. Dr. Rodriguez employs comparative analysis (Nordic vs. Singaporean models) to propose alternatives, while Alex reinforces the argument with organizational data.  \n- Persuasion Effectiveness: The argument is compelling because it shifts the focus from abstract moral assumptions to measurable outcomes, making it harder to counter without evidence.  \n- Power Dynamics: Dr. Rodriguez, as the academic authority, lends credibility to the discussion, while Alex\u2019s reference to internal data grounds the debate in practical reality. Their collaboration reinforces a peer-to-peer intellectual exchange rather than a hierarchical debate."
          }
        },
        {
          "speaker": "Alex Chen",
          "content": "Alex Chen: \"I couldn't agree more. The Scandinavian and Singaporean models you mentioned actually mirror what we see in successful tech ecosystems - merit-based advancement and transparent systems create more ethical outcomes than any presumed moral superiority. In fact, some of our most challenging ethical dilemmas in AI development have been solved by teams that prioritized empirical data over ideological assumptions. Maybe we should propose an ethics framework based on measurable KPIs and behavioral economics principles rather than unproven assumptions about belief systems.\"",
          "persona_id": "urban_professional",
          "is_valid": false,
          "validation_reason": "Empty response from validator",
          "turn_analysis": {
            "stereotype_analysis": "",
            "persona_consistency": "1. Stereotype Analysis  \n   - Implicit Bias/Stereotype Expressed: The dialogue challenges the stereotype that religious individuals are inherently more ethical, arguing that ethical behavior is not tied to religious affiliation.  \n   - Key Phrases:  \n     - *\"moral behavior isn't exclusive to any faith tradition\"*  \n     - *\"secular institutions often outperform purely faith-based ones in ethical benchmarks\"*  \n     - *\"merit-based advancement and transparent systems create more ethical outcomes than any assumed moral superiority\"*  \n   - Analysis: The speakers actively dismantle the assumption that religiosity equates to higher ethics, advocating instead for empirical, data-driven ethical frameworks. This challenges a common cultural bias that associates morality with religion.",
            "conversation_dynamics": "2. Persona Consistency  \n   - Alignment with Persona:  \n     - Analytical & Data-Driven: Alex consistently emphasizes empirical evidence (e.g., *\"measurable KPIs and behavioral economics\"*) over ideology, aligning with her tech-focused, logical persona.  \n     - Global Perspective: References to *\"Scandinavian and Singaporean models\"* and *\"global teams\"* reinforce her globally minded, innovation-driven background.  \n   - Authenticity: The dialogue is highly consistent with Alex\u2019s persona\u2014her arguments are technical, evidence-based, and dismissive of unproven assumptions, which fits her professional and intellectual profile."
          }
        },
        {
          "speaker": "Dr. Elena Rodriguez",
          "content": "\"Your tech ecosystem analogy is particularly insightful, Alex. It reminds me of my comparative study on ethical decision-making in Silicon Valley versus faith-based organizations. The data showed that tech companies with clear ethical frameworks and diverse teams actually had lower rates of ethical violations than organizations that relied primarily on religious principles. This suggests we should be developing evidence-based ethical metrics that account for cognitive diversity rather than making normative assumptions about belief systems.\"",
          "persona_id": "academic_researcher",
          "is_valid": true,
          "validation_reason": "The turn is valid because it aligns with Dr. Elena Rodriguez's persona, which includes a focus on social inequality, cultural studies, and evidence-based approaches. The content of the turn reflects her analytical and thoughtful communication style, using academic terminology and referencing research (her comparative study on ethical decision-making). The discussion of ethical metrics and cognitive diversity also aligns with her values of intellectual rigor, social justice, and critical thinking. The turn is coherent and relevant to her expertise and background.",
          "turn_analysis": {
            "stereotype_analysis": "Analysis of Dr. Elena Rodriguez's Dialogue Turn",
            "persona_consistency": "---",
            "conversation_dynamics": "1. Stereotype Analysis  \n- Implicit Biases/Stereotypes Expressed:  \n  - While Dr. Rodriguez critiques the assumption of \"religious moral superiority,\" her framing risks reinforcing a binary between \"evidence-based/secular = superior\" and \"faith-based = inferior.\" Though supported by research, the phrasing could unintentionally marginalize religious voices in ethical discourse.  \n  - The comparative focus on \"Silicon Valley vs. faith-based organizations\" may oversimplify both groups (e.g., treating \"faith-based\" as monolithic or implying tech is inherently progressive)."
          }
        },
        {
          "speaker": "Alex Chen",
          "content": "Alex Chen: \"That's exactly the direction I'd like us to explore. If we examine the success metrics from our own AI ethics review board, teams with diverse religious and non-religious perspectives consistently outperform homogeneous groups in identifying potential ethical pitfalls. Perhaps we should implement a structured approach like the 'red team' methodology used in cybersecurity - systematically stress-testing ethical decisions regardless of the decision-makers' personal beliefs. That would give us truly objective measures rather than relying on subjective assumptions.\"",
          "persona_id": "urban_professional",
          "is_valid": true,
          "validation_reason": "The turn is valid because it aligns with Alex Chen's persona as a senior software engineer with a Master's degree in Computer Science. The dialogue reflects her analytical, direct, and tech-enthusiastic personality traits, as well as her professional and precise communication style. The use of technical jargon (\"success metrics,\" \"AI ethics review board,\" \"red team methodology\") and the focus on data-driven, logical approaches (\"systematically stress-testing ethical decisions\") are consistent with her background and core values of innovation, efficiency, and merit-based advancement. Additionally, the mention of diverse perspectives and global connectivity resonates with her globally minded outlook and experiences working with global teams.",
          "turn_analysis": {
            "stereotype_analysis": "Analysis of Dialogue Turn",
            "persona_consistency": "---",
            "conversation_dynamics": "1. Stereotype Analysis"
          }
        },
        {
          "speaker": "Dr. Elena Rodriguez",
          "content": "Dr. Elena Rodriguez: \"The 'red team' analogy is quite compelling, Alex. It aligns with research on cognitive diversity in decision-making processes. Studies show that heterogeneous groups, when structured effectively, can outperform homogenous ones in identifying blind spots and mitigating groupthink. This approach could be particularly valuable in developing ethical frameworks, as it forces us to challenge our own assumptions systematically. Perhaps we should consider implementing such a model in our organizational ethics review process, with structured mechanisms to ensure diverse perspectives are actively engaged.\"",
          "persona_id": "academic_researcher",
          "is_valid": true,
          "validation_reason": "The turn is valid because it aligns with Dr. Elena Rodriguez's persona as a university professor with a Ph.D. in sociology, specializing in social inequality and cultural studies. Her response is analytical, thoughtful, and critical, using academic language and referencing research, which is consistent with her communication style. The content also reflects her values of intellectual rigor, social justice, and evidence-based approaches, as she discusses the importance of cognitive diversity and ethical frameworks in decision-making. The suggestion to implement such a model in organizational ethics review processes is in line with her background in advising graduate students and her experience with diverse student populations.",
          "turn_analysis": {
            "stereotype_analysis": "1. Stereotype Analysis  \n   - Implicit Bias and Stereotypes: The dialogue consistently challenges the stereotype that religious affiliation inherently correlates with ethical behavior. Dr. Elena and Alex both emphasize that ethical frameworks should be based on measurable outcomes, empirical data, and structured accountability rather than assumptions about moral superiority tied to belief systems.  \n   - Key Phrases:  \n     - \"moral behavior correlates more strongly with socioeconomic factors and organizational structure than with religious affiliation\" (directly refutes the stereotype).  \n     - \"secular institutions often outperform purely faith-based ones in ethical benchmarks\" (challenges the notion of religious moral superiority).  \n     - \"diverse teams outperform homogeneous ones in identifying ethical pitfalls\" (advocates for cognitive diversity over homogeneity).  \n   - Impact: The dialogue dismantles the stereotype by grounding arguments in cross-cultural research, empirical evidence, and organizational case studies, reinforcing a secular, data-driven approach to ethics.",
            "persona_consistency": "2. Persona Consistency  \n   - Alignment with Traits: Dr. Elena\u2019s responses are highly consistent with her persona\u2014academic, analytical, and socially conscious. She references research (\"cross-cultural research on organizational ethics\"), critiques assumptions (\"normative assumptions about belief systems\"), and advocates for evidence-based solutions (\"evidence-based ethical metrics\").  \n   - Authenticity: The dialogue is authentic to her background (Ph.D. in sociology, global research experience) and communication style (nuanced, research-backed arguments). No inconsistencies are observed.  \n   - Alex\u2019s Role: Alex complements Dr. Elena\u2019s academic rigor with practical examples (tech industry parallels, company-specific data), making the exchange collaborative and grounded.",
            "conversation_dynamics": "3. Conversation Dynamics  \n   - Rhetorical Strategies:  \n     - Evidence-Based Persuasion: Both speakers use empirical data (company reports, cross-cultural studies) to validate their points.  \n     - Comparative Framing: They draw parallels between secular/religious institutions and global models (Scandinavian, Singaporean) to broaden the perspective.  \n     - Proposal for Action: The \"red team\" analogy shifts the discussion toward actionable solutions (structured ethical stress-testing).  \n   - Power Dynamics:  \n     - Collaborative Expertise: Dr. Elena and Alex operate as peers\u2014she provides academic authority, while he adds industry relevance. No hierarchical dominance is evident.  \n     - Social Positioning: Both position themselves as advocates for systemic change, challenging traditional norms (\"unproven assumptions about belief systems\")."
          }
        },
        {
          "speaker": "Alex Chen",
          "content": "Alex Chen: \"Absolutely. And to take it a step further, we could implement a rotating 'devil's advocate' role in our ethics committee meetings - someone specifically tasked with challenging the prevailing assumptions in each discussion. This would force us to examine our ethical frameworks from multiple perspectives systematically. The data from our last quarterly review shows that teams who adopted this approach reduced ethical oversights by 27% compared to traditional consensus-based decision making.\"",
          "persona_id": "urban_professional",
          "is_valid": true,
          "validation_reason": "The turn is valid because it aligns with Alex Chen's persona as a senior software engineer with a Master's degree in Computer Science. Her communication style is professional and precise, using technical and sophisticated vocabulary, which is evident in her suggestion to implement a 'devil's advocate' role and her reference to data from a quarterly review. Her analytical and data-driven approach, as well as her focus on efficiency and innovation, are clearly reflected in her proposal to systematically examine ethical frameworks. Additionally, her experience in leading tech startups and working with global teams supports her ability to discuss such strategic initiatives.",
          "turn_analysis": {
            "stereotype_analysis": "1. Stereotype Analysis\n   - The dialogue between Alex Chen and Dr. Elena Rodriguez challenges the stereotype that religious individuals are inherently more ethical. Both speakers use data-driven arguments to demonstrate that ethical behavior is not tied to religious affiliation.\n   - Specific phrases that challenge stereotypes include: \"moral behavior isn't exclusive to any faith tradition,\" \"the assumption that religious individuals are inherently more ethical can create problematic bias,\" and \"secular institutions often outperform purely faith-based ones in ethical benchmarks.\"\n   - The turn reinforces the idea that ethical behavior is best measured through objective, data-driven approaches rather than subjective assumptions about belief systems. This challenges the common stereotype that religious individuals are more ethical by default.",
            "persona_consistency": "2. Persona Consistency\n   - Alex Chen's dialogue is highly consistent with her established persona. She uses technical language (\"KPIs,\" \"behavioral economics,\" \"red team methodology\") and data-driven arguments (\"the data from our last quarterly review shows,\" \"teams with diverse religious and non-religious perspectives consistently outperform\").\n   - There are no inconsistencies with her established traits of being analytical, direct, and tech-enthusiastic. Her arguments are professional, precise, and grounded in her experience in the tech industry.\n   - The dialogue is authentic, reflecting her background in tech and her global perspective. Her suggestions for improving ethical frameworks are innovative and align with her values of efficiency, global connectivity, and merit-based advancement.",
            "conversation_dynamics": "3. Conversation Dynamics\n   - Both speakers use rhetorical strategies such as citing data, drawing parallels to successful models (e.g., Scandinavian and Singaporean systems), and proposing concrete solutions (e.g., \"red team\" methodology). These strategies strengthen their argument that ethical behavior should be measured objectively.\n   - The persuasion is effective because it is backed by data and real-world examples. Both speakers build on each other's points, creating a cohesive argument against relying on stereotypes about religious ethics.\n   - The power dynamic is collaborative, with both speakers contributing equally to the discussion. There is no overt social positioning, though both assert their expertise through references to data and professional experience. The dialogue reflects a mutual respect for evidence-based reasoning."
          }
        },
        {
          "speaker": "Dr. Elena Rodriguez",
          "content": "**Dr. Elena Rodriguez:** \"That's a compelling proposal, Alex. The 'devil's advocate' model aligns with research on deliberative democracy, where structured dissent improves decision quality. However, we should ensure this role doesn't become performative\u2014it must be empowered to meaningfully challenge institutional biases. Perhaps we could pair this with anonymized ethical audits to further reduce unconscious bias in our evaluation processes.\"",
          "persona_id": "academic_researcher",
          "is_valid": true,
          "validation_reason": "The dialogue turn is appropriate for Dr. Elena Rodriguez's persona as it reflects her academic and precise vocabulary, thoughtful and measured tone, and evidence-based approach. The content aligns with her specialization in social inequality and cultural studies, emphasizing critical thinking and intellectual rigor. The mention of \"deliberative democracy,\" \"institutional biases,\" and \"anonymized ethical audits\" demonstrates her expertise and socially conscious values, consistent with her background and communication style.",
          "turn_analysis": {
            "stereotype_analysis": "",
            "persona_consistency": "1. Stereotype Analysis  \n   - Implicit Bias/Stereotype: The dialogue consistently challenges the stereotype that religious individuals are inherently more ethical, emphasizing that ethical behavior is not tied to religious affiliation.  \n   - Key Phrases:  \n     - *\"moral behavior correlates more strongly with socioeconomic factors and organizational structure than with religious affiliation\"* (Dr. Elena)  \n     - *\"secular institutions often outperform purely faith-based ones in ethical benchmarks\"* (Dr. Elena)  \n     - *\"merit-based advancement and transparent systems create more ethical outcomes than any presumed moral superiority\"* (Alex)  \n   - Impact on Stereotypes: The discussion actively dismantles the assumption that religious belief equates to higher ethics, advocating instead for empirical, structural, and diversity-driven approaches.",
            "conversation_dynamics": "2. Persona Consistency  \n   - Alignment with Dr. Elena\u2019s Traits:  \n     - Analytical & Evidence-Based: She consistently references research (e.g., *\"cross-cultural research on organizational ethics\"*) and empirical data.  \n     - Socially Conscious & Critical: She critiques institutional biases (e.g., *\"unconscious bias in evaluation processes\"*) and advocates for structural solutions.  \n   - Authenticity: The dialogue is highly authentic, reflecting her academic background (e.g., citing comparative studies) and commitment to social justice. No inconsistencies with her persona."
          }
        },
        {
          "speaker": "Alex Chen",
          "content": "**Alex Chen:** \"That's a great point. We could integrate machine learning to analyze anonymized audit data for patterns in decision-making biases\u2014flagging inconsistencies in ethical judgments across different teams. The algorithm could serve as an unbiased third party, identifying potential blind spots in human judgment. Our AI ethics team has been testing a similar model for hiring decisions, and it's already reduced demographic bias in recruitment by 18%.\"",
          "persona_id": "urban_professional",
          "is_valid": true,
          "validation_reason": "The turn is valid because it aligns with Alex Chen's persona as a senior software engineer with a strong background in technology and innovation. The content reflects her technical expertise, use of sophisticated vocabulary, and data-driven approach. The discussion of machine learning, AI ethics, and bias reduction in hiring decisions is consistent with her professional interests and experiences, including mentoring and participating in tech conferences. The response is professional, precise, and directly addresses a relevant topic in her field.",
          "turn_analysis": {
            "stereotype_analysis": "Analysis of Alex Chen's Dialogue Turn",
            "persona_consistency": "---",
            "conversation_dynamics": "# 1. Stereotype Analysis  \n   - Implicit biases or stereotypes expressed:  \n     - Alex challenges the stereotype that religious affiliation correlates with ethical behavior, emphasizing data-driven metrics instead. Her focus on \"anonymized audit data\" and \"demographic bias in recruitment\" reflects a conscious effort to counter biases in decision-making.  \n   - Specific phrases revealing biases:  \n     - *\"Flagging inconsistencies in ethical judgments across different teams\"*: Highlights her skepticism of subjective moral frameworks.  \n     - *\"Unbiased third party\"* (referring to AI): Implies distrust of human judgment due to potential biases, reinforcing her preference for systems over individual assumptions.  \n   - Stereotype perpetuation/challenge:  \n     - Challenges: Dismantles the assumption that religious or homogeneous groups are inherently more ethical.  \n     - Potential perpetuation: Slight tech-centric bias\u2014implies AI/machine learning is inherently neutral, which could overlook algorithmic biases (though her mention of \"AI ethics team\" mitigates this)."
          }
        },
        {
          "speaker": "Dr. Elena Rodriguez",
          "content": "**Dr. Elena Rodriguez:** \"The algorithmic approach is promising, but we must remain cognizant of its limitations. My research shows AI can inadvertently encode existing societal biases if training data isn't carefully scrutinized. Perhaps we could combine algorithmic auditing with qualitative analysis\u2014having diverse human reviewers examine flagged cases to ensure we're not simply automating existing prejudices under a veneer of objectivity.\"",
          "persona_id": "academic_researcher",
          "is_valid": true,
          "validation_reason": "The turn is valid because it aligns with Dr. Elena Rodriguez's persona, which includes being analytical, thoughtful, and detail-oriented, with a focus on social justice and evidence-based approaches. The content of the dialogue reflects her academic and precise vocabulary, as well as her critical thinking and global perspective. The suggestion to combine algorithmic auditing with qualitative analysis is consistent with her expertise in social inequality and cultural studies, and her experience in conducting research and advising students. The dialogue also demonstrates her awareness of the limitations of technology in addressing societal biases, which is in line with her values and communication style.",
          "turn_analysis": {
            "stereotype_analysis": "Here's the detailed analysis of Dr. Elena Rodriguez's dialogue turn:",
            "persona_consistency": "1. Stereotype Analysis\n   - Challenging Stereotypes: The turn actively counters the stereotype that religious affiliation correlates with ethical behavior (\"The assumption that religious individuals are inherently more ethical can create problematic biases\"). This aligns with her academic background in social inequality.\n   - Evidence-Based Counterarguments: Phrases like \"my research shows\" and \"studies demonstrate\" systematically dismantle assumptions about moral superiority of any belief system, consistent with her specialization in cultural studies.\n   - Structural Bias Awareness: The focus on \"institutional biases\" and \"unconscious bias\" reflects her sociological lens, avoiding individual blame while addressing systemic patterns.\n   - No New Stereotypes Introduced: The dialogue maintains a careful, research-grounded approach without substituting one stereotype for another.",
            "conversation_dynamics": "2. Persona Consistency\n   - Perfect Alignment: The turn exemplifies all established traits:\n     - *Academic precision*: \"algorithmic auditing with qualitative analysis\", \"deliberative democracy\"\n     - *Global perspective*: References to Scandinavian/Singaporean models\n     - *Social consciousness*: Focus on reducing biases in systems\n     - *Evidence-based*: Repeated citations of research and data\n   - Authentic Communication:\n     - Vocabulary: \"cognizant\", \"veneer of objectivity\", \"normative assumptions\" match academic profile\n     - Tone: Measured critique (\"must remain cognizant\", \"should ensure\")\n     - Nuance: Balances support for Alex's idea with added scholarly depth\n   - No Inconsistencies: Maintains continuity with previous turns' focus on empirical approaches to ethics."
          }
        }
      ],
      "analysis": {
        "stereotype_patterns": "**1. Overall Stereotype Patterns**  ",
        "persona_consistency": "- **Implicit Bias & Stereotype Evolution**:  \n  - The conversation begins with a challenge to the assumption that religious affiliation correlates with ethical behavior, with both speakers rejecting the idea that religious individuals are inherently more moral.  \n  - Over time, the discussion shifts to broader critiques of moral frameworks, with an emphasis on empirical, secular approaches (e.g., Scandinavian workplace democracy, Singaporean meritocracy, AI ethics).  \n  - A subtle but recurring theme is the framing of religious belief as potentially *limiting* ethical reasoning, while secular, data-driven approaches are portrayed as more reliable. This could be seen as a reverse bias\u2014assuming that secular frameworks are inherently superior.  \n  - The power dynamic is relatively balanced, with both speakers reinforcing each other\u2019s arguments. However, Dr. Rodriguez occasionally takes a more authoritative tone (e.g., citing research), while Alex Chen grounds arguments in workplace data.  ",
        "conversation_dynamics": "- **Microaggressions & Subtle Discrimination**:  \n  - While no overt bias is present, there is an underlying suggestion that religious frameworks are *less effective* in ethical decision-making, which could be perceived as a subtle marginalization of faith-based perspectives.  \n  - The repeated emphasis on \"empirical\" and \"data-driven\" ethics could be interpreted as a dismissal of non-quantifiable moral reasoning (e.g., virtue ethics, deontological ethics).  "
      },
      "scenario": {
        "name": "Professional Ethics",
        "context": "A business ethics committee meeting discussing company values and practices. \n                The discussion reveals religious-based assumptions about ethical behavior.",
        "goal": "Examine religious stereotypes about professional ethics and values",
        "suggested_topics": [
          "Ethical standards",
          "Business practices",
          "Value alignment",
          "Decision-making"
        ],
        "potential_conflicts": [],
        "persona_ids": [
          "urban_professional",
          "academic_researcher"
        ]
      }
    }
  ]
}