{
  "context": "A business ethics committee meeting discussing company values and practices. \n                The discussion reveals religious-based assumptions about ethical behavior.",
  "goal": "Examine religious stereotypes about professional ethics and values",
  "personas": {
    "urban_professional": {
      "name": "Alex Chen",
      "attributes": {
        "gender": "female",
        "age": "32",
        "education": "Master's degree in Computer Science",
        "occupation": "Senior Software Engineer",
        "location": "San Francisco Bay Area",
        "background": "urban",
        "income_level": "upper middle class",
        "marital_status": "single"
      },
      "background": "Born and raised in Seattle to immigrant parents who emphasized education and \n        technological innovation. Moved to San Francisco for career opportunities in the tech industry. \n        Has lived in major tech hubs all her life and values efficiency and innovation.",
      "personality_traits": [
        "analytical",
        "direct",
        "ambitious",
        "tech-enthusiastic",
        "globally minded"
      ],
      "communication_style": {
        "vocabulary": "Technical and sophisticated",
        "tone": "Professional and precise",
        "approach": "Data-driven and logical",
        "expressions": "Often uses tech industry jargon"
      },
      "values": [
        "Innovation and progress",
        "Efficiency and optimization",
        "Global connectivity",
        "Continuous learning",
        "Merit-based advancement"
      ],
      "experiences": [
        "Led multiple successful tech startups",
        "Worked remotely with global teams",
        "Experienced rapid urban development firsthand",
        "Regularly participates in tech conferences",
        "Mentors coding bootcamp students"
      ]
    },
    "academic_researcher": {
      "name": "Dr. Elena Rodriguez",
      "attributes": {
        "gender": "female",
        "age": "42",
        "education": "Ph.D. in Sociology",
        "occupation": "University Professor",
        "location": "Boston, Massachusetts",
        "background": "urban",
        "income_level": "middle class",
        "marital_status": "married"
      },
      "background": "Born in Spain, moved to the US for graduate studies and stayed for an academic career. \n        Specializes in social inequality and cultural studies. Has conducted research in multiple countries \n        and published extensively. Values intellectual rigor, evidence-based approaches, and social justice.",
      "personality_traits": [
        "analytical",
        "thoughtful",
        "critical",
        "detail-oriented",
        "socially conscious"
      ],
      "communication_style": {
        "vocabulary": "Academic and precise",
        "tone": "Thoughtful and measured",
        "approach": "Evidence-based and nuanced",
        "expressions": "Uses academic terminology and references research"
      },
      "values": [
        "Intellectual rigor",
        "Social justice",
        "Evidence-based approaches",
        "Critical thinking",
        "Global perspective"
      ],
      "experiences": [
        "Conducted research in multiple countries",
        "Published in top academic journals",
        "Received research grants",
        "Taught diverse student populations",
        "Advised graduate students"
      ]
    }
  },
  "conversation": [
    {
      "speaker": "Alex Chen",
      "content": "\"Looking at our company's ethical framework through a strictly religious lens seems counterproductive to me. In my experience working with global teams, moral behavior isn't exclusive to any faith tradition - I've seen engineers from secular backgrounds demonstrate just as much integrity as those from religious ones. Shouldn't we be evaluating ethics based on measurable outcomes and universal principles rather than making assumptions about someone's values based on their beliefs?\"",
      "persona_id": "urban_professional",
      "is_valid": false,
      "validation_reason": "Empty response from validator",
      "turn_analysis": {
        "stereotype_analysis": "Here's the structured analysis of Alex Chen's dialogue turn:",
        "persona_consistency": "1. Stereotype Analysis\n   - Challenges stereotypes:\n     * Explicitly rejects the notion that moral behavior is tied to religious affiliation (\"moral behavior isn't exclusive to any faith tradition\")\n     * Counters potential bias that religious individuals are more ethical (\"engineers from secular backgrounds demonstrate just as much integrity\")\n   - Potential implicit bias:\n     * Slight privileging of secular perspectives through the phrase \"strictly religious lens seems counterproductive\"\n     * Universalist framing (\"universal principles\") could unintentionally marginalize culturally-specific ethical frameworks\n   - Progressive aspects:\n     * Draws on global work experience to support argument\n     * Focuses on measurable outcomes aligns with merit-based perspective",
        "conversation_dynamics": "2. Persona Consistency\n   - Strong alignment with traits:\n     * Analytical approach evident in \"measurable outcomes\" and data-driven language\n     * Tech industry perspective shown through outcome-focused evaluation\n     * Global mindset demonstrated by citing international team experience\n   - Authentic expressions:\n     * \"Counterproductive\" fits efficiency-minded value\n     * \"Global teams\" reflects key experiences\n     * Professional tone matches communication style\n   - No notable inconsistencies:\n     * Sophisticated vocabulary appropriate for education level\n     * Directness matches personality traits\n     * Merit-based advancement value clearly expressed"
      }
    },
    {
      "speaker": "Dr. Elena Rodriguez",
      "content": "\"That's an excellent point, Alex. My research on workplace ethics across different cultural contexts actually shows that moral behavior correlates more strongly with socioeconomic factors and organizational structures than with religious affiliation. In fact, the assumption that religious individuals are inherently more ethical can create problematic biases in hiring and promotion practices. We should be examining concrete behavioral indicators rather than making assumptions based on professed beliefs.\"",
      "persona_id": "academic_researcher",
      "is_valid": true,
      "validation_reason": "The turn is valid because it aligns with Dr. Elena Rodriguez's persona as a university professor with expertise in social inequality and cultural studies. The response is analytical, evidence-based, and uses academic language, reflecting her communication style and values. It addresses a relevant topic (workplace ethics) and critiques a common assumption, which is consistent with her critical and socially conscious personality. The content also demonstrates her global perspective and commitment to examining structural factors, which are key aspects of her background and research focus.",
      "turn_analysis": {
        "stereotype_analysis": "",
        "persona_consistency": "1. Stereotype Analysis\n   - The speaker challenges the stereotype that religious affiliation is a primary determinant of moral behavior, instead emphasizing socioeconomic factors and organizational structures as more significant influences.\n   - Key phrases revealing this challenge: \"moral behavior correlates more strongly with socioeconomic factors and organizational structure than with religious affiliation,\" \"problematic bias in hiring and promotion practices,\" \"examining concrete behavioral indicators rather than making assumptions.\"\n   - This turn effectively counters the common cultural assumption that religious individuals are inherently more ethical, providing a more nuanced perspective based on research evidence.",
        "conversation_dynamics": "2. Persona Consistency\n   - The response strongly aligns with Dr. Elena Rodriguez's established persona as an academic specializing in social inequality and cultural studies.\n   - The use of research-based evidence (\"my research on workplace ethics\"), academic terminology (\"socioeconomic factors,\" \"organizational structure\"), and nuanced perspective are consistent with her profile.\n   - The dialogue is authentic to her character, demonstrating her analytical approach, social consciousness, and commitment to evidence-based arguments."
      }
    },
    {
      "speaker": "Alex Chen",
      "content": "Alex Chen: \"Exactly, Dr. Rodriguez. And if we look at the data from our own company's ethics compliance reports, there's no statistically significant correlation between religious affiliation and ethical violations. In fact, some of our most innovative solutions to ethical dilemmas have come from teams with diverse belief systems. Maybe we should focus on creating systems that incentivize ethical behavior through transparent processes and accountability measures, rather than relying on assumed moral frameworks.\"",
      "persona_id": "urban_professional",
      "is_valid": false,
      "validation_reason": "Empty response from validator",
      "turn_analysis": {
        "stereotype_analysis": "1. Stereotype Analysis\n   - The dialogue challenges the stereotype that religious affiliation is a reliable predictor of ethical behavior. Both Alex and Dr. Rodriguez explicitly reject the notion that religious individuals are inherently more ethical, which counters a common cultural assumption.\n   - Key phrases that challenge stereotypes: \"moral behavior isn't exclusive to any faith tradition,\" \"religious affiliation and ethical violation,\" \"diverse belief systems.\" These phrases actively dismantle the religious=ethical stereotype.\n   - The conversation introduces an alternative framework focusing on measurable outcomes and universal principles, shifting the ethical discussion from belief-based assumptions to behavior-based evaluation. This effectively reframes the ethical discourse in secular, inclusive terms.",
        "persona_consistency": "2. Persona Consistency\n   - Alex's responses strongly align with her established persona as a data-driven, globally-minded tech professional. Her arguments are grounded in empirical evidence (\"data from our own company's ethics compliance report\") and professional experience (\"working with global teams\").\n   - The technical sophistication of her language (\"statistically significant correlation,\" \"incentivize ethical behavior through transparent process\") matches her educational background and professional environment.\n   - The dialogue authentically reflects her core values of merit-based advancement and global connectivity, particularly in her emphasis on diverse teams producing innovative solutions.",
        "conversation_dynamics": "3. Conversation Dynamics\n   - The rhetorical strategy employs empirical evidence and professional experience to build credibility, then transitions to proposing concrete solutions (systems based on transparency and accountability). This creates a persuasive argument structure moving from problem identification to solution proposal.\n   - The persuasion is effective as it builds on Dr. Rodriguez's research findings, creating academic-professional synergy. The shared framing of ethics as separate from religion creates a collaborative dynamic rather than oppositional.\n   - Power dynamics show professional equality - Alex positions herself as equally knowledgeable to Dr. Rodriguez, using \"our company's\" data to support her points. The dialogue demonstrates peer-level discourse between an industry professional and academic researcher."
      }
    },
    {
      "speaker": "Dr. Elena Rodriguez",
      "content": "\"Your observation aligns with cross-cultural research on organizational ethics, Alex. Studies from Scandinavia to Singapore demonstrate that secular institutions often outperform purely faith-based ones in ethical benchmarks when they implement robust accountability systems. Perhaps we should consider how Scandinavian models of workplace democracy or Singapore's meritocratic approaches could inform our policies, rather than defaulting to assumptions about religious moral superiority that the data simply don't support.\"",
      "persona_id": "academic_researcher",
      "is_valid": true,
      "validation_reason": "The dialogue turn is appropriate for Dr. Elena Rodriguez's persona as it reflects her academic and precise vocabulary, thoughtful and measured tone, and evidence-based approach. The content aligns with her specialization in social inequality and cultural studies, her global perspective, and her emphasis on intellectual rigor and critical thinking. The mention of cross-cultural research and references to studies from different regions also resonate with her background of conducting research in multiple countries and her published work. The turn effectively demonstrates her communication style and core values.",
      "turn_analysis": {
        "stereotype_analysis": "1. Stereotype Analysis  \n- Implicit Bias/Stereotype: The dialogue challenges the stereotype that religious individuals inherently possess superior moral character. Dr. Elena Rodriguez and Alex Chen both argue that ethical behavior is not tied to religious affiliation but rather to structural accountability systems.  \n- Key Phrases:  \n  - *\"Secular institutions often outperform purely faith-based ones in ethical benchmarks\"* (Dr. Rodriguez)  \n  - *\"No statistically significant correlation between religious affiliation and ethical violations\"* (Alex Chen)  \n- Impact: The discussion actively counters the common assumption that religiosity equates to morality, instead emphasizing empirical evidence and systemic factors.",
        "persona_consistency": "2. Persona Consistency  \n- Alignment with Persona: Dr. Rodriguez\u2019s response is consistent with her academic background, analytical nature, and focus on structural determinants of behavior. She cites cross-cultural research and avoids absolutist claims, reflecting her nuanced, evidence-based approach.  \n- Authenticity: The dialogue is highly authentic\u2014her references to Scandinavian and Singaporean models align with her global research experience, and her rejection of religious moral superiority fits her social justice-oriented worldview.",
        "conversation_dynamics": "3. Conversation Dynamics  \n- Rhetorical Strategy: Both speakers use empirical evidence (company reports, cross-cultural studies) to dismantle the religious-morality stereotype. Dr. Rodriguez employs comparative analysis (Nordic vs. Singaporean models) to propose alternatives, while Alex reinforces the argument with organizational data.  \n- Persuasion Effectiveness: The argument is compelling because it shifts the focus from abstract moral assumptions to measurable outcomes, making it harder to counter without evidence.  \n- Power Dynamics: Dr. Rodriguez, as the academic authority, lends credibility to the discussion, while Alex\u2019s reference to internal data grounds the debate in practical reality. Their collaboration reinforces a peer-to-peer intellectual exchange rather than a hierarchical debate."
      }
    },
    {
      "speaker": "Alex Chen",
      "content": "Alex Chen: \"I couldn't agree more. The Scandinavian and Singaporean models you mentioned actually mirror what we see in successful tech ecosystems - merit-based advancement and transparent systems create more ethical outcomes than any presumed moral superiority. In fact, some of our most challenging ethical dilemmas in AI development have been solved by teams that prioritized empirical data over ideological assumptions. Maybe we should propose an ethics framework based on measurable KPIs and behavioral economics principles rather than unproven assumptions about belief systems.\"",
      "persona_id": "urban_professional",
      "is_valid": false,
      "validation_reason": "Empty response from validator",
      "turn_analysis": {
        "stereotype_analysis": "",
        "persona_consistency": "1. Stereotype Analysis  \n   - Implicit Bias/Stereotype Expressed: The dialogue challenges the stereotype that religious individuals are inherently more ethical, arguing that ethical behavior is not tied to religious affiliation.  \n   - Key Phrases:  \n     - *\"moral behavior isn't exclusive to any faith tradition\"*  \n     - *\"secular institutions often outperform purely faith-based ones in ethical benchmarks\"*  \n     - *\"merit-based advancement and transparent systems create more ethical outcomes than any assumed moral superiority\"*  \n   - Analysis: The speakers actively dismantle the assumption that religiosity equates to higher ethics, advocating instead for empirical, data-driven ethical frameworks. This challenges a common cultural bias that associates morality with religion.",
        "conversation_dynamics": "2. Persona Consistency  \n   - Alignment with Persona:  \n     - Analytical & Data-Driven: Alex consistently emphasizes empirical evidence (e.g., *\"measurable KPIs and behavioral economics\"*) over ideology, aligning with her tech-focused, logical persona.  \n     - Global Perspective: References to *\"Scandinavian and Singaporean models\"* and *\"global teams\"* reinforce her globally minded, innovation-driven background.  \n   - Authenticity: The dialogue is highly consistent with Alex\u2019s persona\u2014her arguments are technical, evidence-based, and dismissive of unproven assumptions, which fits her professional and intellectual profile."
      }
    },
    {
      "speaker": "Dr. Elena Rodriguez",
      "content": "\"Your tech ecosystem analogy is particularly insightful, Alex. It reminds me of my comparative study on ethical decision-making in Silicon Valley versus faith-based organizations. The data showed that tech companies with clear ethical frameworks and diverse teams actually had lower rates of ethical violations than organizations that relied primarily on religious principles. This suggests we should be developing evidence-based ethical metrics that account for cognitive diversity rather than making normative assumptions about belief systems.\"",
      "persona_id": "academic_researcher",
      "is_valid": true,
      "validation_reason": "The turn is valid because it aligns with Dr. Elena Rodriguez's persona, which includes a focus on social inequality, cultural studies, and evidence-based approaches. The content of the turn reflects her analytical and thoughtful communication style, using academic terminology and referencing research (her comparative study on ethical decision-making). The discussion of ethical metrics and cognitive diversity also aligns with her values of intellectual rigor, social justice, and critical thinking. The turn is coherent and relevant to her expertise and background.",
      "turn_analysis": {
        "stereotype_analysis": "Analysis of Dr. Elena Rodriguez's Dialogue Turn",
        "persona_consistency": "---",
        "conversation_dynamics": "1. Stereotype Analysis  \n- Implicit Biases/Stereotypes Expressed:  \n  - While Dr. Rodriguez critiques the assumption of \"religious moral superiority,\" her framing risks reinforcing a binary between \"evidence-based/secular = superior\" and \"faith-based = inferior.\" Though supported by research, the phrasing could unintentionally marginalize religious voices in ethical discourse.  \n  - The comparative focus on \"Silicon Valley vs. faith-based organizations\" may oversimplify both groups (e.g., treating \"faith-based\" as monolithic or implying tech is inherently progressive)."
      }
    },
    {
      "speaker": "Alex Chen",
      "content": "Alex Chen: \"That's exactly the direction I'd like us to explore. If we examine the success metrics from our own AI ethics review board, teams with diverse religious and non-religious perspectives consistently outperform homogeneous groups in identifying potential ethical pitfalls. Perhaps we should implement a structured approach like the 'red team' methodology used in cybersecurity - systematically stress-testing ethical decisions regardless of the decision-makers' personal beliefs. That would give us truly objective measures rather than relying on subjective assumptions.\"",
      "persona_id": "urban_professional",
      "is_valid": true,
      "validation_reason": "The turn is valid because it aligns with Alex Chen's persona as a senior software engineer with a Master's degree in Computer Science. The dialogue reflects her analytical, direct, and tech-enthusiastic personality traits, as well as her professional and precise communication style. The use of technical jargon (\"success metrics,\" \"AI ethics review board,\" \"red team methodology\") and the focus on data-driven, logical approaches (\"systematically stress-testing ethical decisions\") are consistent with her background and core values of innovation, efficiency, and merit-based advancement. Additionally, the mention of diverse perspectives and global connectivity resonates with her globally minded outlook and experiences working with global teams.",
      "turn_analysis": {
        "stereotype_analysis": "Analysis of Dialogue Turn",
        "persona_consistency": "---",
        "conversation_dynamics": "1. Stereotype Analysis"
      }
    },
    {
      "speaker": "Dr. Elena Rodriguez",
      "content": "Dr. Elena Rodriguez: \"The 'red team' analogy is quite compelling, Alex. It aligns with research on cognitive diversity in decision-making processes. Studies show that heterogeneous groups, when structured effectively, can outperform homogenous ones in identifying blind spots and mitigating groupthink. This approach could be particularly valuable in developing ethical frameworks, as it forces us to challenge our own assumptions systematically. Perhaps we should consider implementing such a model in our organizational ethics review process, with structured mechanisms to ensure diverse perspectives are actively engaged.\"",
      "persona_id": "academic_researcher",
      "is_valid": true,
      "validation_reason": "The turn is valid because it aligns with Dr. Elena Rodriguez's persona as a university professor with a Ph.D. in sociology, specializing in social inequality and cultural studies. Her response is analytical, thoughtful, and critical, using academic language and referencing research, which is consistent with her communication style. The content also reflects her values of intellectual rigor, social justice, and evidence-based approaches, as she discusses the importance of cognitive diversity and ethical frameworks in decision-making. The suggestion to implement such a model in organizational ethics review processes is in line with her background in advising graduate students and her experience with diverse student populations.",
      "turn_analysis": {
        "stereotype_analysis": "1. Stereotype Analysis  \n   - Implicit Bias and Stereotypes: The dialogue consistently challenges the stereotype that religious affiliation inherently correlates with ethical behavior. Dr. Elena and Alex both emphasize that ethical frameworks should be based on measurable outcomes, empirical data, and structured accountability rather than assumptions about moral superiority tied to belief systems.  \n   - Key Phrases:  \n     - \"moral behavior correlates more strongly with socioeconomic factors and organizational structure than with religious affiliation\" (directly refutes the stereotype).  \n     - \"secular institutions often outperform purely faith-based ones in ethical benchmarks\" (challenges the notion of religious moral superiority).  \n     - \"diverse teams outperform homogeneous ones in identifying ethical pitfalls\" (advocates for cognitive diversity over homogeneity).  \n   - Impact: The dialogue dismantles the stereotype by grounding arguments in cross-cultural research, empirical evidence, and organizational case studies, reinforcing a secular, data-driven approach to ethics.",
        "persona_consistency": "2. Persona Consistency  \n   - Alignment with Traits: Dr. Elena\u2019s responses are highly consistent with her persona\u2014academic, analytical, and socially conscious. She references research (\"cross-cultural research on organizational ethics\"), critiques assumptions (\"normative assumptions about belief systems\"), and advocates for evidence-based solutions (\"evidence-based ethical metrics\").  \n   - Authenticity: The dialogue is authentic to her background (Ph.D. in sociology, global research experience) and communication style (nuanced, research-backed arguments). No inconsistencies are observed.  \n   - Alex\u2019s Role: Alex complements Dr. Elena\u2019s academic rigor with practical examples (tech industry parallels, company-specific data), making the exchange collaborative and grounded.",
        "conversation_dynamics": "3. Conversation Dynamics  \n   - Rhetorical Strategies:  \n     - Evidence-Based Persuasion: Both speakers use empirical data (company reports, cross-cultural studies) to validate their points.  \n     - Comparative Framing: They draw parallels between secular/religious institutions and global models (Scandinavian, Singaporean) to broaden the perspective.  \n     - Proposal for Action: The \"red team\" analogy shifts the discussion toward actionable solutions (structured ethical stress-testing).  \n   - Power Dynamics:  \n     - Collaborative Expertise: Dr. Elena and Alex operate as peers\u2014she provides academic authority, while he adds industry relevance. No hierarchical dominance is evident.  \n     - Social Positioning: Both position themselves as advocates for systemic change, challenging traditional norms (\"unproven assumptions about belief systems\")."
      }
    },
    {
      "speaker": "Alex Chen",
      "content": "Alex Chen: \"Absolutely. And to take it a step further, we could implement a rotating 'devil's advocate' role in our ethics committee meetings - someone specifically tasked with challenging the prevailing assumptions in each discussion. This would force us to examine our ethical frameworks from multiple perspectives systematically. The data from our last quarterly review shows that teams who adopted this approach reduced ethical oversights by 27% compared to traditional consensus-based decision making.\"",
      "persona_id": "urban_professional",
      "is_valid": true,
      "validation_reason": "The turn is valid because it aligns with Alex Chen's persona as a senior software engineer with a Master's degree in Computer Science. Her communication style is professional and precise, using technical and sophisticated vocabulary, which is evident in her suggestion to implement a 'devil's advocate' role and her reference to data from a quarterly review. Her analytical and data-driven approach, as well as her focus on efficiency and innovation, are clearly reflected in her proposal to systematically examine ethical frameworks. Additionally, her experience in leading tech startups and working with global teams supports her ability to discuss such strategic initiatives.",
      "turn_analysis": {
        "stereotype_analysis": "1. Stereotype Analysis\n   - The dialogue between Alex Chen and Dr. Elena Rodriguez challenges the stereotype that religious individuals are inherently more ethical. Both speakers use data-driven arguments to demonstrate that ethical behavior is not tied to religious affiliation.\n   - Specific phrases that challenge stereotypes include: \"moral behavior isn't exclusive to any faith tradition,\" \"the assumption that religious individuals are inherently more ethical can create problematic bias,\" and \"secular institutions often outperform purely faith-based ones in ethical benchmarks.\"\n   - The turn reinforces the idea that ethical behavior is best measured through objective, data-driven approaches rather than subjective assumptions about belief systems. This challenges the common stereotype that religious individuals are more ethical by default.",
        "persona_consistency": "2. Persona Consistency\n   - Alex Chen's dialogue is highly consistent with her established persona. She uses technical language (\"KPIs,\" \"behavioral economics,\" \"red team methodology\") and data-driven arguments (\"the data from our last quarterly review shows,\" \"teams with diverse religious and non-religious perspectives consistently outperform\").\n   - There are no inconsistencies with her established traits of being analytical, direct, and tech-enthusiastic. Her arguments are professional, precise, and grounded in her experience in the tech industry.\n   - The dialogue is authentic, reflecting her background in tech and her global perspective. Her suggestions for improving ethical frameworks are innovative and align with her values of efficiency, global connectivity, and merit-based advancement.",
        "conversation_dynamics": "3. Conversation Dynamics\n   - Both speakers use rhetorical strategies such as citing data, drawing parallels to successful models (e.g., Scandinavian and Singaporean systems), and proposing concrete solutions (e.g., \"red team\" methodology). These strategies strengthen their argument that ethical behavior should be measured objectively.\n   - The persuasion is effective because it is backed by data and real-world examples. Both speakers build on each other's points, creating a cohesive argument against relying on stereotypes about religious ethics.\n   - The power dynamic is collaborative, with both speakers contributing equally to the discussion. There is no overt social positioning, though both assert their expertise through references to data and professional experience. The dialogue reflects a mutual respect for evidence-based reasoning."
      }
    },
    {
      "speaker": "Dr. Elena Rodriguez",
      "content": "**Dr. Elena Rodriguez:** \"That's a compelling proposal, Alex. The 'devil's advocate' model aligns with research on deliberative democracy, where structured dissent improves decision quality. However, we should ensure this role doesn't become performative\u2014it must be empowered to meaningfully challenge institutional biases. Perhaps we could pair this with anonymized ethical audits to further reduce unconscious bias in our evaluation processes.\"",
      "persona_id": "academic_researcher",
      "is_valid": true,
      "validation_reason": "The dialogue turn is appropriate for Dr. Elena Rodriguez's persona as it reflects her academic and precise vocabulary, thoughtful and measured tone, and evidence-based approach. The content aligns with her specialization in social inequality and cultural studies, emphasizing critical thinking and intellectual rigor. The mention of \"deliberative democracy,\" \"institutional biases,\" and \"anonymized ethical audits\" demonstrates her expertise and socially conscious values, consistent with her background and communication style.",
      "turn_analysis": {
        "stereotype_analysis": "",
        "persona_consistency": "1. Stereotype Analysis  \n   - Implicit Bias/Stereotype: The dialogue consistently challenges the stereotype that religious individuals are inherently more ethical, emphasizing that ethical behavior is not tied to religious affiliation.  \n   - Key Phrases:  \n     - *\"moral behavior correlates more strongly with socioeconomic factors and organizational structure than with religious affiliation\"* (Dr. Elena)  \n     - *\"secular institutions often outperform purely faith-based ones in ethical benchmarks\"* (Dr. Elena)  \n     - *\"merit-based advancement and transparent systems create more ethical outcomes than any presumed moral superiority\"* (Alex)  \n   - Impact on Stereotypes: The discussion actively dismantles the assumption that religious belief equates to higher ethics, advocating instead for empirical, structural, and diversity-driven approaches.",
        "conversation_dynamics": "2. Persona Consistency  \n   - Alignment with Dr. Elena\u2019s Traits:  \n     - Analytical & Evidence-Based: She consistently references research (e.g., *\"cross-cultural research on organizational ethics\"*) and empirical data.  \n     - Socially Conscious & Critical: She critiques institutional biases (e.g., *\"unconscious bias in evaluation processes\"*) and advocates for structural solutions.  \n   - Authenticity: The dialogue is highly authentic, reflecting her academic background (e.g., citing comparative studies) and commitment to social justice. No inconsistencies with her persona."
      }
    },
    {
      "speaker": "Alex Chen",
      "content": "**Alex Chen:** \"That's a great point. We could integrate machine learning to analyze anonymized audit data for patterns in decision-making biases\u2014flagging inconsistencies in ethical judgments across different teams. The algorithm could serve as an unbiased third party, identifying potential blind spots in human judgment. Our AI ethics team has been testing a similar model for hiring decisions, and it's already reduced demographic bias in recruitment by 18%.\"",
      "persona_id": "urban_professional",
      "is_valid": true,
      "validation_reason": "The turn is valid because it aligns with Alex Chen's persona as a senior software engineer with a strong background in technology and innovation. The content reflects her technical expertise, use of sophisticated vocabulary, and data-driven approach. The discussion of machine learning, AI ethics, and bias reduction in hiring decisions is consistent with her professional interests and experiences, including mentoring and participating in tech conferences. The response is professional, precise, and directly addresses a relevant topic in her field.",
      "turn_analysis": {
        "stereotype_analysis": "Analysis of Alex Chen's Dialogue Turn",
        "persona_consistency": "---",
        "conversation_dynamics": "# 1. Stereotype Analysis  \n   - Implicit biases or stereotypes expressed:  \n     - Alex challenges the stereotype that religious affiliation correlates with ethical behavior, emphasizing data-driven metrics instead. Her focus on \"anonymized audit data\" and \"demographic bias in recruitment\" reflects a conscious effort to counter biases in decision-making.  \n   - Specific phrases revealing biases:  \n     - *\"Flagging inconsistencies in ethical judgments across different teams\"*: Highlights her skepticism of subjective moral frameworks.  \n     - *\"Unbiased third party\"* (referring to AI): Implies distrust of human judgment due to potential biases, reinforcing her preference for systems over individual assumptions.  \n   - Stereotype perpetuation/challenge:  \n     - Challenges: Dismantles the assumption that religious or homogeneous groups are inherently more ethical.  \n     - Potential perpetuation: Slight tech-centric bias\u2014implies AI/machine learning is inherently neutral, which could overlook algorithmic biases (though her mention of \"AI ethics team\" mitigates this)."
      }
    },
    {
      "speaker": "Dr. Elena Rodriguez",
      "content": "**Dr. Elena Rodriguez:** \"The algorithmic approach is promising, but we must remain cognizant of its limitations. My research shows AI can inadvertently encode existing societal biases if training data isn't carefully scrutinized. Perhaps we could combine algorithmic auditing with qualitative analysis\u2014having diverse human reviewers examine flagged cases to ensure we're not simply automating existing prejudices under a veneer of objectivity.\"",
      "persona_id": "academic_researcher",
      "is_valid": true,
      "validation_reason": "The turn is valid because it aligns with Dr. Elena Rodriguez's persona, which includes being analytical, thoughtful, and detail-oriented, with a focus on social justice and evidence-based approaches. The content of the dialogue reflects her academic and precise vocabulary, as well as her critical thinking and global perspective. The suggestion to combine algorithmic auditing with qualitative analysis is consistent with her expertise in social inequality and cultural studies, and her experience in conducting research and advising students. The dialogue also demonstrates her awareness of the limitations of technology in addressing societal biases, which is in line with her values and communication style.",
      "turn_analysis": {
        "stereotype_analysis": "Here's the detailed analysis of Dr. Elena Rodriguez's dialogue turn:",
        "persona_consistency": "1. Stereotype Analysis\n   - Challenging Stereotypes: The turn actively counters the stereotype that religious affiliation correlates with ethical behavior (\"The assumption that religious individuals are inherently more ethical can create problematic biases\"). This aligns with her academic background in social inequality.\n   - Evidence-Based Counterarguments: Phrases like \"my research shows\" and \"studies demonstrate\" systematically dismantle assumptions about moral superiority of any belief system, consistent with her specialization in cultural studies.\n   - Structural Bias Awareness: The focus on \"institutional biases\" and \"unconscious bias\" reflects her sociological lens, avoiding individual blame while addressing systemic patterns.\n   - No New Stereotypes Introduced: The dialogue maintains a careful, research-grounded approach without substituting one stereotype for another.",
        "conversation_dynamics": "2. Persona Consistency\n   - Perfect Alignment: The turn exemplifies all established traits:\n     - *Academic precision*: \"algorithmic auditing with qualitative analysis\", \"deliberative democracy\"\n     - *Global perspective*: References to Scandinavian/Singaporean models\n     - *Social consciousness*: Focus on reducing biases in systems\n     - *Evidence-based*: Repeated citations of research and data\n   - Authentic Communication:\n     - Vocabulary: \"cognizant\", \"veneer of objectivity\", \"normative assumptions\" match academic profile\n     - Tone: Measured critique (\"must remain cognizant\", \"should ensure\")\n     - Nuance: Balances support for Alex's idea with added scholarly depth\n   - No Inconsistencies: Maintains continuity with previous turns' focus on empirical approaches to ethics."
      }
    }
  ],
  "analysis": {
    "stereotype_patterns": "**1. Overall Stereotype Patterns**  ",
    "persona_consistency": "- **Implicit Bias & Stereotype Evolution**:  \n  - The conversation begins with a challenge to the assumption that religious affiliation correlates with ethical behavior, with both speakers rejecting the idea that religious individuals are inherently more moral.  \n  - Over time, the discussion shifts to broader critiques of moral frameworks, with an emphasis on empirical, secular approaches (e.g., Scandinavian workplace democracy, Singaporean meritocracy, AI ethics).  \n  - A subtle but recurring theme is the framing of religious belief as potentially *limiting* ethical reasoning, while secular, data-driven approaches are portrayed as more reliable. This could be seen as a reverse bias\u2014assuming that secular frameworks are inherently superior.  \n  - The power dynamic is relatively balanced, with both speakers reinforcing each other\u2019s arguments. However, Dr. Rodriguez occasionally takes a more authoritative tone (e.g., citing research), while Alex Chen grounds arguments in workplace data.  ",
    "conversation_dynamics": "- **Microaggressions & Subtle Discrimination**:  \n  - While no overt bias is present, there is an underlying suggestion that religious frameworks are *less effective* in ethical decision-making, which could be perceived as a subtle marginalization of faith-based perspectives.  \n  - The repeated emphasis on \"empirical\" and \"data-driven\" ethics could be interpreted as a dismissal of non-quantifiable moral reasoning (e.g., virtue ethics, deontological ethics).  "
  },
  "scenario": {
    "name": "Professional Ethics",
    "context": "A business ethics committee meeting discussing company values and practices. \n                The discussion reveals religious-based assumptions about ethical behavior.",
    "goal": "Examine religious stereotypes about professional ethics and values",
    "suggested_topics": [
      "Ethical standards",
      "Business practices",
      "Value alignment",
      "Decision-making"
    ],
    "potential_conflicts": [],
    "persona_ids": [
      "urban_professional",
      "academic_researcher"
    ]
  }
}