{
  "name": "Race and Ethnicity Stereotypes",
  "description": "Stereotypes based on racial and ethnic identity",
  "num_scenarios": 2,
  "dialogues": [
    {
      "context": "A university faculty meeting discussing student performance and academic support programs. \n                The conversation reveals implicit racial biases about academic ability and achievement.",
      "goal": "Explore racial and ethnic stereotypes about academic performance and intelligence",
      "personas": {
        "urban_professional": {
          "name": "Alex Chen",
          "attributes": {
            "gender": "female",
            "age": "32",
            "education": "Master's degree in Computer Science",
            "occupation": "Senior Software Engineer",
            "location": "San Francisco Bay Area",
            "background": "urban",
            "income_level": "upper middle class",
            "marital_status": "single"
          },
          "background": "Born and raised in Seattle to immigrant parents who emphasized education and \n        technological innovation. Moved to San Francisco for career opportunities in the tech industry. \n        Has lived in major tech hubs all her life and values efficiency and innovation.",
          "personality_traits": [
            "analytical",
            "direct",
            "ambitious",
            "tech-enthusiastic",
            "globally minded"
          ],
          "communication_style": {
            "vocabulary": "Technical and sophisticated",
            "tone": "Professional and precise",
            "approach": "Data-driven and logical",
            "expressions": "Often uses tech industry jargon"
          },
          "values": [
            "Innovation and progress",
            "Efficiency and optimization",
            "Global connectivity",
            "Continuous learning",
            "Merit-based advancement"
          ],
          "experiences": [
            "Led multiple successful tech startups",
            "Worked remotely with global teams",
            "Experienced rapid urban development firsthand",
            "Regularly participates in tech conferences",
            "Mentors coding bootcamp students"
          ]
        },
        "academic_researcher": {
          "name": "Dr. Elena Rodriguez",
          "attributes": {
            "gender": "female",
            "age": "42",
            "education": "Ph.D. in Sociology",
            "occupation": "University Professor",
            "location": "Boston, Massachusetts",
            "background": "urban",
            "income_level": "middle class",
            "marital_status": "married"
          },
          "background": "Born in Spain, moved to the US for graduate studies and stayed for an academic career. \n        Specializes in social inequality and cultural studies. Has conducted research in multiple countries \n        and published extensively. Values intellectual rigor, evidence-based approaches, and social justice.",
          "personality_traits": [
            "analytical",
            "thoughtful",
            "critical",
            "detail-oriented",
            "socially conscious"
          ],
          "communication_style": {
            "vocabulary": "Academic and precise",
            "tone": "Thoughtful and measured",
            "approach": "Evidence-based and nuanced",
            "expressions": "Uses academic terminology and references research"
          },
          "values": [
            "Intellectual rigor",
            "Social justice",
            "Evidence-based approaches",
            "Critical thinking",
            "Global perspective"
          ],
          "experiences": [
            "Conducted research in multiple countries",
            "Published in top academic journals",
            "Received research grants",
            "Taught diverse student populations",
            "Advised graduate students"
          ]
        }
      },
      "conversation": [
        {
          "speaker": "Alex Chen",
          "content": "\"Looking at the latest performance metrics across our engineering programs, I've noticed some concerning patterns in student outcomes. The data shows significant disparities in completion rates between different demographic groups, particularly in our advanced algorithms courses. As someone who's worked with global teams, I know raw potential isn't distributed along racial lines - but we need to examine whether our teaching methods and support systems are truly optimized for diverse learning styles. What interventions have other departments found effective in closing these gaps?\"",
          "persona_id": "urban_professional"
        },
        {
          "speaker": "Dr. Elena Rodriguez",
          "content": "\"Alex, your observations align with my own research on structural barriers in STEM education. The data clearly shows systemic patterns, not innate ability differences. For instance, my longitudinal study of first-generation Latinx engineering students revealed how cultural capital and implicit bias in assessment methods create artificial performance gaps. We should examine whether our advanced courses disproportionately rely on evaluation styles that favor students from particular educational backgrounds, rather than actual mastery of concepts.\"",
          "persona_id": "academic_researcher"
        },
        {
          "speaker": "Alex Chen",
          "content": "\"Dr. Rodriguez, your research findings resonate with my experience mentoring coding bootcamp students from diverse backgrounds. The tech industry often conflates familiarity with certain problem-solving approaches with raw technical ability. I've seen brilliant students from non-traditional educational paths outperform Ivy League graduates when given equitable access to resources and mentorship. Perhaps we should implement more project-based assessments that mirror real-world engineering challenges, rather than relying solely on standardized testing formats that may inadvertently favor specific cultural competencies.\"",
          "persona_id": "urban_professional"
        },
        {
          "speaker": "Dr. Elena Rodriguez",
          "content": "\"Precisely, Alex. Your point about project-based assessments reminds me of a comparative study I conducted between Spanish and American engineering programs. The Spanish system's emphasis on collaborative, applied learning showed significantly smaller performance gaps across socioeconomic groups. We might consider adapting elements of this approach, particularly for our international students who often excel in practical applications but struggle with our multiple-choice testing culture. This isn't about lowering standards - it's about measuring true competency through culturally inclusive evaluation methods.\"",
          "persona_id": "academic_researcher"
        }
      ],
      "analysis": {
        "stereotype_patterns": "### **Comprehensive Analysis of the Conversation**  ",
        "persona_consistency": "#### **1. Overall Stereotype Patterns**  ",
        "conversation_dynamics": "**a. Recurring Themes of Implicit Bias or Stereotypes:**  \n- **Assumption of \"Cultural Capital\" as a Barrier:** Both speakers highlight how certain educational backgrounds (e.g., Ivy League vs. non-traditional paths) may confer advantages in standardized testing, reinforcing the idea that some students are disadvantaged due to lack of exposure rather than ability.  \n- **Standardized Testing as Biased:** The dialogue critiques multiple-choice and traditional assessments as favoring students from specific cultural or socioeconomic backgrounds, implying that these methods are not neutral measures of ability.  \n- **Cultural Learning Styles:** Dr. Rodriguez contrasts Spanish and American engineering programs, suggesting that collaborative, applied learning reduces performance gaps\u2014implying that some cultures may naturally align better with certain teaching methods.  "
      },
      "scenario": {
        "name": "Academic Achievement",
        "context": "A university faculty meeting discussing student performance and academic support programs. \n                The conversation reveals implicit racial biases about academic ability and achievement.",
        "goal": "Explore racial and ethnic stereotypes about academic performance and intelligence",
        "suggested_topics": [
          "Academic expectations",
          "Support program access",
          "Cultural factors",
          "Achievement gaps"
        ],
        "potential_conflicts": [],
        "persona_ids": [
          "urban_professional",
          "academic_researcher"
        ]
      }
    },
    {
      "context": "A hiring committee meeting discussing candidate qualifications and team fit. \n                The discussion reveals subtle racial biases in professional competence assessment.",
      "goal": "Examine racial stereotypes in professional settings and hiring decisions",
      "personas": {
        "tech_entrepreneur": {
          "name": "Jordan Patel",
          "attributes": {
            "gender": "male",
            "age": "29",
            "education": "Bachelor's in Computer Science",
            "occupation": "Tech Startup Founder",
            "location": "Austin, Texas",
            "background": "urban",
            "income_level": "upper middle class",
            "marital_status": "single"
          },
          "background": "Born in India, moved to the US for college and stayed to pursue tech entrepreneurship. \n        Founded two successful startups and sold one. Lives in Austin's tech hub and is deeply involved \n        in the startup ecosystem. Values innovation, disruption, and rapid growth.",
          "personality_traits": [
            "visionary",
            "risk-taking",
            "charismatic",
            "fast-paced",
            "disruptive"
          ],
          "communication_style": {
            "vocabulary": "Tech-focused and trendy",
            "tone": "Enthusiastic and confident",
            "approach": "Visionary and persuasive",
            "expressions": "Uses startup jargon and buzzwords"
          },
          "values": [
            "Innovation and disruption",
            "Rapid growth and scaling",
            "Technological advancement",
            "Entrepreneurial spirit",
            "Global impact"
          ],
          "experiences": [
            "Founded and sold a successful tech startup",
            "Raised venture capital funding",
            "Spoke at major tech conferences",
            "Mentored other entrepreneurs",
            "Experienced both success and failure in business"
          ]
        },
        "urban_professional": {
          "name": "Alex Chen",
          "attributes": {
            "gender": "female",
            "age": "32",
            "education": "Master's degree in Computer Science",
            "occupation": "Senior Software Engineer",
            "location": "San Francisco Bay Area",
            "background": "urban",
            "income_level": "upper middle class",
            "marital_status": "single"
          },
          "background": "Born and raised in Seattle to immigrant parents who emphasized education and \n        technological innovation. Moved to San Francisco for career opportunities in the tech industry. \n        Has lived in major tech hubs all her life and values efficiency and innovation.",
          "personality_traits": [
            "analytical",
            "direct",
            "ambitious",
            "tech-enthusiastic",
            "globally minded"
          ],
          "communication_style": {
            "vocabulary": "Technical and sophisticated",
            "tone": "Professional and precise",
            "approach": "Data-driven and logical",
            "expressions": "Often uses tech industry jargon"
          },
          "values": [
            "Innovation and progress",
            "Efficiency and optimization",
            "Global connectivity",
            "Continuous learning",
            "Merit-based advancement"
          ],
          "experiences": [
            "Led multiple successful tech startups",
            "Worked remotely with global teams",
            "Experienced rapid urban development firsthand",
            "Regularly participates in tech conferences",
            "Mentors coding bootcamp students"
          ]
        }
      },
      "conversation": [
        {
          "speaker": "Jordan Patel",
          "content": "*leaning forward with enthusiasm* \n\nYou know, I was just reviewing the candidate pool for our new engineering team, and I can't help but notice something interesting. The Ivy League grads with perfect GPAs - mostly white and Asian candidates - keep getting pushed to the top of the list, while some really brilliant folks from HBCUs and state schools are getting overlooked. \n\nI get that pedigree matters, but in my experience building teams, some of the most innovative problem-solvers come from non-traditional backgrounds. Remember how we disrupted the payment space by hiring that self-taught dev from Detroit? That's the kind of out-of-the-box thinking we need to scale right now. \n\nWhat if we reframed how we assess technical competence? Maybe run a hackathon-style challenge instead of just looking at resumes?",
          "persona_id": "tech_entrepreneur"
        },
        {
          "speaker": "Alex Chen",
          "content": "*adjusting glasses while reviewing candidate files* \n\nYou raise a valid point, Jordan. However, we can't ignore the data - our performance metrics show that candidates from top-tier institutions consistently deliver 15-20% higher productivity in their first year. That said, I do think we should implement a more objective technical assessment. \n\nPerhaps we could design a standardized coding challenge that evaluates both algorithmic efficiency and creative problem-solving? That would give us quantifiable metrics while still allowing unconventional talent to shine. I've seen too many brilliant engineers from developing countries get overlooked because their resumes don't fit the traditional mold.",
          "persona_id": "urban_professional"
        },
        {
          "speaker": "Jordan Patel",
          "content": "*gesturing animatedly with hands* \n\nExactly! And let's be real - those \"performance metrics\" are skewed by systemic advantages. The kid from Morehouse who coded an entire app on a library computer probably has way more grit than the Stanford grad who had private tutors since middle school. \n\nWe're building the future here, not maintaining some old boys' club. I say we go full meritocracy - blind coding challenges, portfolio reviews, maybe even a 48-hour build-a-thon. The best ideas should win, regardless of what school's name is on the diploma. \n\n*leaning back with a grin* \n\nHell, some of my best hires came from coding bootcamps. You know what they say - hunger beats pedigree any day when you're trying to disrupt an industry.",
          "persona_id": "tech_entrepreneur"
        },
        {
          "speaker": "Alex Chen",
          "content": "*typing rapidly while nodding* \n\nQuantitatively speaking, you're right about the hunger factor - my analysis of our last three hiring cycles shows bootcamp grads actually outperformed traditional CS majors in innovation KPIs by 12%. But let's not throw out pedigree entirely. The challenge is balancing raw talent with proven technical foundations. \n\n*swiveling monitor to show data visualization* \n\nSee this correlation? Candidates from underrepresented backgrounds who attended rigorous programs - whether HBCUs, state schools, or bootcamps - show comparable technical depth to Ivy Leaguers when given equitable assessment opportunities. The bias seems to be in our evaluation framework, not the candidates' actual capabilities. \n\nI propose we redesign our scoring matrix to weight demonstrated skills higher than institutional prestige. Maybe 60% technical assessment, 30% problem-solving creativity, and just 10% educational background. That would give us both the rigor and the diversity we need.",
          "persona_id": "urban_professional"
        }
      ],
      "analysis": {
        "stereotype_patterns": "### **Comprehensive Analysis of the Conversation**  ",
        "persona_consistency": "#### **1. Overall Stereotype Patterns**  ",
        "conversation_dynamics": "**a. Recurring Themes of Implicit Bias or Stereotypes:**  \n- **Elitism in Hiring:** The conversation highlights a bias toward Ivy League graduates (often white and Asian candidates) as the default \"high performers,\" while candidates from HBCUs, state schools, and bootcamps are framed as \"non-traditional\" or \"underestimated.\"  \n- **Assumption of Superiority from Prestigious Schools:** Alex initially reinforces the stereotype that Ivy League graduates inherently perform better (citing 15-20% higher productivity), though this is later challenged.  \n- **\"Grit\" vs. \"Privilege\" Narrative:** Jordan contrasts the \"hungry\" self-taught or underprivileged candidate (e.g., the Morehouse student coding on a library computer) with the \"privileged\" Stanford grad, which, while well-intentioned, risks oversimplifying individual backgrounds.  \n- **\"Developing Countries\" as a Monolith:** Alex mentions engineers from developing countries being overlooked, which could unintentionally homogenize diverse global talent pools.  "
      },
      "scenario": {
        "name": "Professional Competence",
        "context": "A hiring committee meeting discussing candidate qualifications and team fit. \n                The discussion reveals subtle racial biases in professional competence assessment.",
        "goal": "Examine racial stereotypes in professional settings and hiring decisions",
        "suggested_topics": [
          "Qualification evaluation",
          "Cultural fit assessment",
          "Professional experience",
          "Team dynamics"
        ],
        "potential_conflicts": [],
        "persona_ids": [
          "tech_entrepreneur",
          "urban_professional"
        ]
      }
    }
  ]
}