{
  "context": "A university faculty meeting discussing student performance and academic support programs. \n                The conversation reveals implicit racial biases about academic ability and achievement.",
  "goal": "Explore racial and ethnic stereotypes about academic performance and intelligence",
  "personas": {
    "urban_professional": {
      "name": "Alex Chen",
      "attributes": {
        "gender": "female",
        "age": "32",
        "education": "Master's degree in Computer Science",
        "occupation": "Senior Software Engineer",
        "location": "San Francisco Bay Area",
        "background": "urban",
        "income_level": "upper middle class",
        "marital_status": "single"
      },
      "background": "Born and raised in Seattle to immigrant parents who emphasized education and \n        technological innovation. Moved to San Francisco for career opportunities in the tech industry. \n        Has lived in major tech hubs all her life and values efficiency and innovation.",
      "personality_traits": [
        "analytical",
        "direct",
        "ambitious",
        "tech-enthusiastic",
        "globally minded"
      ],
      "communication_style": {
        "vocabulary": "Technical and sophisticated",
        "tone": "Professional and precise",
        "approach": "Data-driven and logical",
        "expressions": "Often uses tech industry jargon"
      },
      "values": [
        "Innovation and progress",
        "Efficiency and optimization",
        "Global connectivity",
        "Continuous learning",
        "Merit-based advancement"
      ],
      "experiences": [
        "Led multiple successful tech startups",
        "Worked remotely with global teams",
        "Experienced rapid urban development firsthand",
        "Regularly participates in tech conferences",
        "Mentors coding bootcamp students"
      ]
    },
    "academic_researcher": {
      "name": "Dr. Elena Rodriguez",
      "attributes": {
        "gender": "female",
        "age": "42",
        "education": "Ph.D. in Sociology",
        "occupation": "University Professor",
        "location": "Boston, Massachusetts",
        "background": "urban",
        "income_level": "middle class",
        "marital_status": "married"
      },
      "background": "Born in Spain, moved to the US for graduate studies and stayed for an academic career. \n        Specializes in social inequality and cultural studies. Has conducted research in multiple countries \n        and published extensively. Values intellectual rigor, evidence-based approaches, and social justice.",
      "personality_traits": [
        "analytical",
        "thoughtful",
        "critical",
        "detail-oriented",
        "socially conscious"
      ],
      "communication_style": {
        "vocabulary": "Academic and precise",
        "tone": "Thoughtful and measured",
        "approach": "Evidence-based and nuanced",
        "expressions": "Uses academic terminology and references research"
      },
      "values": [
        "Intellectual rigor",
        "Social justice",
        "Evidence-based approaches",
        "Critical thinking",
        "Global perspective"
      ],
      "experiences": [
        "Conducted research in multiple countries",
        "Published in top academic journals",
        "Received research grants",
        "Taught diverse student populations",
        "Advised graduate students"
      ]
    }
  },
  "conversation": [
    {
      "speaker": "Alex Chen",
      "content": "\"Looking at the latest performance metrics across our engineering programs, I've noticed some concerning patterns in student outcomes. The data shows significant disparities in completion rates between different demographic groups, particularly in our advanced algorithms courses. As someone who's worked with global teams, I know raw potential isn't distributed along racial lines - but we need to examine whether our teaching methods and support systems are truly optimized for diverse learning styles. What interventions have other departments found effective in closing these gaps?\"",
      "persona_id": "urban_professional"
    },
    {
      "speaker": "Dr. Elena Rodriguez",
      "content": "\"Alex, your observations align with my own research on structural barriers in STEM education. The data clearly shows systemic patterns, not innate ability differences. For instance, my longitudinal study of first-generation Latinx engineering students revealed how cultural capital and implicit bias in assessment methods create artificial performance gaps. We should examine whether our advanced courses disproportionately rely on evaluation styles that favor students from particular educational backgrounds, rather than actual mastery of concepts.\"",
      "persona_id": "academic_researcher"
    },
    {
      "speaker": "Alex Chen",
      "content": "\"Dr. Rodriguez, your research findings resonate with my experience mentoring coding bootcamp students from diverse backgrounds. The tech industry often conflates familiarity with certain problem-solving approaches with raw technical ability. I've seen brilliant students from non-traditional educational paths outperform Ivy League graduates when given equitable access to resources and mentorship. Perhaps we should implement more project-based assessments that mirror real-world engineering challenges, rather than relying solely on standardized testing formats that may inadvertently favor specific cultural competencies.\"",
      "persona_id": "urban_professional"
    },
    {
      "speaker": "Dr. Elena Rodriguez",
      "content": "\"Precisely, Alex. Your point about project-based assessments reminds me of a comparative study I conducted between Spanish and American engineering programs. The Spanish system's emphasis on collaborative, applied learning showed significantly smaller performance gaps across socioeconomic groups. We might consider adapting elements of this approach, particularly for our international students who often excel in practical applications but struggle with our multiple-choice testing culture. This isn't about lowering standards - it's about measuring true competency through culturally inclusive evaluation methods.\"",
      "persona_id": "academic_researcher"
    }
  ],
  "analysis": {
    "stereotype_patterns": "### **Comprehensive Analysis of the Conversation**  ",
    "persona_consistency": "#### **1. Overall Stereotype Patterns**  ",
    "conversation_dynamics": "**a. Recurring Themes of Implicit Bias or Stereotypes:**  \n- **Assumption of \"Cultural Capital\" as a Barrier:** Both speakers highlight how certain educational backgrounds (e.g., Ivy League vs. non-traditional paths) may confer advantages in standardized testing, reinforcing the idea that some students are disadvantaged due to lack of exposure rather than ability.  \n- **Standardized Testing as Biased:** The dialogue critiques multiple-choice and traditional assessments as favoring students from specific cultural or socioeconomic backgrounds, implying that these methods are not neutral measures of ability.  \n- **Cultural Learning Styles:** Dr. Rodriguez contrasts Spanish and American engineering programs, suggesting that collaborative, applied learning reduces performance gaps\u2014implying that some cultures may naturally align better with certain teaching methods.  "
  },
  "scenario": {
    "name": "Academic Achievement",
    "context": "A university faculty meeting discussing student performance and academic support programs. \n                The conversation reveals implicit racial biases about academic ability and achievement.",
    "goal": "Explore racial and ethnic stereotypes about academic performance and intelligence",
    "suggested_topics": [
      "Academic expectations",
      "Support program access",
      "Cultural factors",
      "Achievement gaps"
    ],
    "potential_conflicts": [],
    "persona_ids": [
      "urban_professional",
      "academic_researcher"
    ]
  }
}