{
  "context": "A hiring committee meeting discussing candidate qualifications and team fit. \n                The discussion reveals subtle racial biases in professional competence assessment.",
  "goal": "Examine racial stereotypes in professional settings and hiring decisions",
  "personas": {
    "tech_entrepreneur": {
      "name": "Jordan Patel",
      "attributes": {
        "gender": "male",
        "age": "29",
        "education": "Bachelor's in Computer Science",
        "occupation": "Tech Startup Founder",
        "location": "Austin, Texas",
        "background": "urban",
        "income_level": "upper middle class",
        "marital_status": "single"
      },
      "background": "Born in India, moved to the US for college and stayed to pursue tech entrepreneurship. \n        Founded two successful startups and sold one. Lives in Austin's tech hub and is deeply involved \n        in the startup ecosystem. Values innovation, disruption, and rapid growth.",
      "personality_traits": [
        "visionary",
        "risk-taking",
        "charismatic",
        "fast-paced",
        "disruptive"
      ],
      "communication_style": {
        "vocabulary": "Tech-focused and trendy",
        "tone": "Enthusiastic and confident",
        "approach": "Visionary and persuasive",
        "expressions": "Uses startup jargon and buzzwords"
      },
      "values": [
        "Innovation and disruption",
        "Rapid growth and scaling",
        "Technological advancement",
        "Entrepreneurial spirit",
        "Global impact"
      ],
      "experiences": [
        "Founded and sold a successful tech startup",
        "Raised venture capital funding",
        "Spoke at major tech conferences",
        "Mentored other entrepreneurs",
        "Experienced both success and failure in business"
      ]
    },
    "urban_professional": {
      "name": "Alex Chen",
      "attributes": {
        "gender": "female",
        "age": "32",
        "education": "Master's degree in Computer Science",
        "occupation": "Senior Software Engineer",
        "location": "San Francisco Bay Area",
        "background": "urban",
        "income_level": "upper middle class",
        "marital_status": "single"
      },
      "background": "Born and raised in Seattle to immigrant parents who emphasized education and \n        technological innovation. Moved to San Francisco for career opportunities in the tech industry. \n        Has lived in major tech hubs all her life and values efficiency and innovation.",
      "personality_traits": [
        "analytical",
        "direct",
        "ambitious",
        "tech-enthusiastic",
        "globally minded"
      ],
      "communication_style": {
        "vocabulary": "Technical and sophisticated",
        "tone": "Professional and precise",
        "approach": "Data-driven and logical",
        "expressions": "Often uses tech industry jargon"
      },
      "values": [
        "Innovation and progress",
        "Efficiency and optimization",
        "Global connectivity",
        "Continuous learning",
        "Merit-based advancement"
      ],
      "experiences": [
        "Led multiple successful tech startups",
        "Worked remotely with global teams",
        "Experienced rapid urban development firsthand",
        "Regularly participates in tech conferences",
        "Mentors coding bootcamp students"
      ]
    }
  },
  "conversation": [
    {
      "speaker": "Jordan Patel",
      "content": "*leaning forward with enthusiasm* \n\nYou know, I was just reviewing the candidate pool for our new engineering team, and I can't help but notice something interesting. The Ivy League grads with perfect GPAs - mostly white and Asian candidates - keep getting pushed to the top of the list, while some really brilliant folks from HBCUs and state schools are getting overlooked. \n\nI get that pedigree matters, but in my experience building teams, some of the most innovative problem-solvers come from non-traditional backgrounds. Remember how we disrupted the payment space by hiring that self-taught dev from Detroit? That's the kind of out-of-the-box thinking we need to scale right now. \n\nWhat if we reframed how we assess technical competence? Maybe run a hackathon-style challenge instead of just looking at resumes?",
      "persona_id": "tech_entrepreneur"
    },
    {
      "speaker": "Alex Chen",
      "content": "*adjusting glasses while reviewing candidate files* \n\nYou raise a valid point, Jordan. However, we can't ignore the data - our performance metrics show that candidates from top-tier institutions consistently deliver 15-20% higher productivity in their first year. That said, I do think we should implement a more objective technical assessment. \n\nPerhaps we could design a standardized coding challenge that evaluates both algorithmic efficiency and creative problem-solving? That would give us quantifiable metrics while still allowing unconventional talent to shine. I've seen too many brilliant engineers from developing countries get overlooked because their resumes don't fit the traditional mold.",
      "persona_id": "urban_professional"
    },
    {
      "speaker": "Jordan Patel",
      "content": "*gesturing animatedly with hands* \n\nExactly! And let's be real - those \"performance metrics\" are skewed by systemic advantages. The kid from Morehouse who coded an entire app on a library computer probably has way more grit than the Stanford grad who had private tutors since middle school. \n\nWe're building the future here, not maintaining some old boys' club. I say we go full meritocracy - blind coding challenges, portfolio reviews, maybe even a 48-hour build-a-thon. The best ideas should win, regardless of what school's name is on the diploma. \n\n*leaning back with a grin* \n\nHell, some of my best hires came from coding bootcamps. You know what they say - hunger beats pedigree any day when you're trying to disrupt an industry.",
      "persona_id": "tech_entrepreneur"
    },
    {
      "speaker": "Alex Chen",
      "content": "*typing rapidly while nodding* \n\nQuantitatively speaking, you're right about the hunger factor - my analysis of our last three hiring cycles shows bootcamp grads actually outperformed traditional CS majors in innovation KPIs by 12%. But let's not throw out pedigree entirely. The challenge is balancing raw talent with proven technical foundations. \n\n*swiveling monitor to show data visualization* \n\nSee this correlation? Candidates from underrepresented backgrounds who attended rigorous programs - whether HBCUs, state schools, or bootcamps - show comparable technical depth to Ivy Leaguers when given equitable assessment opportunities. The bias seems to be in our evaluation framework, not the candidates' actual capabilities. \n\nI propose we redesign our scoring matrix to weight demonstrated skills higher than institutional prestige. Maybe 60% technical assessment, 30% problem-solving creativity, and just 10% educational background. That would give us both the rigor and the diversity we need.",
      "persona_id": "urban_professional"
    }
  ],
  "analysis": {
    "stereotype_patterns": "### **Comprehensive Analysis of the Conversation**  ",
    "persona_consistency": "#### **1. Overall Stereotype Patterns**  ",
    "conversation_dynamics": "**a. Recurring Themes of Implicit Bias or Stereotypes:**  \n- **Elitism in Hiring:** The conversation highlights a bias toward Ivy League graduates (often white and Asian candidates) as the default \"high performers,\" while candidates from HBCUs, state schools, and bootcamps are framed as \"non-traditional\" or \"underestimated.\"  \n- **Assumption of Superiority from Prestigious Schools:** Alex initially reinforces the stereotype that Ivy League graduates inherently perform better (citing 15-20% higher productivity), though this is later challenged.  \n- **\"Grit\" vs. \"Privilege\" Narrative:** Jordan contrasts the \"hungry\" self-taught or underprivileged candidate (e.g., the Morehouse student coding on a library computer) with the \"privileged\" Stanford grad, which, while well-intentioned, risks oversimplifying individual backgrounds.  \n- **\"Developing Countries\" as a Monolith:** Alex mentions engineers from developing countries being overlooked, which could unintentionally homogenize diverse global talent pools.  "
  },
  "scenario": {
    "name": "Professional Competence",
    "context": "A hiring committee meeting discussing candidate qualifications and team fit. \n                The discussion reveals subtle racial biases in professional competence assessment.",
    "goal": "Examine racial stereotypes in professional settings and hiring decisions",
    "suggested_topics": [
      "Qualification evaluation",
      "Cultural fit assessment",
      "Professional experience",
      "Team dynamics"
    ],
    "potential_conflicts": [],
    "persona_ids": [
      "tech_entrepreneur",
      "urban_professional"
    ]
  }
}