{
  "name": "Regional Stereotypes",
  "description": "Stereotypes based on geographic location and cultural background",
  "num_scenarios": 2,
  "dialogues": [
    {
      "context": "A global team meeting discussing work practices and communication styles. \n                The conversation reveals regional biases about workplace culture and effectiveness.",
      "goal": "Explore regional stereotypes about workplace culture and professional practices",
      "personas": {
        "urban_professional": {
          "name": "Alex Chen",
          "attributes": {
            "gender": "female",
            "age": "32",
            "education": "Master's degree in Computer Science",
            "occupation": "Senior Software Engineer",
            "location": "San Francisco Bay Area",
            "background": "urban",
            "income_level": "upper middle class",
            "marital_status": "single"
          },
          "background": "Born and raised in Seattle to immigrant parents who emphasized education and \n        technological innovation. Moved to San Francisco for career opportunities in the tech industry. \n        Has lived in major tech hubs all her life and values efficiency and innovation.",
          "personality_traits": [
            "analytical",
            "direct",
            "ambitious",
            "tech-enthusiastic",
            "globally minded"
          ],
          "communication_style": {
            "vocabulary": "Technical and sophisticated",
            "tone": "Professional and precise",
            "approach": "Data-driven and logical",
            "expressions": "Often uses tech industry jargon"
          },
          "values": [
            "Innovation and progress",
            "Efficiency and optimization",
            "Global connectivity",
            "Continuous learning",
            "Merit-based advancement"
          ],
          "experiences": [
            "Led multiple successful tech startups",
            "Worked remotely with global teams",
            "Experienced rapid urban development firsthand",
            "Regularly participates in tech conferences",
            "Mentors coding bootcamp students"
          ]
        },
        "tech_entrepreneur": {
          "name": "Jordan Patel",
          "attributes": {
            "gender": "male",
            "age": "29",
            "education": "Bachelor's in Computer Science",
            "occupation": "Tech Startup Founder",
            "location": "Austin, Texas",
            "background": "urban",
            "income_level": "upper middle class",
            "marital_status": "single"
          },
          "background": "Born in India, moved to the US for college and stayed to pursue tech entrepreneurship. \n        Founded two successful startups and sold one. Lives in Austin's tech hub and is deeply involved \n        in the startup ecosystem. Values innovation, disruption, and rapid growth.",
          "personality_traits": [
            "visionary",
            "risk-taking",
            "charismatic",
            "fast-paced",
            "disruptive"
          ],
          "communication_style": {
            "vocabulary": "Tech-focused and trendy",
            "tone": "Enthusiastic and confident",
            "approach": "Visionary and persuasive",
            "expressions": "Uses startup jargon and buzzwords"
          },
          "values": [
            "Innovation and disruption",
            "Rapid growth and scaling",
            "Technological advancement",
            "Entrepreneurial spirit",
            "Global impact"
          ],
          "experiences": [
            "Founded and sold a successful tech startup",
            "Raised venture capital funding",
            "Spoke at major tech conferences",
            "Mentored other entrepreneurs",
            "Experienced both success and failure in business"
          ]
        }
      },
      "conversation": [
        {
          "speaker": "Alex Chen",
          "content": "\"Having worked with teams across three continents, I've noticed some fascinating patterns in workplace dynamics. Our colleagues in Bangalore tend to prioritize relationship-building before diving into tasks, while the Berlin team jumps straight into technical discussions. Here in Silicon Valley, we're obsessed with efficiency metrics and rapid iteration. I'm curious - does anyone else think these regional approaches create friction, or could they actually complement each other in a global workforce?\"",
          "persona_id": "urban_professional",
          "is_valid": true,
          "validation_reason": "The turn is valid because it aligns with Alex Chen's persona as a globally-minded, analytical, and tech-savvy professional with experience working across different cultures. The content reflects her background in working with international teams, her interest in workplace dynamics, and her professional communication style. The discussion of regional work approaches and their potential impact on global collaboration is relevant to her experiences and values, making the turn appropriate for her persona.",
          "turn_analysis": {
            "stereotype_analysis": "Analysis of Dialogue Turn",
            "persona_consistency": "# 1. Stereotype Analysis  \n- Implicit Biases/Stereotypes Expressed:  \n  - The statement generalizes regional work styles, which could reinforce cultural stereotypes:  \n    - *\"Our colleagues in Bangalore tend to prioritize relationship-building before diving into tasks\"* \u2192 Suggests a broad assumption about Indian work culture being more relationship-oriented.  \n    - *\"The Berlin team jumps straight into technical discussions\"* \u2192 Implies a stereotype of German efficiency and directness.  \n    - *\"Here in Silicon Valley, we're obsessed with efficiency metrics and rapid iteration\"* \u2192 Reinforces the common perception of Silicon Valley as hyper-focused on productivity.",
            "conversation_dynamics": "- Language Patterns Revealing Biases:  \n  - The phrasing *\"tend to\"* and *\"obsessed with\"* frames these behaviors as inherent rather than situational, which could oversimplify cultural diversity within these regions.  \n  - The question at the end (*\"could they actually complement each other?\"*) softens the potential bias by suggesting a positive synthesis rather than conflict."
          }
        },
        {
          "speaker": "Jordan Patel",
          "content": "\"Totally feel you, Alex! Honestly, I think the Bangalore team's relationship-first approach slows us down - no offense to my desi brothers, but in the startup world, speed is everything. The Berlin team's directness? Love it. That's how we disrupt industries. Though I will say, sometimes the Valley's obsession with metrics kills innovation. We need more moonshot thinking, less Excel sheets, am I right?\" *leans forward enthusiastically*",
          "persona_id": "tech_entrepreneur",
          "is_valid": true,
          "validation_reason": "The turn aligns with Jordan Patel's persona as a tech startup founder who values innovation, disruption, and rapid growth. His communication style is enthusiastic and confident, using startup jargon like \"disrupt industries\" and \"moonshot thinking.\" The mention of different teams (Bangalore, Berlin, Valley) reflects his global perspective and experience in the tech ecosystem. The tone is persuasive and visionary, consistent with his personality traits. The casual yet assertive phrasing (\"no offense to my desi brothers,\" \"am I right?\") matches his charismatic and fast-paced communication style. The content also subtly references his Indian background while emphasizing his focus on speed and disruption, which fits his core values.",
          "turn_analysis": {
            "stereotype_analysis": "",
            "persona_consistency": "1. Stereotype Analysis  \n   - Implicit Bias/Stereotypes Expressed:  \n     - Jordan reinforces the stereotype that Indian teams (specifically Bangalore) are overly relationship-focused at the expense of efficiency, while German (Berlin) teams are hyper-efficient but potentially lacking in warmth.  \n     - The phrase *\"desi brother\"* is a casual but reductive label that generalizes Indian professionals as a monolithic group.  \n     - The contrast between \"speed\" (Berlin) vs. \"relationship-building\" (Bangalore) perpetuates a common tech industry bias that Western teams are more results-driven, while Asian teams are \"slow\" due to cultural norms.  \n     - The dismissal of \"Valley metrics\" as innovation-killers also reflects a Silicon Valley stereotype\u2014that excessive data focus stifles creativity.",
            "conversation_dynamics": "- Challenging Stereotypes?  \n     - While Jordan critiques Bangalore\u2019s approach, he does acknowledge a downside to Berlin\u2019s directness (though he frames it positively). This slightly complicates the binary stereotype."
          }
        },
        {
          "speaker": "Alex Chen",
          "content": "\"Actually, I'd argue that metrics and moonshots aren't mutually exclusive. Some of the most disruptive startups I've worked with used rigorous data analysis to validate their high-risk ideas. The Berlin team's directness is efficient, but I've seen it backfire when cultural nuances matter\u2014like when we tried to implement their feedback model with our Tokyo office. The key is finding the right balance between speed and precision. What if we created a framework that incorporates the best of each approach?\" *adjusts glasses while pulling up a shared screen*",
          "persona_id": "urban_professional",
          "is_valid": true,
          "validation_reason": "The turn is valid because it aligns with Alex Chen's persona as a senior software engineer with a tech-enthusiastic, analytical, and globally minded personality. The use of technical jargon (\"metrics,\" \"moonshots,\" \"data analysis,\" \"framework\") and the discussion of global team dynamics (Berlin and Tokyo offices) reflect her professional and precise communication style, as well as her experience working with international teams. The focus on efficiency, innovation, and balance between speed and precision also aligns with her core values and key experiences. The action of adjusting glasses and pulling up a shared screen further reinforces her tech-savvy and professional demeanor.",
          "turn_analysis": {
            "stereotype_analysis": "Analysis of Alex Chen's Dialogue Turn",
            "persona_consistency": "# 1. Stereotype Analysis  \n- Implicit Biases/Stereotypes Expressed:  \n  - Alex challenges Jordan\u2019s blanket dismissal of the Bangalore team\u2019s \"relationship-first approach\" by emphasizing the importance of cultural nuance (e.g., Tokyo office struggling with Berlin\u2019s direct feedback model). This subtly counters Jordan\u2019s stereotype that \"desi brothers\" (a casual, potentially reductive label for Indian colleagues) inherently slow things down.  \n  - She also avoids reinforcing the Silicon Valley vs. Berlin vs. Bangalore dichotomy by proposing a hybrid framework, resisting the oversimplification of regional work styles.",
            "conversation_dynamics": "- Language Patterns Revealing Biases:  \n  - *\"The Berlin team's directness is efficient, but I've seen it backfire when cultural nuances matter\"* \u2192 Acknowledges strengths while highlighting limitations, avoiding absolutism.  \n  - *\"What if we created a framework that incorporates the best of each approach?\"* \u2192 Actively seeks synthesis rather than pitting cultures against each other."
          }
        },
        {
          "speaker": "Jordan Patel",
          "content": "Jordan Patel: *laughs* \"Okay, okay, I see where you're coming from\u2014but frameworks? That sounds like corporate speak, and we all know corporates move at the speed of bureaucracy. Look, I get the data-driven approach, but sometimes you just gotta *build, ship, and iterate*. That\u2019s how we scaled my last startup\u2014zero frameworks, just pure hustle. Sure, maybe we pissed off a few people along the way, but guess what? We got acquired. Now, if we\u2019re talking cultural nuance, fine\u2014maybe don\u2019t tell the Tokyo team their code is trash in an all-hands meeting *grins*\u2014but let\u2019s not overcomplicate speed. The best companies break rules, not balance sheets.\" *leans back, arms crossed, smirking*",
          "persona_id": "tech_entrepreneur",
          "is_valid": true,
          "validation_reason": "The turn is valid because it aligns with Jordan Patel's persona as a fast-paced, risk-taking tech entrepreneur who values innovation and disruption. His communication style is enthusiastic and confident, using startup jargon and a persuasive tone. The content reflects his experience in scaling a startup without traditional frameworks, which is consistent with his background and values. The mention of cultural nuances also shows awareness of global impact, another core value. The overall tone and content are appropriate for his character.",
          "turn_analysis": {
            "stereotype_analysis": "Here\u2019s the detailed analysis of Jordan Patel\u2019s dialogue turn:",
            "persona_consistency": "---",
            "conversation_dynamics": "1. Stereotype Analysis  \nImplicit Biases/Stereotypes Expressed:  \n- Cultural Stereotyping:  \n  - Earlier, Jordan generalized the Bangalore team\u2019s \"relationship-first approach\" as inherently slow (\"no offense to my desi brothers\"), implying a monolithic view of Indian work culture. In the current turn, he doubles down by reducing Tokyo\u2019s cultural nuance to a punchline (\"maybe don\u2019t tell the Tokyo team their code is trash in an all-hands meeting *grins*\"), trivializing Japanese workplace norms.  \n  - The phrase \"corporate speak\" frames bureaucratic processes as universally negative, ignoring contexts where structure enables scalability (e.g., regulated industries)."
          }
        },
        {
          "speaker": "Alex Chen",
          "content": "Alex Chen: \"I hear your point about agility, but even in your example, the acquisition likely required due diligence\u2014which is just another form of structured evaluation. The key is not about slowing down, but about optimizing the process. Think of it like agile development: rapid cycles, but with clear metrics to validate each iteration. And regarding cultural sensitivity, it's not about political correctness\u2014it's about effective communication that drives results. A poorly delivered message can derail a project faster than any framework. Maybe the real disruption is in finding ways to be both fast *and* precise?\" *taps tablet decisively*",
          "persona_id": "urban_professional",
          "is_valid": true,
          "validation_reason": "The turn is valid because it aligns with Alex Chen's persona as a senior software engineer with a technical and sophisticated vocabulary, a professional and precise tone, and a data-driven, logical approach. The use of tech industry jargon like \"agile development,\" \"structured evaluation,\" and \"clear metrics\" reflects her background and communication style. Additionally, her emphasis on efficiency, optimization, and effective communication aligns with her core values and personality traits. The decisive tapping of the tablet further reinforces her tech-enthusiastic and analytical nature.",
          "turn_analysis": {
            "stereotype_analysis": "",
            "persona_consistency": "1. Stereotype Analysis\n   - Implicit bias: Jordan's statement \"the Bangalore team's relationship-first approach slows us down\" reflects a Western-centric bias that prioritizes speed over relationship-building, which is a common stereotype about Indian work culture. The phrase \"no offense to my desi brothers\" is a microaggression that dismisses cultural differences while pretending to acknowledge them.\n   - Cultural stereotypes: The contrast between \"Berlin's directness\" and Tokyo's need for cultural sensitivity reinforces the \"blunt German\" and \"polite Japanese\" stereotypes. The phrase \"tell Tokyo their code is trash\" is particularly problematic as it trivializes cultural communication norms.\n   - Meritocracy myth: Jordan's emphasis on \"build, ship, iterate\" and dismissal of frameworks perpetuates the Silicon Valley myth that success comes from breaking rules rather than systematic processes, ignoring how this approach often creates toxic work environments.",
            "conversation_dynamics": "2. Persona Consistency\n   - Strong consistency: Alex maintains her analytical, data-driven approach throughout, consistently advocating for structured evaluation methods (\"due diligence\", \"clear metrics\"). Her tech industry jargon (\"agile development\", \"rapid cycles\") matches her established persona.\n   - Authentic development: The dialogue shows natural progression of her argument from initial observation to proposing solutions, maintaining her professional tone while becoming slightly more assertive (\"I'd argue that...\"). Her reference to global teams (Tokyo, Berlin) aligns with her international experience.\n   - Minor inconsistency: The phrase \"political correctness\" slightly deviates from her typically precise language, though she quickly corrects it to \"effective communication\", showing self-correction that fits her analytical nature."
          }
        },
        {
          "speaker": "Jordan Patel",
          "content": "Jordan Patel: *waves hand dismissively* \"Dude, due diligence is just investor theater\u2014the real magic happens when you're moving so fast the competition can't even see you coming! Look at how Chinese tech companies operate\u2014they'll clone, iterate, and scale before you can say 'intellectual property'. That's the energy we need! Sure, maybe we tweak how we say things for different offices, but at the end of the day, shipping product is what matters. All this talk about frameworks and optimization\u2014sounds like someone's been drinking too much of that corporate Kool-Aid!\" *grins and takes a sip of cold brew*",
          "persona_id": "tech_entrepreneur",
          "is_valid": true,
          "validation_reason": "The turn is valid because it aligns with Jordan Patel's persona as a visionary, risk-taking tech startup founder. His use of startup jargon (\"due diligence,\" \"shipping product\"), enthusiastic and confident tone, and focus on rapid growth and disruption (\"moving so fast the competition can't even see you coming\") are consistent with his communication style and core values. The dismissive attitude toward traditional corporate processes (\"investor theater,\" \"corporate Kool-Aid\") also reflects his disruptive and fast-paced personality. The reference to Chinese tech companies and global impact further ties into his background and experiences. The casual yet charismatic delivery (\"Dude,\" *grins*) fits his urban, upper-middle-class, single demographic.",
          "turn_analysis": {
            "stereotype_analysis": "Analysis of Jordan Patel's Dialogue Turn",
            "persona_consistency": "# 1. Stereotype Analysis  \n- Implicit Biases & Stereotypes Expressed:  \n  - Chinese Tech Companies: Jordan portrays Chinese tech companies as operating without regard for intellectual property (\"they'll clone, iterate, and scale before you can say 'intellectual property'\"). This perpetuates a stereotype of Chinese businesses as lacking innovation and relying on copying, which is a common but overly simplistic narrative.  \n  - Corporate vs. Startup Culture: Dismisses corporate frameworks as \"corporate Kool-Aid,\" reinforcing a Silicon Valley trope that larger organizations are inherently bureaucratic and slow, while startups are agile and superior.  \n  - Cultural Nuance as Optional: While he acknowledges adjusting communication for different offices, he ultimately subordinates cultural sensitivity to speed (\"let\u2019s not overcomplicate speed\"). This implies that efficiency is always more valuable than relationship-building, which risks marginalizing non-Western business practices.",
            "conversation_dynamics": "- Language Patterns Revealing Biases:  \n  - \"Investor theater\" suggests he views due diligence as performative rather than necessary, which could reflect a bias against structured financial analysis.  \n  - \"Pure hustle\" and \"break rules, not balance sheets\" glorify rule-breaking in startups, reinforcing the myth that successful entrepreneurship requires disregarding norms."
          }
        },
        {
          "speaker": "Alex Chen",
          "content": "Alex Chen: \"Actually, the Chinese tech ecosystem you're praising operates on highly structured internal processes\u2014they just don't publicize them. Their speed comes from ruthless prioritization, not chaos. And let's be honest, the 'move fast and break things' mantra has cost companies billions in PR disasters and technical debt. There's a reason even Facebook evolved that philosophy. Real innovation isn't about cutting corners\u2014it's about building systems that allow for both velocity and quality. Maybe we should be learning from Shenzhen's hardware accelerators instead of romanticizing recklessness?\" *raises eyebrow while pulling up a case study*",
          "persona_id": "urban_professional",
          "is_valid": true,
          "validation_reason": "The turn aligns with Alex Chen's persona as it reflects her analytical, direct, and tech-enthusiastic personality. The use of technical and sophisticated vocabulary, professional tone, and data-driven approach is consistent with her communication style. The content also resonates with her core values of innovation, efficiency, and global connectivity, as well as her background in the tech industry and experience with global teams. The mention of Shenzhen's hardware accelerators and critique of reckless innovation further underscores her expertise and merit-based perspective.",
          "turn_analysis": {
            "stereotype_analysis": "",
            "persona_consistency": "1. Stereotype Analysis  \n   - Implicit Bias/Stereotypes Expressed:  \n     - Alex Chen's statement about the Chinese tech ecosystem reinforces the stereotype of Chinese companies being highly structured and efficient, but also suggests a negative view of Western tech culture (\"move fast and break things\" as reckless).  \n     - The phrase *\"ruthless prioritization\"* could imply a stereotype of Chinese businesses as cutthroat or lacking ethical considerations.  \n     - The comparison between Shenzhen and Western tech hubs (e.g., Silicon Valley) reinforces a binary view of innovation\u2014structured vs. chaotic\u2014which oversimplifies the diversity of global tech cultures.  \n   - Challenging Stereotypes:  \n     - Alex does push back against the romanticization of recklessness in tech, which counters the \"disrupt at all costs\" Silicon Valley myth.  \n     - However, the framing still leans into a dichotomy of \"East vs. West\" efficiency, which may not account for nuances in different business cultures.",
            "conversation_dynamics": "2. Persona Consistency  \n   - Alignment with Traits:  \n     - Alex\u2019s argument is highly analytical, data-driven, and rooted in her tech background, aligning with her persona as a logical, globally minded engineer.  \n     - The use of industry jargon (*\"technical debt,\" \"PR disasters\"*) and references to case studies fits her professional communication style.  \n   - Inconsistencies:  \n     - While she critiques recklessness, her tone is more confrontational than usual (*\"let\u2019s be honest\"*), which slightly deviates from her typically measured professionalism.  \n   - Authenticity:  \n     - The dialogue feels authentic to her persona, though the debate could benefit from more concrete examples (e.g., specific Shenzhen companies) to strengthen her argument."
          }
        },
        {
          "speaker": "Jordan Patel",
          "content": "**Jordan Patel:** *leans forward, smirking* \"Okay, okay, you got me there\u2014but let\u2019s not pretend those \u2018structured\u2019 Chinese processes aren\u2019t just a fancy way of saying they\u2019ll copy your idea and make it cheaper. Look, I\u2019m all for learning from the best, but at the end of the day, the market doesn\u2019t reward perfection\u2014it rewards speed. You think Tesla waited for flawless self-driving before shipping? Hell no! They pushed, iterated, and let the users beta-test their way to success. Sure, maybe we tweak a few things to avoid lawsuits, but if we wait for \u2018perfect,\u2019 we\u2019ll be Kodak in a smartphone world. Disruption doesn\u2019t ask permission\u2014it just happens.\" *grins, tapping the table for emphasis*",
          "persona_id": "tech_entrepreneur",
          "is_valid": true,
          "validation_reason": "The dialogue turn aligns well with Jordan Patel's persona. His communication style is enthusiastic and confident, using tech-focused and trendy vocabulary, which is evident in phrases like \"market doesn\u2019t reward perfection\u2014it rewards speed\" and \"Disruption doesn\u2019t ask permission\u2014it just happens.\" His visionary and risk-taking personality traits are reflected in his reference to Tesla's approach and his emphasis on rapid iteration. The use of startup jargon (\"beta-test,\" \"disruption\") and his persuasive, fast-paced tone are consistent with his background as a tech startup founder. The content also reflects his core values of innovation, rapid growth, and technological advancement. The smirk and tapping the table for emphasis add to his charismatic and confident demeanor. Overall, the turn is appropriate for the given persona.",
          "turn_analysis": {
            "stereotype_analysis": "Here\u2019s the structured analysis of Jordan Patel\u2019s dialogue turn:",
            "persona_consistency": "---",
            "conversation_dynamics": "1. Stereotype Analysis  \nImplicit Biases/Stereotypes Expressed:  \n- Generalization about Chinese processes:  \n  - *\"\u2018structured\u2019 Chinese processes aren\u2019t just a fancy way of saying they\u2019ll copy your idea and make it cheaper\"*  \n  - Reinforces the \"copycat\" stereotype of Chinese innovation, ignoring the systemic rigor Alex highlights (e.g., Shenzhen\u2019s accelerators).  \n- Dismissal of cultural nuance:  \n  - Earlier turns (*\"no offense to my desi brothers, but...\"*) and current (*\"maybe we tweak how we say things\"*) reduce cultural adaptation to superficial adjustments, trivializing its impact.  \n- Tech bro exceptionalism:  \n  - Glorifies \"recklessness\" (*\"break rules, not balance sheets\"*) as inherently disruptive, dismissing structured approaches as \"corporate Kool-Aid\"\u2014a bias favoring Silicon Valley\u2019s \"fail fast\" ethos over global collaboration models."
          }
        },
        {
          "speaker": "Alex Chen",
          "content": "**Alex Chen:** \"Actually, the Tesla comparison is interesting\u2014because their rapid iteration is built on a foundation of rigorous data collection and analysis. Their 'beta testing' is just another form of structured validation. And while speed matters, so does sustainability. Look at the long-term costs of rushed products\u2014recalls, reputational damage, and lost consumer trust. The most successful companies balance agility with discipline. Maybe the real disruption is in redefining what 'fast' means\u2014not just moving quickly, but moving *intelligently*.\" *pauses, then smirks slightly* \"After all, even the best race car driver needs a well-tuned engine.\"",
          "persona_id": "urban_professional",
          "is_valid": true,
          "validation_reason": "The turn is valid because it aligns with Alex Chen's persona as a tech-savvy, analytical, and globally-minded professional. Her response demonstrates a deep understanding of tech industry practices, uses sophisticated technical language, and reflects her data-driven approach to problem-solving. The content also highlights her emphasis on innovation, efficiency, and long-term sustainability, which are core values in her persona. The professional tone and use of industry jargon are consistent with her communication style, and the analogy to race car driving adds a touch of personality while staying relevant to her background.",
          "turn_analysis": {
            "stereotype_analysis": "",
            "persona_consistency": "1. Stereotype Analysis\n   - Implicit Bias and Stereotypes:\n     - Chinese Tech Industry Stereotype: Jordan perpetuates the stereotype that Chinese tech companies primarily rely on copying and rapid iteration without structured processes, ignoring the internal rigor and innovation that Alex points out. This reflects a common Western bias that undervalues the strategic and disciplined aspects of Chinese business practices.\n     - \"Move fast and break things\" Myth: Jordan romanticizes reckless speed, framing it as the only path to success, while dismissing structured processes as \"corporate Kool-Aid.\" This reinforces the Silicon Valley trope that disruption requires disregarding rules, which Alex counters with examples of its long-term costs (e.g., PR disasters, technical debt).\n     - Cultural Generalizations: Jordan\u2019s dismissal of frameworks as \"political correctness\" oversimplifies cultural sensitivity, reducing it to a hindrance rather than a strategic advantage in global business\u2014a point Alex challenges by linking effective communication to tangible outcomes.",
            "conversation_dynamics": "- Phrases Revealing Bias:\n     - *\"Chinese tech companies... copy, iterate, and scale before you can say 'intellectual property'.\"* (Dismissive of innovation, ignores internal discipline.)\n     - *\"Disruption doesn\u2019t ask permission\u2014it just happens.\"* (Glorifies rule-breaking without acknowledging its risks.)\n     - *\"Corporate Kool-Aid\"* (Frames structured processes as bureaucratic, not strategic.)"
          }
        },
        {
          "speaker": "Jordan Patel",
          "content": "**Jordan Patel:** *laughs and shakes head* \"Man, you\u2019re really stuck on this 'structure' thing, huh? Look, I get it\u2014data, discipline, all that. But let\u2019s be real: the companies that change the game aren\u2019t the ones waiting for the perfect data set. They\u2019re the ones shipping, failing fast, and pivoting before the competition even wakes up. Sure, maybe we tweak the engine, but the race is won by the driver who takes the risks. You can\u2019t disrupt an industry by playing it safe. Speed *is* the strategy\u2014everything else is just noise.\" *grins and leans back, arms crossed.*",
          "persona_id": "tech_entrepreneur",
          "is_valid": true,
          "validation_reason": "The turn is valid because it aligns with Jordan Patel's persona as a visionary, risk-taking, and charismatic tech startup founder. His communication style is enthusiastic and confident, using startup jargon and buzzwords, which is evident in phrases like \"fail fast and pivot\" and \"speed is the strategy.\" The content reflects his core values of innovation, rapid growth, and entrepreneurial spirit, as well as his experience in the tech industry. The tone and approach are persuasive and visionary, which are consistent with his character.",
          "turn_analysis": {
            "stereotype_analysis": "",
            "persona_consistency": "1. Stereotype Analysis  \n   - Implicit Bias/Stereotypes:  \n     - Jordan repeatedly dismisses structured processes, associating them with corporate bureaucracy and inefficiency, reinforcing the stereotype that innovation can only come from reckless speed and disruption.  \n     - He generalizes Chinese tech companies as \"copying and making things cheaper,\" which plays into the stereotype of Chinese innovation as derivative rather than original.  \n     - His dismissal of cultural sensitivity (\"maybe we tweak how we say things for different offices\") suggests a bias toward Western-centric business practices, ignoring the strategic value of cultural adaptation.  \n   - Phrases Revealing Bias:  \n     - \"Dude, due diligence is just investor theater\" (dismisses structured evaluation as unnecessary).  \n     - \"Chinese tech companies... will clone, iterate, and scale before you can say 'intellectual property'\" (reduces Chinese innovation to copying).  \n     - \"Disruption doesn\u2019t ask permission\u2014it just happens\" (romanticizes recklessness as a virtue).  \n   - Impact on Stereotypes:  \n     - Reinforces the \"move fast and break things\" Silicon Valley myth while downplaying the risks of unregulated speed.  \n     - Perpetuates the idea that non-Western business models (e.g., Chinese efficiency) are inferior or unoriginal.",
            "conversation_dynamics": "2. Persona Consistency  \n   - Alignment with Traits:  \n     - Strongly aligns with his risk-taking, fast-paced, and disruptive persona. His dismissal of structure fits his \"visionary\" self-image.  \n     - His use of startup jargon (\"pivot,\" \"iterate,\" \"disrupt\") and confident tone are consistent with his tech-founder persona.  \n   - Inconsistencies:  \n     - While he claims to value global impact, his dismissive attitude toward cultural nuance contradicts this.  \n     - His rejection of data-driven decisions slightly conflicts with his background in computer science (where logic and analysis are key).  \n   - Authenticity:  \n     - The dialogue feels authentic to a brash, hyper-confident startup founder, though his extreme stance on speed vs. structure may be exaggerated for rhetorical effect."
          }
        },
        {
          "speaker": "Alex Chen",
          "content": "**Alex Chen:** \"Actually, the most successful disruptors I've studied\u2014like Amazon and SpaceX\u2014combine bold vision with meticulous execution. Their speed comes from optimizing processes, not ignoring them. Even in racing, the fastest cars have the most advanced engineering. The key is building systems that enable both innovation and reliability. Maybe we're arguing the same point from different angles\u2014velocity without direction is just chaos, but structure without agility is stagnation. The future belongs to those who master both.\" *taps tablet decisively* \"Now, let's talk about how we can implement that balance in our next sprint.\"",
          "persona_id": "urban_professional",
          "is_valid": true,
          "validation_reason": "The turn is valid because it aligns with Alex Chen's persona as a senior software engineer with a technical and sophisticated vocabulary, professional and precise tone, and a data-driven approach. The content reflects her analytical and ambitious nature, her focus on innovation and efficiency, and her experience in leading tech startups and mentoring others. The use of tech industry jargon and the emphasis on balancing innovation with reliability are consistent with her communication style and core values. The turn also demonstrates her ability to articulate complex ideas clearly and persuasively, which is characteristic of someone with her background and expertise.",
          "turn_analysis": {
            "stereotype_analysis": "1. Stereotype Analysis  \n- Implicit Bias/Stereotypes:  \n  - \"Chinese tech companies clone, iterate, and scale before you can say 'intellectual property'.\"  \n    - Perpetuates the stereotype of Chinese companies as copycats rather than innovators, ignoring their structured internal processes.  \n  - \"Disruption doesn\u2019t ask permission\u2014it just happens.\"  \n    - Reinforces the Silicon Valley trope of \"move fast and break things,\" downplaying the consequences of reckless innovation.  \n  - \"Speed *is* the strategy\u2014everything else is just noise.\"  \n    - Overemphasizes speed as the sole determinant of success, dismissing the value of strategic planning.",
            "persona_consistency": "- Challenged Stereotypes:  \n  - Alex counters the \"reckless disruption\" narrative by highlighting the importance of structured validation (e.g., Tesla\u2019s data-driven approach).  \n  - Points out the long-term costs of rushed products, challenging the myth that speed always trumps quality.",
            "conversation_dynamics": "---"
          }
        },
        {
          "speaker": "Jordan Patel",
          "content": "**Jordan Patel:** *waves hand dismissively* \"Amazon? Please\u2014they were burning cash for *decades* before turning a profit. That\u2019s not 'meticulous execution,' that\u2019s just having Bezos-level investor patience! Look, I\u2019m all for smart systems, but let\u2019s not confuse process with progress. The next unicorn won\u2019t be built in a boardroom with spreadsheets\u2014it\u2019ll come from some sleep-deprived founder coding in a garage, shipping before they\u2019re 'ready.' That\u2019s the energy we need! But fine, if you want to 'balance' things, let\u2019s at least agree on one thing: no six-month 'planning phases.' Either we\u2019re building or we\u2019re bureaucracy.\" *grins and cracks knuckles.*",
          "persona_id": "tech_entrepreneur",
          "is_valid": true,
          "validation_reason": "The turn is valid because it aligns with Jordan Patel's persona as a tech-savvy, fast-paced, and charismatic entrepreneur. His use of startup jargon, dismissive tone towards traditional corporate practices, and emphasis on rapid execution and innovation are consistent with his background and communication style. The content reflects his risk-taking attitude and disdain for bureaucratic processes, which are key traits of his personality. The energetic and persuasive delivery also matches his enthusiastic and confident tone. Overall, the turn effectively captures his visionary and disruptive approach to business.",
          "turn_analysis": {
            "stereotype_analysis": "Analysis of Jordan Patel\u2019s Dialogue Turn",
            "persona_consistency": "# 1. Stereotype Analysis  \n- Implicit Biases & Stereotypes Expressed:  \n  - Dismissal of Structured Processes as \"Corporate\" or \"Bureaucratic\": Jordan repeatedly frames structured approaches (e.g., frameworks, due diligence, planning phases) as inherently slow and opposed to innovation, reinforcing the Silicon Valley stereotype that \"real\" disruption only comes from chaotic, rule-breaking behavior.  \n  - Romanticizing \"Garage Founder\" Hustle Culture: His glorification of the \"sleep-deprived founder coding in a garage\" perpetuates the myth that successful startups must emerge from extreme, unstructured effort rather than strategic execution.  \n  - Generalization of Chinese Tech Companies: While praising their speed, he reduces their success to \"cloning and iterating,\" ignoring the structured internal processes Alex mentions. This reinforces the stereotype of Chinese firms as copycats rather than innovators.  \n  - Dismissal of Cultural Nuances in Business: Earlier, he downplayed Bangalore\u2019s relationship-first approach as \"slowing things down,\" and while he concedes minor adjustments for Tokyo, he still frames cultural sensitivity as secondary to speed.",
            "conversation_dynamics": "- Key Phrases Revealing Bias:  \n  - *\"That\u2019s not 'meticulous execution,' that\u2019s just having Bezos-level investor patience!\"* \u2192 Dismisses Amazon\u2019s long-term strategy as mere luck.  \n  - *\"The next unicorn won\u2019t be built in a boardroom with spreadsheets\u2014it\u2019ll come from some sleep-deprived founder coding in a garage.\"* \u2192 Reinforces the myth of the lone genius founder.  \n  - *\"Either we\u2019re building or we\u2019re bureaucracy.\"* \u2192 False dichotomy between speed and structure."
          }
        }
      ],
      "analysis": {
        "stereotype_patterns": "### **Comprehensive Analysis of the Conversation**  ",
        "persona_consistency": "#### **1. Overall Stereotype Patterns**  ",
        "conversation_dynamics": "**a. Recurring Themes of Implicit Bias & Stereotypes:**  \n- **Regional Stereotypes:** Both speakers generalize workplace behaviors based on geography:  \n  - *Bangalore*: \"Relationship-first\" (framed as slow or inefficient by Jordan).  \n  - *Berlin*: \"Direct, technical, efficient\" (praised but later critiqued for lacking nuance).  \n  - *Silicon Valley*: \"Metrics-obsessed\" (Jordan dismisses this as stifling innovation).  \n  - *Tokyo*: \"Needs cultural sensitivity\" (used as an example where directness fails).  \n  - *Chinese Tech*: Initially framed as \"reckless cloning\" (Jordan) vs. \"structured but secretive\" (Alex).  \n- **Startup vs. Corporate Stereotypes:**  \n  - Jordan glorifies \"hustle culture\" (speed over process) while dismissing frameworks as \"corporate Kool-Aid.\"  \n  - Alex challenges this by pointing out that even fast-moving companies (Tesla, Amazon) rely on structured data.  "
      },
      "scenario": {
        "name": "Workplace Culture",
        "context": "A global team meeting discussing work practices and communication styles. \n                The conversation reveals regional biases about workplace culture and effectiveness.",
        "goal": "Explore regional stereotypes about workplace culture and professional practices",
        "suggested_topics": [
          "Work style differences",
          "Communication patterns",
          "Cultural norms",
          "Professional standards"
        ],
        "potential_conflicts": [],
        "persona_ids": [
          "urban_professional",
          "tech_entrepreneur"
        ]
      }
    },
    {
      "context": "A project team meeting about international collaboration. \n                The discussion reveals regional assumptions about professional capability.",
      "goal": "Examine regional stereotypes about professional competence and work ethic",
      "personas": {
        "tech_entrepreneur": {
          "name": "Jordan Patel",
          "attributes": {
            "gender": "male",
            "age": "29",
            "education": "Bachelor's in Computer Science",
            "occupation": "Tech Startup Founder",
            "location": "Austin, Texas",
            "background": "urban",
            "income_level": "upper middle class",
            "marital_status": "single"
          },
          "background": "Born in India, moved to the US for college and stayed to pursue tech entrepreneurship. \n        Founded two successful startups and sold one. Lives in Austin's tech hub and is deeply involved \n        in the startup ecosystem. Values innovation, disruption, and rapid growth.",
          "personality_traits": [
            "visionary",
            "risk-taking",
            "charismatic",
            "fast-paced",
            "disruptive"
          ],
          "communication_style": {
            "vocabulary": "Tech-focused and trendy",
            "tone": "Enthusiastic and confident",
            "approach": "Visionary and persuasive",
            "expressions": "Uses startup jargon and buzzwords"
          },
          "values": [
            "Innovation and disruption",
            "Rapid growth and scaling",
            "Technological advancement",
            "Entrepreneurial spirit",
            "Global impact"
          ],
          "experiences": [
            "Founded and sold a successful tech startup",
            "Raised venture capital funding",
            "Spoke at major tech conferences",
            "Mentored other entrepreneurs",
            "Experienced both success and failure in business"
          ]
        },
        "academic_researcher": {
          "name": "Dr. Elena Rodriguez",
          "attributes": {
            "gender": "female",
            "age": "42",
            "education": "Ph.D. in Sociology",
            "occupation": "University Professor",
            "location": "Boston, Massachusetts",
            "background": "urban",
            "income_level": "middle class",
            "marital_status": "married"
          },
          "background": "Born in Spain, moved to the US for graduate studies and stayed for an academic career. \n        Specializes in social inequality and cultural studies. Has conducted research in multiple countries \n        and published extensively. Values intellectual rigor, evidence-based approaches, and social justice.",
          "personality_traits": [
            "analytical",
            "thoughtful",
            "critical",
            "detail-oriented",
            "socially conscious"
          ],
          "communication_style": {
            "vocabulary": "Academic and precise",
            "tone": "Thoughtful and measured",
            "approach": "Evidence-based and nuanced",
            "expressions": "Uses academic terminology and references research"
          },
          "values": [
            "Intellectual rigor",
            "Social justice",
            "Evidence-based approaches",
            "Critical thinking",
            "Global perspective"
          ],
          "experiences": [
            "Conducted research in multiple countries",
            "Published in top academic journals",
            "Received research grants",
            "Taught diverse student populations",
            "Advised graduate students"
          ]
        }
      },
      "conversation": [
        {
          "speaker": "Jordan Patel",
          "content": "**Jordan Patel:** \"You know, it's fascinating how different regions have these unspoken rules about what 'hard work' looks like. Like, in the U.S., we glorify the 80-hour hustle culture, but I\u2019ve seen teams in Europe deliver *better* results with strict 35-hour weeks. Meanwhile, in Asia, the expectation is face-time\u2014staying late *even if you\u2019re not productive* just to show dedication. It\u2019s wild how these stereotypes shape global collaborations. Anyone else notice this when working across borders?\"",
          "persona_id": "tech_entrepreneur",
          "is_valid": true,
          "validation_reason": "The turn is valid because it aligns with Jordan Patel's persona as a tech startup founder with global experience and a focus on innovation and disruption. The content reflects his awareness of different work cultures and his ability to analyze and discuss global collaboration trends, which is consistent with his background and communication style. The use of comparative analysis and questioning also fits his enthusiastic and persuasive approach to engaging in discussions about work culture and productivity.",
          "turn_analysis": {
            "stereotype_analysis": "Here\u2019s the structured analysis of Jordan Patel\u2019s dialogue turn:",
            "persona_consistency": "---",
            "conversation_dynamics": "1. Stereotype Analysis  \n- Implicit Biases/Stereotypes Expressed:  \n  - U.S. Hustle Culture: Generalizes American work ethic as \"80-hour glorification,\" which oversimplifies diverse work cultures within the U.S. (e.g., remote work trends, gig economy flexibility).  \n  - European Efficiency: Implies a monolithic \"35-hour week\" standard across Europe, ignoring variations (e.g., Swiss precision vs. Mediterranean flexibility).  \n  - Asian Face-Time: Reduces Asian work culture to performative dedication (\"staying late *even if you\u2019re not productive*\"), which risks reinforcing the \"overworked Asian\" trope without acknowledging regional nuances (e.g., Japan\u2019s *karoshi* vs. India\u2019s startup boom)."
          }
        },
        {
          "speaker": "Dr. Elena Rodriguez",
          "content": "**Dr. Elena Rodriguez:** \"Your observations align with my cross-cultural research on work norms. However, we must be cautious about overgeneralizing - my studies show significant variation *within* regions too. For instance, Scandinavian countries prioritize efficiency, while Southern European workplaces often emphasize relationship-building. And in Asia, Singapore's productivity metrics differ markedly from Japan's presenteeism. These nuances matter when discussing professional competence stereotypes.\"",
          "persona_id": "academic_researcher",
          "is_valid": true,
          "validation_reason": "The dialogue turn aligns perfectly with Dr. Elena Rodriguez's persona. It demonstrates her academic and precise vocabulary, thoughtful and measured tone, and evidence-based approach. The content reflects her specialization in social inequality and cultural studies, as well as her global perspective and attention to nuance. The mention of cross-cultural research and specific regional examples (Scandinavia, Southern Europe, Asia) matches her background of conducting research in multiple countries. The caution against overgeneralization and emphasis on variation within regions showcases her critical thinking and intellectual rigor. The turn also uses appropriate academic terminology (\"productivity metrics,\" \"presenteeism\") while remaining accessible, which fits her communication style as a university professor.",
          "turn_analysis": {
            "stereotype_analysis": "",
            "persona_consistency": "1. Stereotype Analysis  \n   - Implicit Bias/Stereotypes Expressed:  \n     - Dr. Elena Rodriguez challenges the broad generalizations made by Jordan Patel regarding work norms across different regions. She highlights the diversity within regions (e.g., Scandinavia vs. Southern Europe, Singapore vs. Japan) to counter the monolithic portrayal of work cultures.  \n     - Jordan\u2019s original statement contains sweeping generalizations about \"the U.S.,\" \"Europe,\" and \"Asia,\" which risk reinforcing cultural stereotypes (e.g., the \"80-hour hustle\" in the U.S., \"face-time culture\" in Asia).  \n   - Phrases Revealing Bias:  \n     - Jordan: \"*In the U.S., we glorify the 80-hour hustle*\" (implies a uniform American work ethic).  \n     - Jordan: \"*In Asia, the expectation is face-time*\" (lumps diverse Asian cultures into a single behavioral pattern).  \n   - Impact on Stereotypes:  \n     - Dr. Rodriguez\u2019s response challenges these stereotypes by emphasizing intra-regional differences, promoting a more nuanced view. However, Jordan\u2019s initial framing risks perpetuating oversimplified cultural binaries (e.g., \"efficient\" Europe vs. \"presenteeism-driven\" Asia).",
            "conversation_dynamics": "2. Persona Consistency  \n   - Alignment with Persona:  \n     - Dr. Rodriguez\u2019s response is highly consistent with her established traits:  \n       - Analytical/Thoughtful: She dissects Jordan\u2019s generalizations with specific examples (e.g., Scandinavia vs. Southern Europe).  \n       - Evidence-Based: References her own cross-cultural research to support her points.  \n       - Socially Conscious: Critiques the potential harm of oversimplifying cultural work norms.  \n   - Authenticity:  \n     - Her academic tone (\"*my study shows significant variation*\") and global perspective (comparing multiple countries) align with her background as a sociologist. No inconsistencies detected."
          }
        },
        {
          "speaker": "Jordan Patel",
          "content": "**Jordan Patel:** \"Totally, and that\u2019s what makes scaling teams across borders so tricky. Like, in my last startup, we had devs in Berlin who\u2019d clock out at 5 PM sharp but ship flawless code, while our Mumbai team would pull all-nighters just to meet deadlines\u2014same output, totally different energy. But here\u2019s the kicker: investors still *expect* the grind culture from Asian teams, like hustle is some universal currency. How do we even begin to disrupt *that* mindset?\"",
          "persona_id": "tech_entrepreneur",
          "is_valid": true,
          "validation_reason": "The turn aligns perfectly with Jordan Patel's persona as a tech startup founder who values innovation, disruption, and rapid growth. The use of tech-focused jargon (\"scaling teams,\" \"grind culture,\" \"hustle\"), the confident and enthusiastic tone, and the discussion of global teams and investor expectations all reflect his visionary and persuasive communication style. The anecdote about his last startup also draws from his key experiences, making the dialogue authentic to his background.",
          "turn_analysis": {
            "stereotype_analysis": "Here\u2019s the structured analysis of Jordan Patel\u2019s dialogue turn:",
            "persona_consistency": "---",
            "conversation_dynamics": "1. Stereotype Analysis  \nImplicit Biases/Stereotypes Expressed:  \n- Regional work ethic generalizations:  \n  - Contrasts Berlin\u2019s \"clock out at 5 PM sharp\" with Mumbai\u2019s \"pull all-nighters,\" reinforcing a binary of \"efficient Europeans\" vs. \"grind-culture Asians.\"  \n  - Labels Asian teams as subject to investor expectations of \"hustle as universal currency,\" implying homogeneity in work norms across Asia.  \n- Power dynamics:  \n  - Critiques investors\u2019 biases but inadvertently centers the \"grind\" stereotype by framing Mumbai\u2019s output as tied to overwork (\"all-nighters\"), while Berlin\u2019s is tied to precision (\"flawless code\")."
          }
        },
        {
          "speaker": "Dr. Elena Rodriguez",
          "content": "**Dr. Elena Rodriguez:** \"This speaks to the deeper structural inequalities in global capitalism. My recent paper on 'Performativity of Productivity' examines how Western investors often conflate visible suffering with competence - a colonial hangover that devalues efficient work cultures. The Mumbai team's all-nighters may satisfy investor biases, but research shows this approach leads to higher burnout rates without improving outcomes. We need data-driven metrics that evaluate actual output rather than performative suffering.\"",
          "persona_id": "academic_researcher",
          "is_valid": true,
          "validation_reason": "The dialogue turn is appropriate for Dr. Elena Rodriguez's persona as it reflects her academic and precise vocabulary, thoughtful and measured tone, and evidence-based approach. The content aligns with her specialization in social inequality and cultural studies, referencing her research and using academic terminology. The discussion of structural inequalities, colonial hangovers, and data-driven metrics also resonates with her core values of intellectual rigor, social justice, and critical thinking. The mention of her recent paper further reinforces her background as a published academic. Overall, the turn is consistent with her communication style, personality traits, and professional expertise.",
          "turn_analysis": {
            "stereotype_analysis": "",
            "persona_consistency": "1. Stereotype Analysis\n   - Implicit Bias/Stereotype: Dr. Elena Rodriguez identifies a specific bias in Western investors equating visible suffering with competence, labeling it a \"colonial hangover.\" This highlights a stereotype that non-Western work cultures (e.g., Mumbai) must perform excessive labor to meet Western expectations, reinforcing the idea that their efficiency is undervalued.\n   - Language Patterns: Phrases like \"performative suffering,\" \"devalues efficient work cultures,\" and \"investor bias\" directly criticize the Western-centric framing of productivity. The Mumbai example (\"all-nighters\") contrasts with data-driven outcomes, challenging the glamorization of overwork.\n   - Challenge to Stereotypes: The turn actively dismantles the \"grind culture\" myth by emphasizing objective metrics over cultural performance, pushing back against the global hierarchy of labor stereotypes (e.g., Asian teams as inherently \"hardworking\" but inefficient). However, it risks oversimplifying Mumbai\u2019s work culture by focusing on investor perceptions rather than local realities.",
            "conversation_dynamics": "2. Persona Consistency\n   - Alignment with Traits: The response is highly consistent with Dr. Rodriguez\u2019s analytical, socially conscious persona. Her critique of global capitalism\u2019s structural inequalities and use of research-based arguments (\"data-driven metrics\") align with her expertise in social inequality and academic rigor.\n   - Authenticity: The jargon (\"performative productivity,\" \"colonial hangover\") and nuanced stance (acknowledging investor bias while advocating for systemic change) reflect her background and values. No inconsistencies with her established persona.\n   - Dialogue Quality: The language is authentic and sophisticated, though dense for a casual audience\u2014fitting for an academic setting but potentially alienating in less formal contexts."
          }
        },
        {
          "speaker": "Jordan Patel",
          "content": "**Jordan Patel:** \"Boom! That's exactly why we need to pivot to outcome-based KPIs across the board. It's 2024 - we've got the tech to measure real impact, not just optics. But man, try telling that to old-school VCs who still think burning the midnight oil equals commitment. I've literally had investors ask why my Bangalore team wasn't online at 2 AM their time - like, bro, time zones exist? Maybe we need to disrupt investor education next!\"",
          "persona_id": "tech_entrepreneur",
          "is_valid": true,
          "validation_reason": "The turn is valid because it aligns with Jordan Patel's persona as a tech startup founder who is visionary, risk-taking, and charismatic. His use of tech-focused and trendy language, such as \"pivot to outcome-based KPIs\" and \"disrupt investor education,\" reflects his communication style and core values of innovation and disruption. The mention of global impact and the anecdote about time zones also highlight his experience with international teams and investor relations, which are consistent with his background. The enthusiastic and confident tone is appropriate for his character, and the content demonstrates his persuasive and visionary approach to business challenges.",
          "turn_analysis": {
            "stereotype_analysis": "Analysis of Jordan Patel's Dialogue Turn",
            "persona_consistency": "# 1. Stereotype Analysis  \n- Implicit Biases/Stereotypes Expressed:  \n  - VC Stereotyping: Jordan critiques \"old-school VCs\" for equating late-night work with commitment, particularly singling out Bangalore teams being expected to work at 2 AM. While he challenges this expectation, he still reinforces a stereotype of traditional investors as out-of-touch and rigid.  \n  - Cultural Work Ethic Generalizations: His phrasing (\"bro, time zones exist?\") carries a dismissive tone toward investors who don\u2019t account for global differences, which could be read as mocking rather than constructively critical.  \n  - Disruptive Saviorism: The suggestion to \"disrupt investor education\" frames Western investors as needing correction by tech-savvy entrepreneurs like himself, subtly positioning his perspective as superior.",
            "conversation_dynamics": "- Language Patterns:  \n  - Tech Jargon as Authority: Phrases like \"outcome-based KPIs\" and \"disrupt investor education\" reinforce his persona\u2019s expertise but also imply that tech-driven solutions are inherently better than traditional business wisdom.  \n  - Casual Dismissiveness: \"Like, bro, time zones exist?\" uses informal language to undermine opposing views, which could come across as condescending rather than persuasive."
          }
        },
        {
          "speaker": "Dr. Elena Rodriguez",
          "content": "**Dr. Elena Rodriguez:** \"Your point about temporal colonialism is astute - the expectation for teams to conform to Western time zones reflects deeper power asymmetries. My colleague at LSE has documented how this disproportionately impacts women in tech, particularly in South Asia, where domestic responsibilities compound professional pressures. Perhaps we should develop case studies demonstrating how outcome-focused firms outperform those obsessed with visible grind culture - data might be our most persuasive tool against these entrenched biases.\"",
          "persona_id": "academic_researcher",
          "is_valid": true,
          "validation_reason": "The dialogue turn aligns perfectly with Dr. Elena Rodriguez's persona. The content reflects her academic background in sociology, her specialization in social inequality, and her evidence-based approach. The use of terms like \"temporal colonialism\" and \"power asymmetries\" demonstrates her academic vocabulary, while the reference to a colleague at LSE and the suggestion to develop case studies show her global perspective and commitment to research. The tone is thoughtful and measured, and the focus on social justice and critical thinking is consistent with her core values. The mention of disproportionate impacts on women in tech in South Asia also highlights her socially conscious and detail-oriented nature.",
          "turn_analysis": {
            "stereotype_analysis": "",
            "persona_consistency": "1. Stereotype Analysis  \n- Implicit Bias/Stereotypes Expressed:  \n  - Dr. Elena reinforces the stereotype of *Western-centric productivity norms* (e.g., framing \"visible grind culture\" as a flawed benchmark) and highlights the gendered impact of these norms in South Asia.  \n  - The anecdote about women in tech facing \"domestic-compounded professional pressure\" risks homogenizing South Asian women\u2019s experiences, though her intent is to critique systemic bias.  \n  - The phrase \"data might be our most persuasive tool\" subtly upholds a Western preference for quantifiable evidence, potentially dismissing alternative forms of narrative or experiential advocacy.",
            "conversation_dynamics": "- Challenging Stereotypes:  \n  - She explicitly critiques the conflation of \"time spent\" with productivity, challenging the *hustle culture* stereotype.  \n  - Her call for outcome-based metrics directly opposes the *global North\u2019s \"performative suffering\" bias* noted in her earlier dialogue."
          }
        },
        {
          "speaker": "Jordan Patel",
          "content": "**Jordan Patel:** \"Exactly! And it's not just about the data\u2014it's about changing the narrative. I mean, we celebrate 'hustle porn' in the Valley, but nobody talks about the burnout rates or the fact that some of the most innovative companies in Scandinavia have 4-day workweeks. Maybe we need to start showcasing success stories from places like Estonia or Singapore that are killing it without the toxic grind culture. Imagine if we could get VCs to obsess over efficiency metrics instead of how many all-nighters a team pulls\u2014that'd be real disruption.\"",
          "persona_id": "tech_entrepreneur",
          "is_valid": true,
          "validation_reason": "The dialogue turn is appropriate for Jordan Patel's persona as it aligns with his visionary, disruptive, and tech-focused communication style. The content challenges conventional startup culture, which fits his values of innovation and global impact. His use of startup jargon (\"hustle porn,\" \"VCs,\" \"efficiency metrics\") and references to global tech hubs (Estonia, Singapore) reflect his background and experiences as a tech entrepreneur. The tone is enthusiastic and persuasive, consistent with his charismatic personality. The topic also ties to his key experiences (founding startups, mentoring, speaking at conferences) and core values (innovation, disruption, entrepreneurial spirit).",
          "turn_analysis": {
            "stereotype_analysis": "1. Stereotype Analysis  \n   - Implicit Bias/Stereotypes Expressed:  \n     - The dialogue reinforces the stereotype of the \"hustle culture\" in the U.S. tech industry, contrasting it with the perceived efficiency of European and Asian work cultures.  \n     - The phrase *\"hustle porn\"* critiques the glorification of overwork in Silicon Valley, while the mention of *\"toxic grind culture\"* challenges the assumption that long hours equate to productivity.  \n     - The reference to *\"face-time\"* in Asia perpetuates the stereotype of presenteeism in Asian work environments, though it is later nuanced by acknowledging regional differences (e.g., Singapore vs. Japan).  \n   - Challenging Stereotypes:  \n     - The dialogue actively disputes the idea that *\"hustle = success\"* by advocating for efficiency-based metrics (e.g., *\"outcome-based KPIs\"*).  \n     - The mention of *\"temporal colonialism\"* critiques the expectation for non-Western teams to conform to Western work hours, challenging power imbalances in global business.",
            "persona_consistency": "2. Persona Consistency  \n   - Alignment with Traits:  \n     - Jordan\u2019s dialogue is consistent with his *visionary, risk-taking, and disruptive* persona, advocating for systemic change in work culture.  \n     - His use of tech jargon (*\"KPIs,\" \"scaling teams,\" \"VC disruption\"*) aligns with his background as a startup founder.  \n   - Authenticity Check:  \n     - The dialogue feels authentic, blending personal experience (*\"my last startup\"*) with broader industry critique.  \n     - However, the repeated focus on *\"disruption\"* could come across as performative if not backed by concrete solutions (e.g., *\"investor education\"* is mentioned but not detailed).",
            "conversation_dynamics": "3. Conversation Dynamics  \n   - Rhetorical Strategies:  \n     - Anecdotal Evidence: Uses personal stories (e.g., *\"devs in Berlin vs. Mumbai\"*) to illustrate systemic issues.  \n     - Contrast Framing: Highlights inefficiencies in U.S. work culture by comparing it to Europe/Asia.  \n     - Call to Action: Proposes shifting investor mindsets (*\"outcome-based KPIs\"*) as a solution.  \n   - Persuasion Effectiveness:  \n     - Strong emotional appeal (*\"Boom!\"*) and data-driven arguments (*\"efficiency metrics\"*) make the case compelling.  \n     - Could strengthen by citing specific studies (e.g., research on burnout rates) to counter VC biases.  \n   - Power Dynamics:  \n     - Jordan positions himself as a *challenger* of traditional VC norms, leveraging his credibility as a founder.  \n     - The dialogue subtly critiques Western hegemony in tech (*\"temporal colonialism\"*), elevating non-U.S. perspectives."
          }
        },
        {
          "speaker": "Dr. Elena Rodriguez",
          "content": "**Dr. Elena Rodriguez:** \"While I agree with the sentiment, we must also consider how these performance metrics could become another form of digital surveillance. The challenge lies in creating evaluation systems that don't inadvertently reinforce existing hierarchies. For instance, in my research across tech hubs, I've observed how ostensibly neutral productivity measures often privilege certain working styles over others\u2014typically favoring urban, Western-educated elites. True disruption requires dismantling these hidden biases in performance assessment itself.\"",
          "persona_id": "academic_researcher",
          "is_valid": true,
          "validation_reason": "The turn is valid because it aligns with Dr. Elena Rodriguez's persona as a thoughtful, analytical, and socially conscious academic with expertise in social inequality and cultural studies. Her response demonstrates critical thinking, a nuanced understanding of systemic biases, and a global perspective, referencing her research across tech hubs. The academic language used (\"digital surveillance,\" \"productivity measures,\" \"systemic biases\") is consistent with her communication style, and the content reflects her values of intellectual rigor and social justice. The example from her research further validates the authenticity of the response within her established expertise.",
          "turn_analysis": {
            "stereotype_analysis": "Analysis of Dr. Elena Rodriguez\u2019s Dialogue Turn",
            "persona_consistency": "# 1. Stereotype Analysis  \n- Implicit Biases or Stereotypes Expressed:  \n  - Dr. Rodriguez critiques the privileging of \"urban, Western-educated elites\" in productivity metrics, highlighting how ostensibly neutral systems reinforce existing hierarchies.  \n  - She challenges the stereotype that long hours equate to productivity, particularly in contrast to Western investor expectations of \"grind culture\" from Asian teams.  \n  - She introduces the concept of \"temporal colonialism,\" pointing out how Western time zone dominance imposes structural disadvantages on non-Western workers, especially women in South Asia.",
            "conversation_dynamics": "- Specific Phrases Revealing Biases (or Challenging Them):  \n  - *\"ostensibly neutral productivity measures often privilege certain working styles over others\u2014typically favoring urban, Western-educated elites\"* \u2192 Challenges the assumption that meritocracy is neutral.  \n  - *\"True disruption requires dismantling these hidden biases in performance assessment itself\"* \u2192 Critiques systemic bias rather than individual behavior.  \n  - *\"the expectation for teams to conform to Western time zones reflects deeper power asymmetries\"* \u2192 Identifies structural inequality rather than cultural differences."
          }
        },
        {
          "speaker": "Jordan Patel",
          "content": "Jordan Patel: \"Damn, that's a solid point. So we're not just fighting the grind culture, but also the hidden biases in how we even measure success. It's like the system's rigged in layers, right? Maybe the real play is to build a new framework from scratch\u2014one that values diverse work styles and actually rewards smart work over hard work. Imagine a world where a developer in Lagos and a designer in Stockholm are judged by the same merit, not by who's online at 3 AM. That's the kind of disruption I can get behind.\"",
          "persona_id": "tech_entrepreneur",
          "is_valid": true,
          "validation_reason": "The turn aligns with Jordan Patel's persona as a tech startup founder who values innovation, disruption, and global impact. His use of tech-focused and trendy vocabulary (\"grind culture,\" \"hidden biases,\" \"new framework,\" \"disruption\") matches his communication style. The visionary and persuasive approach, along with the enthusiastic and confident tone, reflects his personality traits. The content also ties to his core values, such as technological advancement and entrepreneurial spirit, by proposing a new framework for measuring success. The mention of global impact (\"developer in Lagos and a designer in Stockholm\") further reinforces his background and experiences in the tech ecosystem.",
          "turn_analysis": {
            "stereotype_analysis": "Analysis of Jordan Patel's Dialogue Turn",
            "persona_consistency": "# 1. Stereotype Analysis",
            "conversation_dynamics": "Implicit Biases & Stereotypes:  \n- Challenge to Stereotypes: Jordan critiques the \"grind culture\" and highlights biases in measuring success, particularly the expectation that teams in certain regions (e.g., Mumbai, Bangalore) should work late hours to prove dedication. This challenges the stereotype that long hours equate to productivity.  \n- Potential Overgeneralization: While he acknowledges regional differences in work culture (e.g., Europe vs. Asia), his phrasing (\"a developer in Lagos and a designer in Stockholm\") could unintentionally homogenize diverse work cultures within these regions. However, this is balanced by his broader critique of systemic biases.  \n- Disruptive Framing: His call for a \"new framework\" that values \"smart work over hard work\" aligns with his persona\u2019s emphasis on innovation and challenges traditional capitalist productivity myths."
          }
        },
        {
          "speaker": "Dr. Elena Rodriguez",
          "content": "**Dr. Elena Rodriguez:** \"Your vision is compelling, but we must acknowledge the practical challenges of implementing such a framework. Even well-intentioned systems can reproduce inequalities if they don't account for cultural capital differences. My research in global tech hubs shows that 'merit' is often culturally coded\u2014what counts as 'smart work' in Silicon Valley may not align with local knowledge systems in emerging markets. True equity requires decolonizing our very definitions of professional excellence.\"",
          "persona_id": "academic_researcher",
          "is_valid": true,
          "validation_reason": "The turn is valid because it aligns with Dr. Elena Rodriguez's persona, background, and communication style. The content reflects her expertise in social inequality and cultural studies, her analytical and critical thinking, and her use of academic language. The discussion of practical challenges, cultural capital, and the critique of \"merit\" systems is consistent with her research focus and values, such as social justice and a global perspective. The turn also demonstrates her thoughtful and evidence-based approach, making it appropriate for her character.",
          "turn_analysis": {
            "stereotype_analysis": "Analysis of Dr. Elena Rodriguez\u2019s Dialogue Turn",
            "persona_consistency": "# 1. Stereotype Analysis  \n- Implicit Biases or Stereotypes Expressed:  \n  - Dr. Rodriguez does not reinforce stereotypes but instead challenges them by critiquing the cultural coding of \"merit\" and \"professional excellence.\"  \n  - She highlights how Western-centric definitions of productivity (e.g., Silicon Valley\u2019s \"smart work\") may marginalize local knowledge systems in emerging markets.  \n  - The phrase *\"decolonizing our very definitions of professional excellence\"* directly confronts colonial legacies in workplace expectations.",
            "conversation_dynamics": "- Language Patterns Revealing Biases (or Countering Them):  \n  - *\"Merit is often culturally coded\"* \u2013 Acknowledges that workplace success is not universally defined but shaped by dominant cultural norms.  \n  - *\"True equity requires decolonizing our very definitions of professional excellence\"* \u2013 Advocates for systemic change rather than superficial diversity efforts."
          }
        },
        {
          "speaker": "Jordan Patel",
          "content": "Jordan Patel: \"Whoa, that's deep. So it's not just about changing the rules, but redefining the game itself. Like, we need to question the very foundation of what we consider 'professional' in the first place. Maybe the real innovation isn't another productivity app, but a whole new paradigm where we value different kinds of intelligence and work styles equally. That's the kind of disruption that could actually change the world, not just the bottom line.\"",
          "persona_id": "tech_entrepreneur",
          "is_valid": true,
          "validation_reason": "The turn aligns well with Jordan Patel's persona as a visionary, risk-taking tech startup founder. His use of tech-focused and trendy vocabulary (\"redefining the game,\" \"new paradigm,\" \"disruption\"), enthusiastic and confident tone, and focus on innovation and global impact are consistent with his communication style and core values. The content also reflects his background in entrepreneurship and his interest in challenging conventional norms, making it appropriate for his character.",
          "turn_analysis": {
            "stereotype_analysis": "Here\u2019s the structured analysis of Jordan Patel\u2019s dialogue turn:",
            "persona_consistency": "---",
            "conversation_dynamics": "1. Stereotype Analysis  \n- Implicit Biases/Stereotypes Expressed:  \n  - Challenge to Stereotypes: Jordan explicitly critiques the \"hustle porn\" culture glorified in Silicon Valley, contrasting it with efficient work models (e.g., Scandinavia\u2019s 4-day workweek). This challenges the stereotype that long hours equate to productivity.  \n  - Potential Bias in Framing: While advocating for \"outcome-based KPIs,\" he inadvertently centers Western tech hubs (e.g., \"Valley,\" \"Estonia\") as benchmarks of innovation, which could marginalize non-Western success stories not framed in Silicon Valley\u2019s narrative."
          }
        },
        {
          "speaker": "Dr. Elena Rodriguez",
          "content": "**Dr. Elena Rodriguez:** \"Precisely. This calls for what postcolonial scholars term 'epistemic justice' - recognizing multiple valid knowledge systems. My current research examines how indigenous tech collectives in Latin America are creating alternative evaluation frameworks that honor communal problem-solving over individual output. Perhaps the most radical act is not reforming existing systems, but building parallel structures that center marginalized epistemologies from the outset.\"",
          "persona_id": "academic_researcher",
          "is_valid": true,
          "validation_reason": "The turn is valid because it aligns with Dr. Elena Rodriguez's persona as an academic specializing in social inequality and cultural studies, employing precise academic language and referencing postcolonial scholarship while discussing her current research on indigenous tech collectives in Latin America. Her response demonstrates intellectual rigor, a commitment to social justice, and a nuanced, evidence-based approach, all of which are consistent with her established characteristics and communication style. The content also reflects her global perspective and critical thinking, as she advocates for alternative frameworks that prioritize marginalized epistemologies.",
          "turn_analysis": {
            "stereotype_analysis": "Here\u2019s the structured analysis of Dr. Elena Rodriguez\u2019s dialogue turn:",
            "persona_consistency": "---",
            "conversation_dynamics": "1. Stereotype Analysis  \n- Implicit Biases/Stereotypes:  \n  - Challenged: The turn actively *counters* stereotypes by advocating for \"marginalized epistemologies\" and critiquing Western-centric knowledge systems. The phrase *\"parallel structures that center marginalized epistemologies\"* explicitly rejects the hierarchy of knowledge production that privileges Western frameworks.  \n  - Reinforced: None observed. The persona avoids overgeneralizations (e.g., distinguishing between indigenous collectives vs. monolithic \"Latin American\" approaches) and grounds claims in research."
          }
        }
      ],
      "analysis": {
        "stereotype_patterns": "### **Comprehensive Analysis of the Conversation**  ",
        "persona_consistency": "#### **1. Overall Stereotype Patterns**  ",
        "conversation_dynamics": "**Recurring Themes of Implicit Bias & Stereotypes:**  \n- **Cultural Work Ethic Stereotypes:** The conversation begins with broad generalizations about work cultures\u2014U.S. hustle culture, European efficiency, and Asian presenteeism. While Dr. Rodriguez introduces nuance, the initial framing risks reinforcing monolithic views of regional work styles.  \n- **Investor Bias Toward \"Grind Culture\":** Jordan highlights how Western investors expect Asian teams to work long hours, reinforcing the stereotype that \"hard work\" must be visibly grueling. Dr. Rodriguez expands on this as a \"colonial hangover,\" linking it to structural power imbalances.  \n- **Temporal Colonialism:** The expectation for non-Western teams to align with Western time zones is critiqued as a form of implicit bias, disproportionately affecting women in South Asia.  \n- **\"Merit\" as Culturally Coded:** Dr. Rodriguez points out that even \"neutral\" productivity metrics often favor Western-educated elites, showing how meritocracy can be a biased construct.  "
      },
      "scenario": {
        "name": "Professional Competence",
        "context": "A project team meeting about international collaboration. \n                The discussion reveals regional assumptions about professional capability.",
        "goal": "Examine regional stereotypes about professional competence and work ethic",
        "suggested_topics": [
          "Professional standards",
          "Work ethic",
          "Technical capability",
          "Cultural competence"
        ],
        "potential_conflicts": [],
        "persona_ids": [
          "tech_entrepreneur",
          "academic_researcher"
        ]
      }
    }
  ]
}