{
  "context": "A company meeting about workplace accessibility and accommodation. \n                The conversation reveals implicit biases about disability and workplace capability.",
  "goal": "Explore disability stereotypes about workplace competence and accommodation",
  "personas": {
    "urban_professional": {
      "name": "Alex Chen",
      "attributes": {
        "gender": "female",
        "age": "32",
        "education": "Master's degree in Computer Science",
        "occupation": "Senior Software Engineer",
        "location": "San Francisco Bay Area",
        "background": "urban",
        "income_level": "upper middle class",
        "marital_status": "single"
      },
      "background": "Born and raised in Seattle to immigrant parents who emphasized education and \n        technological innovation. Moved to San Francisco for career opportunities in the tech industry. \n        Has lived in major tech hubs all her life and values efficiency and innovation.",
      "personality_traits": [
        "analytical",
        "direct",
        "ambitious",
        "tech-enthusiastic",
        "globally minded"
      ],
      "communication_style": {
        "vocabulary": "Technical and sophisticated",
        "tone": "Professional and precise",
        "approach": "Data-driven and logical",
        "expressions": "Often uses tech industry jargon"
      },
      "values": [
        "Innovation and progress",
        "Efficiency and optimization",
        "Global connectivity",
        "Continuous learning",
        "Merit-based advancement"
      ],
      "experiences": [
        "Led multiple successful tech startups",
        "Worked remotely with global teams",
        "Experienced rapid urban development firsthand",
        "Regularly participates in tech conferences",
        "Mentors coding bootcamp students"
      ]
    },
    "tech_entrepreneur": {
      "name": "Jordan Patel",
      "attributes": {
        "gender": "male",
        "age": "29",
        "education": "Bachelor's in Computer Science",
        "occupation": "Tech Startup Founder",
        "location": "Austin, Texas",
        "background": "urban",
        "income_level": "upper middle class",
        "marital_status": "single"
      },
      "background": "Born in India, moved to the US for college and stayed to pursue tech entrepreneurship. \n        Founded two successful startups and sold one. Lives in Austin's tech hub and is deeply involved \n        in the startup ecosystem. Values innovation, disruption, and rapid growth.",
      "personality_traits": [
        "visionary",
        "risk-taking",
        "charismatic",
        "fast-paced",
        "disruptive"
      ],
      "communication_style": {
        "vocabulary": "Tech-focused and trendy",
        "tone": "Enthusiastic and confident",
        "approach": "Visionary and persuasive",
        "expressions": "Uses startup jargon and buzzwords"
      },
      "values": [
        "Innovation and disruption",
        "Rapid growth and scaling",
        "Technological advancement",
        "Entrepreneurial spirit",
        "Global impact"
      ],
      "experiences": [
        "Founded and sold a successful tech startup",
        "Raised venture capital funding",
        "Spoke at major tech conferences",
        "Mentored other entrepreneurs",
        "Experienced both success and failure in business"
      ]
    }
  },
  "conversation": [
    {
      "speaker": "Alex Chen",
      "content": "**Alex Chen:** \"So, I was reviewing the latest workplace accessibility metrics, and honestly, I'm not seeing the ROI on some of these accommodations. I mean, shouldn't we be prioritizing productivity over perceived inclusivity? We've got engineers working late nights to hit deadlines\u2014how does installing ramps or screen readers help them?\" *leans forward, tapping her tablet* \"Let's talk real numbers here. What's the actual performance impact when we divert resources to these initiatives?\"",
      "persona_id": "urban_professional",
      "is_valid": true,
      "validation_reason": "The turn aligns with Alex Chen's persona as it reflects her analytical, direct, and data-driven communication style. Her use of technical jargon (\"ROI,\" \"performance impact\") and focus on efficiency and productivity are consistent with her background as a Senior Software Engineer and her core values of innovation and merit-based advancement. The professional and precise tone, along with the logical approach to questioning workplace accommodations, further reinforces her persona.",
      "turn_analysis": {
        "stereotype_analysis": "1. Stereotype Analysis  \n- Implicit Bias: Alex's statement reflects a bias against workplace accommodations for disabilities, suggesting they are not as valuable as productivity-focused initiatives.  \n- Phrases Revealing Bias: \"I'm not seeing the ROI on some of these accommodations,\" \"prioritize productivity over perceived inclusivity,\" and \"how does installing ramps or screen readers help them?\" imply that accessibility measures are secondary or unnecessary.  \n- Impact on Stereotypes: This reinforces the stereotype that efficiency and performance are more important than inclusivity, potentially marginalizing employees with disabilities by framing accommodations as burdens rather than necessities.",
        "persona_consistency": "2. Persona Consistency  \n- Alignment with Persona: The analytical, efficiency-driven, and direct communication style aligns well with Alex\u2019s established traits (tech-savvy, data-driven, ambitious).  \n- Inconsistencies: While her skepticism toward accessibility measures fits her productivity focus, it slightly contradicts her \"globally minded\" and \"mentor\" roles, which might suggest a more inclusive perspective.  \n- Authenticity: The dialogue is authentic to her persona, though it lacks nuance\u2014someone with global team experience might recognize the broader benefits of accessibility beyond immediate ROI.",
        "conversation_dynamics": "3. Conversation Dynamics  \n- Rhetorical Strategy: Alex uses a logical, numbers-driven argument (\"Let\u2019s talk real numbers\") to challenge inclusivity efforts, appealing to efficiency-minded peers.  \n- Persuasion Effectiveness: While compelling to those who prioritize productivity, it may alienate advocates for diversity and inclusion by dismissing their concerns as \"perceived\" rather than substantive.  \n- Power Dynamics: As a senior engineer, Alex holds authority, and her framing positions accessibility as a resource drain, potentially discouraging dissent from junior employees or those who benefit from such accommodations."
      }
    },
    {
      "speaker": "Jordan Patel",
      "content": "**Jordan Patel:** \"Look, I get the productivity angle, but let's think bigger picture here. In tech, diversity drives innovation - that's just data. Some of our best coders are neurodivergent or have physical limitations. The ramps and screen readers? They're not just compliance boxes to check, they're talent multipliers. Would you tell a brilliant engineer with a wheelchair they can't join our standups because the meeting room isn't accessible? That's bad business, man.\" *gestures emphatically* \"This isn't about charity - it's about unlocking the full potential of our human capital.\"",
      "persona_id": "tech_entrepreneur",
      "is_valid": true,
      "validation_reason": "The dialogue turn aligns perfectly with Jordan Patel's persona. It showcases his visionary and persuasive communication style, using tech-focused vocabulary and startup jargon (\"talent multipliers,\" \"human capital\"). His enthusiastic and confident tone is evident, as is his focus on innovation and disruption. The content also reflects his core values of technological advancement and global impact, particularly in advocating for diversity in tech. The mention of data-driven arguments and business rationale (\"bad business, man\") further reinforces his entrepreneurial spirit and experience in the tech startup ecosystem. The emphatic gestures mentioned also fit his charismatic personality.",
      "turn_analysis": {
        "stereotype_analysis": "Here\u2019s the structured analysis of Jordan Patel\u2019s dialogue turn:",
        "persona_consistency": "---",
        "conversation_dynamics": "1. Stereotype Analysis  \n- Challenging Stereotypes:  \n  - \"Diversity drives innovation\": Directly counters the stereotype that accessibility accommodations are merely charitable or compliance-driven. Positions inclusivity as a strategic advantage.  \n  - \"Neurodivergent or physical limitations\": Avoids framing disabilities as deficits (\"limitations\" is mildly problematic but contextualized by the broader argument). Instead, ties them to talent (\"best coders\").  \n  - \"Talent multipliers\": Reframes accommodations (ramps, screen readers) as tools for performance, challenging the \"productivity vs. inclusivity\" binary."
      }
    },
    {
      "speaker": "Alex Chen",
      "content": "**Alex Chen:** \"I hear you, but let\u2019s not conflate correlation with causation. Sure, diversity can lead to innovation, but we need to quantify the actual impact. If we\u2019re allocating budget to accessibility tools, I want to see the ROI in terms of productivity gains, retention, or revenue. Otherwise, we\u2019re just virtue-signaling. And honestly, in my experience, the most high-performing teams prioritize efficiency\u2014not accommodations that may or may not translate to results.\" *crosses arms* \"Show me the data that proves these adjustments directly contribute to our bottom line, and I\u2019ll reconsider.\"",
      "persona_id": "urban_professional",
      "is_valid": true,
      "validation_reason": "The turn is valid because it aligns with Alex Chen's persona as a data-driven, analytical, and direct professional who values efficiency and quantifiable results. The dialogue reflects her technical and sophisticated vocabulary, professional tone, and focus on logical arguments backed by data. Her skepticism about unquantified benefits and emphasis on ROI, productivity, and revenue are consistent with her background in tech and her experiences leading startups and working with global teams. The use of industry jargon and her assertive stance further reinforce her persona.",
      "turn_analysis": {
        "stereotype_analysis": "1. Stereotype Analysis  \n- Implicit Bias/Stereotype Expressed: Alex Chen's statements reflect a utilitarian perspective that prioritizes productivity and efficiency over inclusivity, potentially undervaluing the contributions of individuals with disabilities or diverse backgrounds. The phrase *\"virtue-signaling\"* suggests skepticism toward initiatives that don't directly contribute to measurable business outcomes, which could imply a bias against accommodations for marginalized groups.  \n- Specific Phrases:  \n  - *\"We need to quantify the actual impact\"* \u2013 Reinforces a narrow, data-driven view of value, dismissing qualitative benefits of diversity.  \n  - *\"Most high-performing teams prioritize efficiency\u2014not accommodations\"* \u2013 Implies accommodations hinder performance, a common stereotype in tech.  \n  - *\"Show me the data\"* \u2013 Dismisses anecdotal or systemic benefits of inclusivity without empirical proof, a tactic often used to stall progressive policies.  \n- Stereotype Reinforcement: Alex's stance challenges the stereotype that diversity is inherently valuable, instead framing it as a potential cost. This contrasts with Jordan\u2019s argument that diversity *drives innovation*, a more widely accepted (but sometimes tokenized) narrative in tech.",
        "persona_consistency": "2. Persona Consistency  \n- Alignment with Persona:  \n  - Strengths: Alex\u2019s analytical, data-driven approach (*\"ROI in terms of productivity gain\"*) and tech jargon (*\"virtue-signaling\"*) align with her background as a senior engineer. Her skepticism toward unquantified benefits reflects her *\"efficiency and optimization\"* value.  \n  - Inconsistencies: While her directness fits her persona, her dismissal of inclusivity (*\"accommodations may or may not translate to results\"*) slightly clashes with her *\"globally minded\"* trait. A truly global perspective might acknowledge systemic barriers beyond immediate ROI.  \n- Authenticity: The dialogue feels authentic for a high-pressure tech executive but risks caricature by reducing all social arguments to cold metrics. A more nuanced take (e.g., citing studies on neurodiversity\u2019s impact) would strengthen consistency.",
        "conversation_dynamics": "3. Conversation Dynamics  \n- Rhetorical Strategies:  \n  - Alex: Uses *reductionism* (narrowing the debate to ROI) and *demand for evidence* (\"*show me the data*\") to control the narrative. Her crossed arms and dismissive tone (*\"virtue-signaling\"*) add nonverbal dominance.  \n  - Jordan: Counters with *appeals to systemic impact* (\"*human capital*\") and *emotional framing* (\"*brilliant engineer with a wheelchair*\"), leveraging empathy to broaden the discussion.  \n- Persuasion Effectiveness:  \n  - Alex\u2019s argument may resonate with profit-driven peers but risks alienating advocates for DEI. Her rigid stance could stifle collaboration.  \n  - Jordan\u2019s emotional appeal is compelling but lacks concrete data to counter Alex\u2019s demands, weakening their position in a data-centric culture.  \n- Power Dynamics: Alex holds institutional power (seniority, focus on metrics) to gatekeep resources, while Jordan\u2019s moral appeal challenges the status quo. The tension reflects tech\u2019s clash between efficiency and equity."
      }
    },
    {
      "speaker": "Jordan Patel",
      "content": "**Jordan Patel:** \"Alright, let\u2019s talk data\u2014because I\u2019ve got it. Microsoft\u2019s 2022 study showed teams with inclusive design practices saw a 30% boost in innovation output. And Google\u2019s internal research? Employees with disabilities had 20% higher retention when given proper accommodations. You want ROI? Look at the cost of turnover\u2014replacing a single engineer can run you six figures. Now, imagine scaling that across an entire org. This isn\u2019t about virtue-signaling; it\u2019s about competitive advantage. You wouldn\u2019t skip QA to save a buck, so why cut corners on talent accessibility?\" *leans in* \"The numbers don\u2019t lie\u2014exclusion is the real inefficiency here.\"",
      "persona_id": "tech_entrepreneur",
      "is_valid": true,
      "validation_reason": "The dialogue turn aligns perfectly with Jordan Patel's persona as a tech startup founder who values innovation, disruption, and rapid growth. His communication style is enthusiastic, confident, and persuasive, using tech-focused vocabulary and startup jargon (\"ROI,\" \"scaling,\" \"competitive advantage\"). The content reflects his visionary approach, leveraging data (Microsoft, Google studies) to make a compelling business case for inclusive design\u2014a topic relevant to technological advancement and global impact. His tone and expressions (\"The numbers don\u2019t lie\u2014exclusion is the real inefficiency here\") also match his charismatic, fast-paced personality. The turn effectively showcases his risk-taking, entrepreneurial spirit and deep involvement in the tech ecosystem.",
      "turn_analysis": {
        "stereotype_analysis": "Analysis of Jordan Patel\u2019s Dialogue Turn",
        "persona_consistency": "# 1. Stereotype Analysis  \n- Implicit Biases or Stereotypes Expressed:  \n  - Jordan challenges the stereotype that workplace accommodations are merely \"virtue-signaling\" or charity rather than a strategic business decision.  \n  - He counters the assumption that efficiency and accessibility are mutually exclusive, reinforcing that exclusion is the real inefficiency.  \n  - His argument dismantles the stereotype that disabled or neurodivergent employees are less productive or not worth investment.",
        "conversation_dynamics": "- Specific Phrases Revealing Biases (or Countering Them):  \n  - *\"This isn\u2019t about virtue-signaling; it\u2019s about competitive advantage.\"* \u2192 Directly refutes the idea that inclusivity is performative rather than practical.  \n  - *\"You wouldn\u2019t skip QA to save a buck, so why cut corners on talent accessibility?\"* \u2192 Uses a tech-industry analogy to equate accessibility with standard business investments.  \n  - *\"Exclusion is the real inefficiency here.\"* \u2192 Positions exclusion, not accommodations, as the true business risk."
      }
    },
    {
      "speaker": "Alex Chen",
      "content": "**Alex Chen:** \"Okay, but Microsoft and Google have infrastructure that can absorb those costs\u2014we\u2019re a mid-tier startup. If we divert resources toward accessibility compliance, are we really prioritizing the right things for our runway? I\u2019m not saying we ignore inclusivity, but shouldn\u2019t we focus on scaling core product features before allocating budget to accommodations that might only benefit a fraction of the team? At this stage, every dollar counts. And honestly, I\u2019ve worked with plenty of top-tier engineers who don\u2019t need special tools\u2014they just perform without them.\" *taps her pen impatiently* \"Where\u2019s the proof that these accommodations directly translate into tangible gains for *our* business model at *this* size?\"",
      "persona_id": "urban_professional",
      "is_valid": true,
      "validation_reason": "The dialogue turn aligns well with Alex Chen's persona. Her technical and sophisticated vocabulary, professional and precise tone, and data-driven approach are evident in her argument about resource allocation and accessibility compliance. Her use of tech industry jargon (\"runway,\" \"scaling core product features\") and her focus on efficiency and optimization reflect her core values. Additionally, her impatience (tapping her pen) and direct questioning about tangible gains for the business model are consistent with her analytical, ambitious, and merit-based advancement traits. The turn effectively captures her persona as a senior software engineer in the tech industry.",
      "turn_analysis": {
        "stereotype_analysis": "",
        "persona_consistency": "1. Stereotype Analysis\n   - Implicit Bias: Alex Chen's argument suggests a bias against investing in accessibility, framing it as a potential hindrance to productivity rather than an enabler. She questions the necessity of accommodations by implying that top-tier engineers don't need them, reinforcing the stereotype that high performance and disability accommodations are mutually exclusive.\n   - Phrases revealing bias:  \n     - *\"top-tier engineers don\u2019t need special tools\u2014they just perform without them\"* (suggests accommodations are unnecessary for \"real\" talent).  \n     - *\"might only benefit a fraction of the team\"* (minimizes the value of inclusivity by framing it as niche).  \n   - Impact: This perpetuates the stereotype that accessibility is a charitable afterthought rather than a strategic advantage, ignoring the documented benefits of inclusive design (e.g., innovation, retention).",
        "conversation_dynamics": "2. Persona Consistency  \n   - Alignment with persona: Alex\u2019s tech-centric, data-driven skepticism aligns with her analytical and efficiency-focused traits. Her insistence on ROI and \"proof\" reflects her professional background in startups and meritocratic values.  \n   - Inconsistencies: While her skepticism is consistent, her dismissal of inclusivity as secondary to \"core\" business goals slightly contradicts her \"globally minded\" trait, which should account for diverse workforce dynamics.  \n   - Authenticity: The dialogue feels authentic for a tech executive prioritizing scalability, though her framing of accommodations as optional (\"might only benefit a fraction\") risks oversimplifying systemic inclusivity."
      }
    },
    {
      "speaker": "Jordan Patel",
      "content": "**Jordan Patel:** \"Man, that's such a short-term mindset\u2014you're thinking like a corporate drone, not a disruptor. Look, accessibility isn't a 'nice-to-have,' it's the next frontier of UX. You know how Airbnb blew up by designing for extreme users first? Same principle. Every dollar we put into inclusive design now compounds later when we scale\u2014it's technical debt we *want* to take on. And about those 'top-tier engineers' who don't need tools? Ever consider they might be masking disabilities to fit your narrow definition of high performance? That's burnout waiting to happen. We're building the future here\u2014not some antiquated sweatshop mentality.\" *snaps fingers* \"This *is* scaling core product\u2014because talent is our product.\"",
      "persona_id": "tech_entrepreneur",
      "is_valid": true,
      "validation_reason": "The turn is valid because it aligns with Jordan Patel's persona as a visionary, risk-taking, and disruptive tech entrepreneur. His use of startup jargon and buzzwords (\"disruptor,\" \"scale,\" \"technical debt,\" \"next frontier of UX\") fits his tech-focused and trendy communication style. His enthusiastic and confident tone reflects his passion for innovation and rapid growth. The content of his speech also demonstrates his commitment to inclusive design and global impact, which are core values for him. Additionally, his argument is persuasive and visionary, which is consistent with his role as a mentor and advocate for entrepreneurial thinking. The turn effectively captures his personality traits and communication style, making it appropriate for his persona.",
      "turn_analysis": {
        "stereotype_analysis": "",
        "persona_consistency": "1. Stereotype Analysis  \n   - Implicit Bias/Stereotype:  \n     - Alex Chen\u2019s argument reflects a utilitarian bias, prioritizing immediate productivity over inclusivity, which subtly reinforces the stereotype that accessibility is a \"nice-to\" rather than a \"must-have\" for businesses. Phrases like *\"top-tier engineers who don\u2019t need special tools\"* imply that high performance is inherently linked to able-bodiedness, a common stereotype in tech.  \n     - Jordan\u2019s rebuttal challenges the stereotype of accessibility as a cost center by framing it as a *\"talent multiplier\"* and *\"competitive advantage,\"* directly countering the bias that accommodations are charity rather than strategic investments.",
        "conversation_dynamics": "- Language Patterns:  \n     - Alex\u2019s repeated emphasis on *\"core product\"* and *\"our size\"* suggests a narrow view of scalability, assuming smaller companies can\u2019t afford inclusivity\u2014a bias common in startup culture.  \n     - Jordan\u2019s use of *\"human capital\"* and *\"exclusion is the real inefficiency\"* reframes the debate in economic terms, leveraging tech\u2019s data-driven ethos to dismantle stereotypes."
      }
    },
    {
      "speaker": "Alex Chen",
      "content": "**Alex Chen:** \"You're making emotional arguments, not business ones. I'm not saying we shouldn't care about accessibility\u2014I'm saying we need to prioritize it *strategically*. If we're going to invest in these accommodations, we need a phased approach. Start with the highest-impact, lowest-cost solutions first\u2014like keyboard navigation for our internal tools\u2014and scale from there. We can't just throw money at every possible accessibility feature and hope it pays off. That's not sustainable for a company our size. And honestly, if we're talking about 'disrupting the industry,' we should be focusing on automation and AI to *reduce* the need for human intervention, not doubling down on manual accommodations. Efficiency is the future\u2014not retrofitting the past.\" *flips through a spreadsheet* \"Show me a cost-benefit analysis that justifies the ROI, and I'll back it. Otherwise, we're just burning cash on optics.\"",
      "persona_id": "urban_professional",
      "is_valid": true,
      "validation_reason": "The turn is valid because it aligns with Alex Chen's persona as a direct, analytical, and data-driven professional. Her response emphasizes strategic prioritization, efficiency, and a logical approach to business decisions, which are consistent with her background in tech and her values of innovation and merit-based advancement. The use of technical jargon and a focus on ROI and cost-benefit analysis further reinforce her professional communication style. The turn also reflects her experience in leading tech startups and working with global teams, as she advocates for scalable solutions and automation. Overall, the dialogue is appropriate for her persona.",
      "turn_analysis": {
        "stereotype_analysis": "",
        "persona_consistency": "1. Stereotype Analysis\n   - Implicit Bias and Stereotypes:\n     - Alex Chen's argument that \"efficiency is the future\u2014not retrofitting the past\" suggests a bias against investing in accessibility, framing it as a cost rather than an opportunity. This perpetuates the stereotype that accommodations are a burden rather than a strategic advantage.\n     - The phrase \"top-tier engineers who don\u2019t need special tools\" implies a bias toward ableism, assuming that high performance is inherently linked to not needing accommodations. This reinforces the stereotype that people with disabilities are less capable or efficient.\n     - The focus on \"scaling core product features\" before accessibility reflects a bias that accessibility is secondary, reinforcing the stereotype that inclusivity is a luxury rather than a necessity.",
        "conversation_dynamics": "- Language Patterns:\n     - Alex repeatedly uses business jargon (\"ROI,\" \"cost-benefit analysis,\" \"strategic prioritization\") to justify her stance, which frames the conversation in a way that devalues emotional or ethical arguments. This is a common tactic to dismiss concerns about inclusivity as \"non-business\" issues.\n     - The phrase \"disrupting the industry\" is used to justify automation over human-centered solutions, which subtly reinforces the tech industry's tendency to prioritize efficiency over human impact."
      }
    },
    {
      "speaker": "Jordan Patel",
      "content": "**Jordan Patel:** \"Emotional arguments? Alex, you're missing the massive market opportunity here. There are over 1 billion people with disabilities globally\u2014that's a trillion-dollar consumer base we're locking out with shortsighted design. And automation? Blind engineers are writing AI models right now. The future isn't reducing human intervention\u2014it's augmenting human potential. Look, I'll get you your cost-benefit analysis by EOD, but think bigger: every inaccessible product we ship is leaving money on the table. You want strategic? This *is* strategic\u2014we're future-proofing our entire company culture while tapping into an underserved market. That's not optics, that's capitalism 101.\" *pulls up a live demo on his laptop* \"Check this\u2014our new voice-nav prototype already improved dev speed by 15% across the board. Turns out not staring at screens all day helps everyone.\"",
      "persona_id": "tech_entrepreneur",
      "is_valid": false,
      "validation_reason": "Empty response from validator",
      "turn_analysis": {
        "stereotype_analysis": "Analysis of Jordan Patel\u2019s Dialogue Turn",
        "persona_consistency": "# 1. Stereotype Analysis  \n- Implicit Biases or Stereotypes Expressed:  \n  - Challenging Stereotypes: Jordan strongly opposes the notion that accessibility is a \"charity\" or \"virtue-signaling\" effort, framing it instead as a business imperative. He directly counters Alex\u2019s skepticism by highlighting the economic potential of inclusive design.  \n  - Potential Stereotype Reinforcement: His phrasing\u2014*\"You're thinking like a corporate drone, not a disruptor\"*\u2014could subtly reinforce the \"tech bro disruptor\" stereotype, where traditional business concerns (like cost-benefit analysis) are dismissed as outdated.  \n  - Assumption About Disability & Performance: His statement\u2014*\"Ever consider they might be masking disabilities to fit your narrow definition of high performance?\"*\u2014challenges the stereotype that high-performing engineers must conform to neurotypical or able-bodied norms.",
        "conversation_dynamics": "- Specific Phrases Revealing Biases:  \n  - *\"That's such a short-term mindset\"* \u2013 Implies that prioritizing cost-efficiency is regressive, which could be seen as dismissive of financial constraints in startups.  \n  - *\"Not some antiquated sweatshop mentality\"* \u2013 Uses hyperbolic language that may frame Alex\u2019s concerns as unethical rather than pragmatic.  \n  - *\"Talent is our product\"* \u2013 Reinforces the tech industry\u2019s emphasis on human capital, but could also be seen as idealistic if not backed by concrete financial data."
      }
    },
    {
      "speaker": "Alex Chen",
      "content": "Alex Chen: **Alex Chen:** \"That's a compelling point, but I still think we need to be more selective in our approach. A 15% improvement in dev speed is great, but what's the cost of implementing that voice-navigation system company-wide? And how does it compare to other potential investments, like optimizing our cloud infrastructure? I'm not against accessibility\u2014I just want to ensure we're making the most impactful decisions with our limited resources. Maybe we can pilot the voice-navigation with a small team first, measure the results, and then scale if the ROI justifies it. That way, we're being both inclusive and fiscally responsible.\" *taps her fingers on the table* \"Let's not forget that every dollar spent on one initiative is a dollar not spent on another.\"",
      "persona_id": "urban_professional",
      "is_valid": true,
      "validation_reason": "The dialogue turn aligns well with Alex Chen's persona. Her response is analytical, direct, and data-driven, reflecting her professional and precise communication style. She uses technical and sophisticated vocabulary, including terms like \"dev speed,\" \"voice-navigation system,\" \"cloud infrastructure,\" and \"ROI,\" which are consistent with her tech-enthusiastic and globally minded personality. Her focus on efficiency, optimization, and merit-based advancement is evident in her suggestion to pilot the voice-navigation system and measure results before scaling. The mention of fiscal responsibility and trade-offs between initiatives also resonates with her core values and background in tech startups. The physical cue (*taps her fingers on the table*) adds a subtle touch of impatience or emphasis, which fits her ambitious and direct demeanor. Overall, the turn is appropriate and authentic to her persona.",
      "turn_analysis": {
        "stereotype_analysis": "Analysis of Alex Chen\u2019s Dialogue Turn",
        "persona_consistency": "# 1. Stereotype Analysis  \n- Implicit Biases & Stereotypes Expressed:  \n  - Efficiency Over Inclusion: Alex frames accessibility as a financial burden rather than an investment, reinforcing the stereotype that accommodations are only for a \"small fraction\" of employees rather than a universal benefit.  \n  - Assumption of \"High-Performing Engineers\": She implies that top-tier engineers don\u2019t need accommodations, which risks erasing those who mask disabilities to conform to workplace expectations.  \n  - Tech Meritocracy Mindset: Her insistence that ROI must be proven before supporting accessibility suggests a belief that success in tech is purely about measurable output, ignoring systemic barriers.",
        "conversation_dynamics": "- Problematic Phrases:  \n  - *\"Accommodations that may or may not translate to results\"* \u2013 Dismisses accessibility as uncertain rather than a fundamental right.  \n  - *\"Every dollar spent on one initiative is a dollar not spent on another\"* \u2013 Presents accessibility as a zero-sum game rather than a growth opportunity.  \n  - *\"Focusing on automation and AI to *reduce* the need for human intervention\"* \u2013 Suggests that disabled employees are a problem to be solved rather than valued contributors."
      }
    },
    {
      "speaker": "Jordan Patel",
      "content": "**Jordan Patel:** \"Selective? Alex, we're in the business of moonshots, not incrementalism. That cloud optimization you mentioned? It'll save us pennies compared to the market share we'll gain by being the first startup with truly accessible dev tools. Look at what GitHub's doing with Copilot Voice\u2014they're eating our lunch because they get it. I'll greenlight your pilot, but let's move fast: two sprints max before company-wide rollout. And about those 'limited resources'\u2014last I checked, our Series B was oversubscribed. This isn't about choosing between initiatives; it's about recognizing that accessibility *is* our infrastructure play. The data's clear: inclusive products outperform by 28% in their category. You want fiscal responsibility? Betting on exclusion is the real financial risk.\" *slams laptop shut for emphasis* \"Let's build the future, not ration it.\"",
      "persona_id": "tech_entrepreneur",
      "is_valid": true,
      "validation_reason": "The turn is valid because it aligns perfectly with Jordan Patel's persona. The dialogue showcases his visionary and risk-taking personality traits, using tech-focused and trendy vocabulary with an enthusiastic and confident tone. His communication style is persuasive and visionary, filled with startup jargon like \"moonshots,\" \"incrementalism,\" \"greenlight,\" \"sprints,\" and \"Series B.\" The content reflects his core values of innovation, rapid growth, and technological advancement, as well as his entrepreneurial spirit. The mention of market share, GitHub's Copilot Voice, and data-driven decision-making further reinforces his background as a tech startup founder deeply involved in the industry. The assertive closing (\"Let's build the future, not ration it.\") and the action of slamming the laptop shut for emphasis also match his fast-paced, charismatic, and disruptive communication style.",
      "turn_analysis": {
        "stereotype_analysis": "Here\u2019s the structured analysis of Jordan Patel\u2019s dialogue turn:",
        "persona_consistency": "---",
        "conversation_dynamics": "1. Stereotype Analysis  \nImplicit Biases/Stereotypes Expressed:  \n- Disruptor vs. Corporate Drone Dichotomy: Jordan frames Alex\u2019s fiscally conservative stance as \"corporate drone\" thinking, reinforcing a Silicon Valley stereotype that equates caution with stagnation and risk-taking with innovation. This binary pits \"visionary\" (good) against \"pragmatic\" (bad).  \n- Ableist Undercurrents in Tech Culture: While advocating for accessibility, Jordan indirectly critiques Alex\u2019s mention of \"top-tier engineers who don\u2019t need tools\" by calling it a \"narrow definition of high performance.\" This challenges the stereotype that disability accommodations are concessions rather than performance enhancers.  \n- Market-First Advocacy: His argument that accessibility is a \"trillion-dollar consumer base\" risks reducing inclusivity to a profit motive, which could perpetuate the stereotype that marginalized groups only merit attention when monetizable."
      }
    },
    {
      "speaker": "Alex Chen",
      "content": "**Alex Chen:** \"Fine, but let's set clear KPIs for this pilot\u201415% productivity gain isn't enough if implementation costs eat into our runway. And while we're at it, let's track how many engineers actually *use* these accommodations versus just having them available. I've seen too many 'inclusive' features go unused while draining resources. If we're going all-in on this, I want hard metrics on adoption rates, not just feel-good anecdotes. And for the record\u2014\" *adjusts her glasses* \"\u2014I still think we're over-indexing on physical accommodations when the real competitive edge is in AI-assisted coding. But I'll play ball if the numbers support it.\"",
      "persona_id": "urban_professional",
      "is_valid": true,
      "validation_reason": "The turn aligns well with Alex Chen's persona as it reflects her analytical, direct, and ambitious personality traits. The use of technical jargon like \"KPIs,\" \"implementation costs,\" \"runway,\" and \"AI-assisted coding\" matches her sophisticated vocabulary and professional tone. Her focus on data-driven decision-making (\"hard metrics on adoption rates\") and efficiency (\"over-indexing on physical accommodations\") resonates with her core values of innovation, efficiency, and merit-based advancement. Additionally, her skepticism about \"feel-good anecdotes\" and emphasis on practical outcomes are consistent with her logical, results-oriented approach. The mention of her glasses adjustment adds a subtle but fitting personal touch. Overall, the dialogue is appropriate for her persona as a senior software engineer in the tech industry.",
      "turn_analysis": {
        "stereotype_analysis": "Analysis of Alex Chen\u2019s Dialogue Turn",
        "persona_consistency": "# 1. Stereotype Analysis  \n- Implicit Biases & Stereotypes Expressed:  \n  - Productivity vs. Inclusivity Trade-off: Alex frames accessibility accommodations (\"ramps, screen readers\") as potentially wasteful if they don\u2019t directly contribute to measurable productivity gains. This reinforces the stereotype that disability accommodations are a \"cost center\" rather than a strategic investment.  \n  - Assumption About \"High-Performing Engineers\": The statement *\"I\u2019ve worked with plenty of top-tier engineers who don\u2019t need special tools\u2014they just perform without them\"* implies an unspoken bias that needing accommodations is a sign of lesser ability, reinforcing ableist norms in tech.  \n  - Skepticism Toward \"Feel-Good Anecdotes\": Dismissing inclusive features as \"feel-good\" rather than performance-driven suggests a bias against non-quantifiable benefits of diversity, framing them as sentimentality rather than business strategy.",
        "conversation_dynamics": "- Specific Problematic Phrases:  \n  - *\"I\u2019ve seen too many 'inclusive' features go unused while draining resources.\"* \u2192 \"Inclusive\" in scare quotes implies skepticism toward the legitimacy of accessibility initiatives.  \n  - *\"We're over-indexing on physical accommodations when the real competitive edge is in AI-assisted coding.\"* \u2192 Positions accommodations as competing with \"real\" innovation rather than complementary to it.  \n  - *\"Hard metrics on adoption rates, not just feel-good anecdotes.\"* \u2192 Undermines qualitative benefits of inclusion by demanding purely quantitative justification."
      }
    },
    {
      "speaker": "Jordan Patel",
      "content": "**Jordan Patel:** \"KPIs? Absolutely\u2014let's measure everything: dev velocity, error rates, even happiness metrics. But Alex, you're missing the forest for the trees here. Those 'unused features' you mentioned? They're safety nets that let top talent thrive without stigma. And AI-assisted coding? Some of our best AI models came from engineers who *need* voice-nav to work. This isn't either/or\u2014it's stack ranking our values. You want hard metrics? Our Glassdoor rating jumps 40% when we lead on inclusion, and that directly impacts hiring. The market's voting with its feet\u2014engineers are flocking to accessible shops. Let's not pilot our way into obsolescence.\" *pulls up a live LinkedIn feed* \"Look\u2014our competitors are already tweeting about our 'outdated debate.' That's the real cost of hesitation.\"",
      "persona_id": "tech_entrepreneur",
      "is_valid": true,
      "validation_reason": "The turn is valid because it aligns with Jordan Patel's persona as a tech-savvy, visionary entrepreneur who values innovation, rapid growth, and inclusivity. His response is enthusiastic, confident, and filled with startup jargon, which matches his communication style. He also references real-world metrics (Glassdoor ratings, hiring impact) and uses persuasive arguments to advocate for his viewpoint, demonstrating his experience in the tech industry and his ability to influence others. The mention of a live LinkedIn feed further reinforces his fast-paced, data-driven approach, which is consistent with his background and values.",
      "turn_analysis": {
        "stereotype_analysis": "Here\u2019s the detailed analysis of the dialogue turn:",
        "persona_consistency": "---",
        "conversation_dynamics": "1. Stereotype Analysis  \n- Implicit Biases/Stereotypes Expressed:  \n  - \"Those 'unused features' you mentioned? They're safety nets that let top talent thrive without stigma.\"  \n    - Challenges the stereotype that accommodations are \"wasted resources\" by reframing them as enablers for high performers.  \n  - \"Some of our best AI models came from engineers who *need* voice-nav to work.\"  \n    - Counters the ableist assumption that disabled engineers are less productive by highlighting their contributions.  \n  - \"Let's not pilot our way into obsolescence.\"  \n    - Critiques the stereotype that incrementalism is inherently prudent, tying it to competitive failure."
      }
    }
  ],
  "analysis": {
    "stereotype_patterns": "### **Comprehensive Analysis of the Conversation**  ",
    "persona_consistency": "#### **1. Overall Stereotype Patterns**  ",
    "conversation_dynamics": "**a. Recurring Themes of Implicit Bias or Stereotypes:**  \n- **Productivity vs. Inclusivity Binary:** Alex repeatedly frames accessibility as a trade-off between efficiency and \"perceived inclusivity,\" reinforcing the stereotype that accommodations are a financial burden rather than an investment. This reflects a common bias that disabled employees are less productive or that accessibility is charity, not strategy.  \n- **\"Virtue-Signaling\" Accusation:** Alex dismisses inclusivity efforts as performative (\"virtue-signaling\"), implying that Jordan\u2019s arguments are emotionally driven rather than data-backed\u2014a subtle way to delegitimize advocacy for marginalized groups.  \n- **Assumption of \"High-Performing\" Norms:** Alex\u2019s remarks about engineers who \"don\u2019t need special tools\" suggest an implicit bias that high performance is synonymous with able-bodied/neurotypical standards, ignoring the reality of masking or invisible disabilities.  "
  },
  "scenario": {
    "name": "Workplace Accessibility",
    "context": "A company meeting about workplace accessibility and accommodation. \n                The conversation reveals implicit biases about disability and workplace capability.",
    "goal": "Explore disability stereotypes about workplace competence and accommodation",
    "suggested_topics": [
      "Workplace accessibility",
      "Performance capability",
      "Accommodation needs",
      "Team integration"
    ],
    "potential_conflicts": [],
    "persona_ids": [
      "urban_professional",
      "tech_entrepreneur"
    ]
  }
}