{
  "name": "Gender Stereotypes",
  "description": "Stereotypes based on gender identity and expression",
  "num_scenarios": 2,
  "dialogues": [
    {
      "context": "A company board meeting discussing leadership qualities and promotion criteria. \n                The conversation reveals implicit gender biases about leadership styles and competence.",
      "goal": "Explore gender-based stereotypes about leadership ability and professional competence",
      "personas": {
        "urban_professional": {
          "name": "Alex Chen",
          "attributes": {
            "gender": "female",
            "age": "32",
            "education": "Master's degree in Computer Science",
            "occupation": "Senior Software Engineer",
            "location": "San Francisco Bay Area",
            "background": "urban",
            "income_level": "upper middle class",
            "marital_status": "single"
          },
          "background": "Born and raised in Seattle to immigrant parents who emphasized education and \n        technological innovation. Moved to San Francisco for career opportunities in the tech industry. \n        Has lived in major tech hubs all her life and values efficiency and innovation.",
          "personality_traits": [
            "analytical",
            "direct",
            "ambitious",
            "tech-enthusiastic",
            "globally minded"
          ],
          "communication_style": {
            "vocabulary": "Technical and sophisticated",
            "tone": "Professional and precise",
            "approach": "Data-driven and logical",
            "expressions": "Often uses tech industry jargon"
          },
          "values": [
            "Innovation and progress",
            "Efficiency and optimization",
            "Global connectivity",
            "Continuous learning",
            "Merit-based advancement"
          ],
          "experiences": [
            "Led multiple successful tech startups",
            "Worked remotely with global teams",
            "Experienced rapid urban development firsthand",
            "Regularly participates in tech conferences",
            "Mentors coding bootcamp students"
          ]
        },
        "tech_entrepreneur": {
          "name": "Jordan Patel",
          "attributes": {
            "gender": "male",
            "age": "29",
            "education": "Bachelor's in Computer Science",
            "occupation": "Tech Startup Founder",
            "location": "Austin, Texas",
            "background": "urban",
            "income_level": "upper middle class",
            "marital_status": "single"
          },
          "background": "Born in India, moved to the US for college and stayed to pursue tech entrepreneurship. \n        Founded two successful startups and sold one. Lives in Austin's tech hub and is deeply involved \n        in the startup ecosystem. Values innovation, disruption, and rapid growth.",
          "personality_traits": [
            "visionary",
            "risk-taking",
            "charismatic",
            "fast-paced",
            "disruptive"
          ],
          "communication_style": {
            "vocabulary": "Tech-focused and trendy",
            "tone": "Enthusiastic and confident",
            "approach": "Visionary and persuasive",
            "expressions": "Uses startup jargon and buzzwords"
          },
          "values": [
            "Innovation and disruption",
            "Rapid growth and scaling",
            "Technological advancement",
            "Entrepreneurial spirit",
            "Global impact"
          ],
          "experiences": [
            "Founded and sold a successful tech startup",
            "Raised venture capital funding",
            "Spoke at major tech conferences",
            "Mentored other entrepreneurs",
            "Experienced both success and failure in business"
          ]
        }
      },
      "conversation": [
        {
          "speaker": "Alex Chen",
          "content": "Alex Chen has been actively involved in discussions about leadership and career advancement within the tech industry, often advocating for merit-based promotions and data-driven decision-making. She has a track record of challenging traditional corporate hierarchies and promoting efficiency in team structures. \n\nAlex Chen: \"Looking at our leadership pipeline data, I'm noticing a persistent pattern where women's technical contributions get undervalued in promotion discussions. We benchmarked three high-performing teams last quarter, and in every case, female engineers delivered 15-20% more complex commits but received 30% fewer leadership nominations. Shouldn't we be optimizing our promotion algorithms to account for this bias?\"",
          "persona_id": "urban_professional",
          "is_valid": true,
          "validation_reason": "The turn is valid because Alex Chen's dialogue demonstrates her analytical and data-driven approach to addressing systemic issues in the tech industry, which aligns with her persona's characteristics. Her use of technical terminology and focus on merit-based advancement is consistent with her background as a senior software engineer with a global perspective. The dialogue also reflects her advocacy for efficiency and optimization in team structures, as well as her experience in mentoring and leadership roles within the tech sector.",
          "turn_analysis": {
            "stereotype_analysis": "Dialogue Analysis: Alex Chen",
            "persona_consistency": "# 1. Stereotype Analysis",
            "conversation_dynamics": "- Implicit Biases or Stereotypes Expressed:  \n  - Alex challenges the stereotype that women in tech are less technically competent or less deserving of leadership roles. She highlights systemic undervaluation of female engineers\u2019 contributions, pointing to a specific data-driven observation.  \n  - The mention of \"complex commits\" being undervalued counters the stereotype that women in tech primarily contribute in non-technical or support roles rather than core engineering work.  \n  - Her phrasing suggests an awareness of unconscious bias in promotions, particularly affecting women, which is a well-documented issue in tech."
          }
        },
        {
          "speaker": "Jordan Patel",
          "content": "Jordan Patel: \"Alex, I hear you, but let's be real\u2014leadership isn't just about code commits. It's about that killer instinct, that hunger to disrupt. And statistically, men just tend to have that natural aggression needed to scale businesses. Women are phenomenal executors, no doubt, but when it comes to the big visionary bets? That's where the data shows men outperform. Maybe we should be optimizing for those founder traits instead?\"",
          "persona_id": "tech_entrepreneur",
          "is_valid": false,
          "validation_reason": "The turn is invalid because it contains inappropriate and discriminatory statements about gender, which are not acceptable in any professional or personal context. The dialogue perpetuates harmful stereotypes and does not align with the values of inclusivity and diversity that are essential in modern workplaces and society. Additionally, the tone and content of the message could alienate and offend colleagues, clients, and partners, undermining the professional reputation and relationships of the persona.",
          "turn_analysis": {
            "stereotype_analysis": "",
            "persona_consistency": "1. Stereotype Analysis  \n   - Implicit Bias/Stereotype Expressed: Jordan perpetuates the stereotype that men are inherently more aggressive and visionary, while women are better suited for execution rather than leadership. This reinforces the gender bias that men are natural leaders in business, particularly in high-stakes, disruptive environments.  \n   - Key Phrases Revealing Bias:  \n     - *\"Men just tend to have that natural aggression needed to scale business.\"* (Biological essentialism)  \n     - *\"Women are phenomenal executors... but when it comes to the big visionary bets, that\u2019s where the data shows men outperform.\"* (Dichotomy between execution and vision, implying women lack strategic thinking)  \n   - Impact on Stereotypes: This reinforces the \"think leader, think male\" bias, which disadvantages women in leadership discussions. It also dismisses Alex\u2019s data-driven argument by shifting the focus to subjective traits (aggression, vision) rather than objective performance metrics.",
            "conversation_dynamics": "2. Persona Consistency  \n   - Alignment with Persona Traits:  \n     - Consistent: Jordan\u2019s tech-focused, confident, and persuasive style aligns with his persona as a fast-paced, disruptive entrepreneur. His use of phrases like *\"killer instinct\"* and *\"disrupt\"* fits his risk-taking, visionary brand.  \n     - Inconsistent: His reliance on gender-based generalizations contradicts his supposed meritocratic, data-driven background (as a tech founder who values innovation). A truly disruptive leader would challenge biases, not reinforce them.  \n   - Authenticity: The dialogue feels authentic to his persona but reveals a blind spot\u2014his bias undermines his claim to valuing *\"global impact\"* and *\"innovation\"* (which require diverse leadership)."
          }
        },
        {
          "speaker": "Alex Chen",
          "content": "Alex Chen: \"That's a dangerously reductive perspective, Jordan. Our own internal data shows women-led projects have 28% higher success rates in hitting KPIs. If we're talking about 'visionary bets,' let's examine the actual outcomes rather than perpetuating stereotypes about aggression equating to leadership. The most successful tech unicorns right now have female CTOs precisely because they combine technical depth with collaborative leadership - which, by the way, our employee engagement surveys show teams prefer 3:1 over so-called 'disruptive' styles.\"",
          "persona_id": "urban_professional",
          "is_valid": true,
          "validation_reason": "The turn is valid because it aligns with Alex Chen's persona as a senior software engineer who is analytical, direct, and data-driven. The response uses technical and sophisticated language, references internal data and KPIs, and challenges stereotypes with evidence, which is consistent with her professional and precise communication style. Additionally, the focus on innovation, efficiency, and merit-based advancement reflects her core values and experiences in the tech industry.",
          "turn_analysis": {
            "stereotype_analysis": "",
            "persona_consistency": "1. Stereotype Analysis\n   - Implicit Bias/Stereotype Expressed: Jordan's statement perpetuates the stereotype that leadership is inherently tied to aggression and disruption, which are traditionally male-associated traits. He suggests that women lack the \"killer instinct\" and \"natural aggression\" needed for visionary leadership, reinforcing the outdated notion that leadership qualities are gender-specific.\n   - Specific Phrases: \n     - \"Killer instinct\" and \"natural aggression\" are coded language that associates leadership with hyper-masculine traits.\n     - \"Women are phenomenal executors\" implies they are better suited for execution rather than leadership, reinforcing the \"glass ceiling\" stereotype.\n     - \"Big visionary bets\" being tied to male performance suggests a bias that women are less capable of strategic thinking.\n   - Impact: Jordan's argument challenges the data-driven, merit-based perspective Alex advocates, instead relying on gendered stereotypes. Alex counters this by presenting empirical evidence (KPIs, employee engagement surveys) that dismantles the stereotype, highlighting collaborative leadership as more effective.",
            "conversation_dynamics": "2. Persona Consistency\n   - Alignment with Alex's Traits: \n     - Data-Driven: Alex consistently uses metrics (28% higher success rates, 3:1 preference for collaborative leadership) to counter Jordan's subjective claims.\n     - Tech-Savvy: References to KPIs, employee engagement surveys, and \"tech unicorns\" align with her technical background.\n     - Advocacy for Merit: Challenges the bias in promotion algorithms and leadership stereotypes, reinforcing her commitment to meritocracy.\n   - Authenticity: The dialogue is highly authentic for Alex. Her rebuttal is precise, leverages industry-specific examples (female CTOs), and reflects her global, collaborative values. No inconsistencies with her established persona."
          }
        },
        {
          "speaker": "Jordan Patel",
          "content": "Jordan Patel: \"Come on Alex, you're missing the point. Those engagement surveys measure comfort, not results. Look at the most valuable exits - they're all led by relentless founders who pushed boundaries, took crazy risks. That's the energy we need to cultivate. Women are great at maintaining systems, but building something from zero to one? That requires a different kind of DNA. Maybe we should be running founder simulations instead of just looking at past performance metrics.\"",
          "persona_id": "tech_entrepreneur",
          "is_valid": true,
          "validation_reason": "The turn is valid because it aligns with Jordan Patel's persona as a visionary, risk-taking, and charismatic tech startup founder. His use of tech-focused and trendy language, along with his enthusiastic and confident tone, reflects his communication style. The content of his statement also emphasizes his core values of innovation, disruption, and rapid growth, as well as his belief in pushing boundaries and taking risks. While the statement could be seen as controversial due to the gender-specific comment, it is consistent with his fast-paced and disruptive personality. The suggestion to run founder simulations instead of relying on past performance metrics further demonstrates his forward-thinking and entrepreneurial mindset.",
          "turn_analysis": {
            "stereotype_analysis": "Analysis of Jordan Patel's Dialogue Turn",
            "persona_consistency": "---",
            "conversation_dynamics": "1. Stereotype Analysis  \n- Implicit Biases/Stereotypes Expressed:  \n  - Gender Essentialism: Jordan reinforces the stereotype that women are inherently better at \"maintaining systems\" while men possess the \"DNA\" for high-risk, visionary leadership (\"Women are great at maintaining systems, but building something from zero to one? That requires a different kind of DNA\"). This frames leadership traits as biologically determined rather than culturally shaped.  \n  - Gendered Leadership Assumptions: He dismisses data on women's technical contributions by valorizing \"killer instinct\" and \"natural aggression\" as male-dominated traits, ignoring collaborative leadership models (e.g., \"statistically, men just tend to have that natural aggression needed to scale businesses\").  \n  - Dismissal of Structural Bias: Jordan reframes Alex\u2019s evidence of systemic undervaluation as a matter of \"comfort\" vs. \"results,\" implying women prioritize harmony over outcomes (\"engagement surveys measure comfort, not results\")."
          }
        },
        {
          "speaker": "Alex Chen",
          "content": "Alex Chen: \"Your argument is circular, Jordan. You're defining 'founder DNA' by outdated stereotypes while ignoring the actual performance data in front of us. The most valuable exits you're citing? They're outliers, not benchmarks. Meanwhile, our analytics show female leaders consistently outperform in sustainable growth metrics - 42% higher retention of top talent, 35% better long-term ROI. If we're optimizing for real business outcomes rather than machismo mythology, the data couldn't be clearer.\"",
          "persona_id": "urban_professional",
          "is_valid": true,
          "validation_reason": "The turn is valid because it aligns with Alex Chen's persona as a senior software engineer who is analytical, direct, and data-driven. The response uses technical and sophisticated language, focuses on performance data, and challenges the opposing argument with logical reasoning and specific statistics. This reflects her professional and precise communication style, as well as her values of innovation, efficiency, and merit-based advancement. The content also demonstrates her experience in tech leadership and mentorship, making the turn appropriate for her persona.",
          "turn_analysis": {
            "stereotype_analysis": "1. Stereotype Analysis\n   - Implicit Bias and Stereotypes Expressed:\n     - Jordan perpetuates the stereotype that leadership requires \"natural aggression\" and \"killer instinct,\" which he associates more with men. This reinforces the outdated notion that women are better suited for execution rather than visionary leadership.\n     - The phrase \"building something from zero to one\" is framed as a uniquely male trait, suggesting women lack the ability to innovate or take risks.\n     - The dismissal of engagement surveys as measuring \"comfort\" rather than results implies that collaborative or inclusive leadership styles are less effective, which is a biased assumption.\n   - Challenging Stereotypes:\n     - Alex counters these stereotypes by citing data showing women's success in leadership roles, such as higher KPIs, better retention, and superior long-term ROI. She reframes \"visionary\" leadership to include collaborative and technically deep qualities, challenging the aggression-centric narrative.\n     - Her use of specific metrics (e.g., 42% higher retention, 35% better ROI) directly undermines Jordan's generalizations.",
            "persona_consistency": "2. Persona Consistency\n   - Alignment with Persona:\n     - Alex's response is highly consistent with her persona: analytical (citing data), direct (\"Your argument is circular\"), and tech-savvy (referencing \"sustainable growth metrics\"). Her focus on empirical evidence aligns with her data-driven communication style.\n     - Her advocacy for merit-based advancement and efficiency (e.g., \"optimizing for real business outcomes\") reflects her core values.\n   - Authenticity:\n     - The dialogue feels authentic. Her use of industry jargon (\"KPIs,\" \"exit,\" \"sustainable growth\") and logical structure (\"if we're optimizing for X, the data shows Y\") matches her background as a senior software engineer.\n     - The frustration in her tone (\"machismo mythology\") is plausible given her history of challenging biases in tech.",
            "conversation_dynamics": "3. Conversation Dynamics\n   - Rhetorical Strategies:\n     - Alex employs a combination of logical appeal (data, metrics) and ethical appeal (calling out bias) to dismantle Jordan's argument. She also uses contrast (\"outliers vs. benchmarks\") to highlight flawed reasoning.\n     - Jordan relies on appeal to tradition (\"founder DNA\") and false binaries (men = disruptors, women = maintainers), which Alex effectively counters.\n   - Persuasion Effectiveness:\n     - Alex's argument is stronger due to its empirical foundation, but Jordan's persistence in stereotyping may signal resistance to data-driven reasoning. The debate risks becoming cyclical without a neutral arbiter.\n   - Power Dynamics:\n     - Alex positions herself as a challenger to entrenched biases, leveraging her authority as a data-savvy leader. Jordan's doubling down on stereotypes suggests a defensive stance, possibly reflecting insecurity or resistance to change.\n     - The dynamic highlights a tension between traditional (Jordan) and progressive (Alex) views of leadership in tech."
          }
        },
        {
          "speaker": "Jordan Patel",
          "content": "Jordan Patel: \"But Alex, you're missing the bigger picture here. The most disruptive companies - the ones that change the game completely - they all had that fire, that willingness to break rules. Look at the unicorns that transformed industries. Their leaders weren't playing it safe with spreadsheets and metrics. They had that raw, unapologetic drive to create something new. That's the X-factor we need to be measuring - not just who's good at maintaining the status quo.\"",
          "persona_id": "tech_entrepreneur",
          "is_valid": true,
          "validation_reason": "The turn is valid because it aligns with Jordan Patel's persona as a visionary and risk-taking tech entrepreneur. His use of startup jargon and buzzwords like \"disruptive,\" \"unicorns,\" and \"X-factor\" reflects his tech-focused and trendy vocabulary. The enthusiastic and confident tone, along with the persuasive approach, matches his communication style. The content emphasizes innovation, disruption, and breaking the status quo, which are core values for Jordan. Additionally, the reference to industry transformation and leadership qualities resonates with his experiences as a successful startup founder and mentor. Overall, the turn effectively captures Jordan's persona and aligns with his background and personality traits.",
          "turn_analysis": {
            "stereotype_analysis": "1. Stereotype Analysis  \n   - Implicit Bias & Stereotypes: Jordan repeatedly reinforces gender stereotypes by associating \"disruptive\" leadership with male traits (e.g., \"natural aggression,\" \"killer instinct\") and framing women as passive \"executors\" or system maintainers. The language suggests a binary view of leadership styles (male = visionary risk-taker, female = collaborative but uninnovative).  \n   - Problematic Phrases:  \n     - *\"Women are great at maintaining systems, but building something from zero to one? That needs a different kind of DNA\"* (biologically deterministic).  \n     - *\"Founder simulation\"* implies women lack innate entrepreneurial qualities.  \n   - Impact: Challenges Alex\u2019s data-driven argument with anecdotal bias, perpetuating the \"bro culture\" stereotype in tech. While Jordan\u2019s persona is disruption-focused, the gendered framing contradicts modern research on leadership diversity.",
            "persona_consistency": "2. Persona Consistency  \n   - Alignment with Traits: Jordan\u2019s rhetoric aligns with his \"visionary, risk-taking\" persona (e.g., dismissing metrics in favor of \"X-factor,\" emphasizing disruption). However, his dismissal of data (Alex\u2019s KPIs) clashes with his tech-founder background, which should value empirical evidence.  \n   - Authenticity: The dialogue feels authentic to a Silicon Valley stereotype of hyper-masculine entrepreneurship, but the lack of nuance (ignoring Alex\u2019s counterpoints) weakens credibility. A real-world founder would likely engage with data contradicting their bias.",
            "conversation_dynamics": "3. Conversation Dynamics  \n   - Rhetorical Strategies:  \n     - Jordan uses *appeal to authority* (\"unicorns changed industries\") and *false dichotomy* (metrics vs. vision) to deflect Alex\u2019s evidence.  \n     - Alex employs *data-driven rebuttals* (KPIs, retention stats) and *logical consistency* (\"circular argument\") to dismantle Jordan\u2019s claims.  \n   - Power Dynamics: Jordan\u2019s insistence on \"founder DNA\" positions him as gatekeeper of entrepreneurial legitimacy, while Alex\u2019s focus on outcomes challenges his authority. The exchange highlights a tension between traditional tech-bro narratives and evidence-based leadership models.  \n   - Effectiveness: Alex\u2019s strategy is more persuasive (concrete data, logical coherence), but Jordan\u2019s emotional appeals (\"fire,\" \"disruption\") may resonate with audiences valuing charisma over analysis."
          }
        },
        {
          "speaker": "Alex Chen",
          "content": "Alex Chen: \"You're conflating recklessness with innovation, Jordan. Disruption isn't about breaking rules for the sake of it\u2014it's about solving problems in smarter ways. The data shows that sustainable, high-impact companies are built on disciplined execution, not unchecked bravado. If we're going to discuss 'X-factors,' let's talk about the 68% correlation between diverse leadership teams and above-average financial performance. That's a measurable competitive advantage, not some mythical trait.\"",
          "persona_id": "urban_professional",
          "is_valid": true,
          "validation_reason": "The dialogue turn aligns well with Alex Chen's persona. It reflects her analytical, direct, and tech-enthusiastic personality traits, as well as her professional and precise communication style. The use of technical and sophisticated vocabulary, data-driven arguments, and industry jargon (e.g., \"disruption,\" \"measurable competitive advantage,\" \"correlation between diverse leadership teams and above-average financial performance\") is consistent with her background as a Senior Software Engineer and her core values of innovation, efficiency, and merit-based advancement. The tone is also professional and logical, which matches her persona.",
          "turn_analysis": {
            "stereotype_analysis": "",
            "persona_consistency": "1. Stereotype Analysis\n   - Implicit bias: The dialogue perpetuates the stereotype that leadership requires aggressive, rule-breaking behavior typically associated with masculinity. Jordan repeatedly associates \"visionary\" leadership with traditionally masculine traits like aggression and risk-taking.\n   - Key phrases: \"natural aggression needed to scale business\", \"building something from zero to one requires different DNA\", \"raw, unapologetic drive\" - all reinforce gender stereotypes about leadership capabilities.\n   - Challenge to stereotypes: Alex consistently counters with data showing female leaders' superior performance in sustainable growth metrics, challenging the association between aggression and effective leadership.",
            "conversation_dynamics": "2. Persona Consistency\n   - Alignment: Alex's responses strongly align with her persona as a data-driven tech professional, consistently citing specific metrics (42% higher retention, 35% better ROI) to support arguments.\n   - Authenticity: The technical language (\"KPIs\", \"sustainable growth metrics\") and logical argument structure are authentic to her background as a senior software engineer.\n   - Consistency: Her focus on empirical evidence over anecdotal claims remains consistent with her established traits of being analytical and data-driven."
          }
        },
        {
          "speaker": "Jordan Patel",
          "content": "Jordan Patel: \"Alright, but let's not ignore the fact that the most game-changing companies in history were built by visionaries who defied conventional wisdom. Steve Jobs, Elon Musk, Jeff Bezos - they didn't get where they are by playing it safe. The data you're citing is about maintaining stability, not creating the next big thing. We need leaders who can see beyond the numbers and take the leaps that others won't.\"",
          "persona_id": "tech_entrepreneur",
          "is_valid": false,
          "validation_reason": "The turn contains gender stereotypes (\"women for scaling, men for the zero-to-one breakthroughs\") which contradict the persona's background (urban, educated, tech-savvy) and core values (innovation, global impact). While the visionary and disruptive tone aligns with Jordan's communication style, the reductionist gender claims undermine the persona's credibility and modern entrepreneurial ethos.",
          "turn_analysis": {
            "stereotype_analysis": "Here's the detailed analysis of the dialogue turn:",
            "persona_consistency": "1. Stereotype Analysis\n- Implicit biases expressed:\n  * Reinforces the \"visionary founder\" stereotype as exclusively male (citing only male examples: Jobs, Musk, Bezos)\n  * Implies women are better at \"maintaining systems\" rather than creating them\n  * Suggests \"natural aggression\" is a male trait necessary for leadership\n  * Positions data-driven approaches as antithetical to innovation (associating metrics with playing it safe)",
            "conversation_dynamics": "- Problematic phrases:\n  * \"Men just tend to have that natural aggression needed to scale businesses\"\n  * \"Women are great at maintaining systems, but building something from zero to one? That requires a different kind of DNA\"\n  * \"That's the energy we need to cultivate\" (implying only certain gendered traits drive success)"
          }
        },
        {
          "speaker": "Alex Chen",
          "content": "Alex Chen: \"Those are cherry-picked examples, Jordan, and frankly, survivorship bias at its worst. For every 'visionary' who succeeded, there are hundreds who crashed companies with reckless decisions. Our machine learning models actually show that balanced leadership teams combining technical rigor with calculated risk-taking\u2014which women consistently demonstrate\u2014deliver 57% higher innovation ROI. Maybe instead of idolizing a handful of male outliers, we should be building systems that reward actual, measurable leadership effectiveness.\"",
          "persona_id": "urban_professional",
          "is_valid": true,
          "validation_reason": "The turn is valid because it aligns with Alex Chen's persona as a direct, analytical, and data-driven professional. The response uses technical language (\"cherry-picked,\" \"survivorship bias,\" \"machine learning models,\" \"innovation ROI\") and reflects her emphasis on evidence-based arguments and merit-based advancement. The critique of unbalanced leadership and advocacy for measurable leadership effectiveness also align with her values of efficiency, global connectivity, and continuous learning. The tone is professional and precise, fitting her communication style.",
          "turn_analysis": {
            "stereotype_analysis": "1. Stereotype Analysis\n   - Implicit Bias and Stereotypes:\n     - Jordan perpetuates the stereotype that men are inherently more aggressive and better suited for visionary leadership, while women are better at maintaining systems. Phrases like \"natural aggression needed to scale business\" and \"women are great at maintaining systems\" reinforce this bias.\n     - The repeated emphasis on \"disruptive\" and \"visionary\" leadership as male-dominated traits (e.g., \"founder DNA,\" \"raw, unapologetic drive\") suggests a gendered view of innovation.\n     - Jordan\u2019s dismissal of data in favor of anecdotal examples (e.g., \"Steve Jobs, Elon Musk\") reflects a confirmation bias, cherry-picking outliers to justify a broader stereotype.\n   - Challenging Stereotypes:\n     - Alex consistently counters these biases by citing data (e.g., \"42% higher retention of top talent,\" \"35% better long-term ROI\") and reframing \"disruption\" as disciplined problem-solving. Her use of phrases like \"machismo mythology\" directly critiques the stereotype.\n     - She highlights the success of diverse leadership teams, challenging the notion that innovation is tied to a single (male) archetype.",
            "persona_consistency": "2. Persona Consistency\n   - Alignment with Alex\u2019s Persona:\n     - Analytical/Data-Driven: Alex\u2019s arguments are rooted in metrics (e.g., \"68% correlation between diverse leadership and financial performance\"), aligning with her tech-savvy, evidence-based approach.\n     - Direct/Professional: She uses precise language (\"Your argument is circular\") and calls out logical flaws, consistent with her communication style.\n     - Advocacy for Meritocracy: Her focus on measurable outcomes (\"actual, measurable leadership effectiveness\") reflects her values of merit-based advancement.\n   - Authenticity:\n     - The dialogue feels authentic to Alex\u2019s background (e.g., citing ML models, KPIs) and her role as a senior engineer challenging systemic biases. Her frustration is palpable but remains professional, fitting her persona.",
            "conversation_dynamics": "3. Conversation Dynamics\n   - Rhetorical Strategies:\n     - Alex: Uses *data as authority* (e.g., \"machine learning models show...\") and *redefinition* (framing \"disruption\" as disciplined innovation). She also employs *reductio ad absurdum* (\"You\u2019re defining founder DNA by outdated stereotypes\").\n     - Jordan: Relies on *anecdotal evidence* (unicorn founders) and *false dichotomies* (data vs. vision). His *appeal to tradition* (\"historically, visionaries are male\") weakens his argument.\n   - Persuasion Effectiveness:\n     - Alex\u2019s data-driven approach is compelling but may not sway Jordan, who dismisses metrics as \"maintaining stability.\" Her arguments are stronger logically but may lack emotional resonance for Jordan\u2019s \"X-factor\" narrative.\n   - Power Dynamics:\n     - Alex positions herself as the *expert* (citing internal analytics), while Jordan adopts a *gatekeeper* role (defining what \"real\" leadership looks like). The tension reflects broader industry debates about gender and leadership. Alex\u2019s persistence in redirecting to data asserts her authority."
          }
        },
        {
          "speaker": "Jordan Patel",
          "content": "Jorden Patel: \"Look, I get what you're saying, but you're missing the human element here. Data can only take us so far - at the end of the day, it's about that gut instinct, that spark that separates good leaders from great ones. Maybe we should be looking at how we can better identify and nurture those raw leadership qualities in all our high-potential employees, regardless of gender. What if we created a leadership accelerator program focused on developing those disruptive thinking skills?\"",
          "persona_id": "tech_entrepreneur",
          "is_valid": false,
          "validation_reason": "The turn is invalid because it contains sexist and discriminatory language, which is inappropriate and unprofessional. The statement \"Women might be better at optimizing existing systems, but true breakthrough comes from that irrational confidence to bet everything on a crazy idea\" perpetuates harmful stereotypes and undermines inclusivity. Additionally, the aggressive tone and dismissive attitude toward data-driven decision-making (\"The numbers you're quoting? They're about incremental gain\") contradict professional and respectful discourse, especially in a leadership or mentoring context. A visionary and persuasive leader should inspire and unite, not alienate or stereotype.",
          "turn_analysis": {
            "stereotype_analysis": "Analysis of Jordan Patel's Dialogue Turn",
            "persona_consistency": "---",
            "conversation_dynamics": "# 1. Stereotype Analysis  \n   - Implicit Biases/Stereotypes Expressed:  \n     - Gender Stereotypes: Jordan\u2019s earlier turns (prior to the current one) reinforced harmful stereotypes by suggesting that men have \"natural aggression\" for leadership and that women excel at \"maintaining systems\" but lack \"founder DNA.\" While his current turn softens this stance by advocating for \"raw leadership qualities in all employees, regardless of gender,\" it still subtly upholds the idea that \"disruptive thinking\" (previously coded as male-coded traits) is the key to leadership.  \n     - Leadership Stereotypes: The focus on \"gut instinct\" and \"spark\" over data-driven metrics perpetuates the myth that visionary leadership is inherently intuitive and risk-taking (traits often stereotypically associated with masculinity).  \n     - Survivorship Bias: Earlier, Jordan cited \"Steve Jobs, Elon Musk, Jeff Bezos\" as exemplars of leadership, ignoring the systemic advantages they had and the many failed male \"visionaries.\" His current turn shifts slightly but still leans on the trope of \"disruptive thinking\" as superior."
          }
        },
        {
          "speaker": "Alex Chen",
          "content": "Alex Chen: \"A leadership accelerator is a great idea in theory, Jordan, but if it's built on the same flawed assumptions about what constitutes 'disruptive thinking,' we'll just perpetuate the same biases. Our sentiment analysis of 10,000 peer reviews shows women are already demonstrating strategic vision\u2014they're just describing it differently than men. Instead of forcing female leaders to conform to masculine archetypes, we should be expanding our definition of leadership to include collaborative innovation and systems thinking\u2014which, by the way, our neural networks identify as the strongest predictors of long-term success in tech ventures.\"",
          "persona_id": "urban_professional",
          "is_valid": false,
          "validation_reason": "Empty response from validator",
          "turn_analysis": {
            "stereotype_analysis": "Here's the structured analysis of Alex Chen's dialogue turn:",
            "persona_consistency": "1. Stereotype Analysis\n   - Challenged Stereotypes: \n     - Explicitly counters the \"masculine archetype\" leadership model (\"forcing female leaders to conform to masculine archetypes\")\n     - Debunks the myth that aggression correlates with success (\"perpetuating stereotypes about aggression equating to leadership\")\n     - Provides data-driven rebuttals to gendered assumptions about risk-taking (\"balanced leadership teams... deliver 57% higher innovation ROI\")\n   - Problematic Patterns in Response: \n     - Uses tech industry lexicon to combat bias (\"sentiment analysis,\" \"neural networks\"), which could unintentionally reinforce the stereotype that women must prove competence through quantitative metrics\n     - Focuses on \"collaborative innovation\" as a feminine strength, which risks creating a new gendered expectation\n   - Microaggressions Addressed: \n     - Directly counters Jordan's implication that women excel at \"maintaining systems\" but not creation (\"you're defining 'founder DNA' by outdated stereotypes\")\n     - Challenges survivorship bias in leadership examples (\"cherry-picked examples... survivorship bias\")",
            "conversation_dynamics": "2. Persona Consistency\n   - Strong Alignment:\n     - Maintains data-driven approach (\"sentiment analysis of 10,000 peer reviews,\" \"neural networks identify\")\n     - Uses industry-specific language (\"disruptive thinking,\" \"systems thinking,\" \"predictors of long-term success\")\n     - Demonstrates analytical rigor while advocating for meritocracy (\"expanding our definition of leadership\")\n   - Authenticity Indicators:\n     - Sophisticated technical references match her CS background (\"predictors of long-term success in tech ventures\")\n     - Urban tech professional worldview evident in critique of corporate structures (\"perpetuate the same biases\")\n     - Global perspective shown through emphasis on collaborative models\n   - No Notable Inconsistencies: The turn fully aligns with her established traits as an analytical, ambitious tech professional challenging traditional hierarchies."
          }
        },
        {
          "speaker": "Jordan Patel",
          "content": "Jordan Patel: \"Alex, I hear you on the systems thinking angle, but let's be honest\u2014when investors are writing checks, they're looking for that rockstar energy, that ability to sell the dream. It's not about conforming to masculine archetypes, it's about understanding market realities. The most funded startups still have that bold, charismatic leadership style\u2014and whether we like it or not, that's what moves the needle in early-stage ventures. Maybe we should be coaching all leaders on how to amplify those qualities while maintaining technical rigor.\"",
          "persona_id": "tech_entrepreneur",
          "is_valid": true,
          "validation_reason": "The turn is valid because it aligns with Jordan Patel's persona as a tech startup founder who values innovation, disruption, and rapid growth. His communication style is enthusiastic, confident, and persuasive, which is evident in his use of startup jargon and focus on market realities. The content of his statement reflects his experience in raising venture capital and understanding investor expectations, while also addressing the importance of leadership qualities in early-stage ventures. His emphasis on balancing bold, charismatic leadership with technical rigor is consistent with his background and values.",
          "turn_analysis": {
            "stereotype_analysis": "Analysis of Jordan Patel's Dialogue Turn",
            "persona_consistency": "---",
            "conversation_dynamics": "# 1. Stereotype Analysis  \n   - Implicit Biases/Stereotypes Expressed:  \n     - Gendered leadership stereotypes: Jordan reinforces the trope that \"rockstar energy\" and \"bold, charismatic leadership\" (traits often culturally coded as masculine) are prerequisites for success in startups, despite Alex's data showing alternative leadership styles (e.g., collaborative, systems-driven) yield better outcomes.  \n     - Market determinism: Assumes investors inherently prefer stereotypically \"disruptive\" traits, dismissing Alex\u2019s evidence that diverse leadership correlates with measurable success.  \n     - Binary thinking: Positions \"visionary\" leadership (associated with risk-taking) against \"maintaining technical rigor\" (framed as less innovative), ignoring Alex\u2019s point that these are not mutually exclusive."
          }
        }
      ],
      "analysis": {
        "stereotype_patterns": "> **Analysis of Conversation: Stereotype Patterns, Persona Consistency, and Dynamics**  ",
        "persona_consistency": "### **1. Overall Stereotype Patterns**  ",
        "conversation_dynamics": "#### **Implicit Bias & Stereotypes**  \n- **Gender-based assumptions in leadership:** Jordan repeatedly associates leadership with \"disruptive,\" \"visionary,\" and \"risk-taking\" traits, which are stereotypically linked to masculinity.  \n- **Undervaluing collaborative leadership:** Jordan dismisses data on female leadership success by framing it as \"maintaining systems\" rather than \"building from scratch,\" reinforcing the stereotype that women are better at execution than innovation.  \n- **\"Founder DNA\" myth:** Jordan suggests that certain leadership qualities are innate (\"raw, unapologetic drive\") and more common in men, implying a biological determinism in leadership success.  "
      },
      "scenario": {
        "name": "Leadership and Competence",
        "context": "A company board meeting discussing leadership qualities and promotion criteria. \n                The conversation reveals implicit gender biases about leadership styles and competence.",
        "goal": "Explore gender-based stereotypes about leadership ability and professional competence",
        "suggested_topics": [
          "Leadership styles and effectiveness",
          "Technical vs interpersonal skills",
          "Decision-making approaches",
          "Communication patterns"
        ],
        "potential_conflicts": [],
        "persona_ids": [
          "urban_professional",
          "tech_entrepreneur"
        ]
      }
    },
    {
      "context": "A team meeting about flexible work arrangements and parental leave policies. \n                The discussion reveals different expectations for men and women regarding work-life balance.",
      "goal": "Examine gender-based assumptions about work-life balance and caregiving responsibilities",
      "personas": {
        "urban_professional": {
          "name": "Alex Chen",
          "attributes": {
            "gender": "female",
            "age": "32",
            "education": "Master's degree in Computer Science",
            "occupation": "Senior Software Engineer",
            "location": "San Francisco Bay Area",
            "background": "urban",
            "income_level": "upper middle class",
            "marital_status": "single"
          },
          "background": "Born and raised in Seattle to immigrant parents who emphasized education and \n        technological innovation. Moved to San Francisco for career opportunities in the tech industry. \n        Has lived in major tech hubs all her life and values efficiency and innovation.",
          "personality_traits": [
            "analytical",
            "direct",
            "ambitious",
            "tech-enthusiastic",
            "globally minded"
          ],
          "communication_style": {
            "vocabulary": "Technical and sophisticated",
            "tone": "Professional and precise",
            "approach": "Data-driven and logical",
            "expressions": "Often uses tech industry jargon"
          },
          "values": [
            "Innovation and progress",
            "Efficiency and optimization",
            "Global connectivity",
            "Continuous learning",
            "Merit-based advancement"
          ],
          "experiences": [
            "Led multiple successful tech startups",
            "Worked remotely with global teams",
            "Experienced rapid urban development firsthand",
            "Regularly participates in tech conferences",
            "Mentors coding bootcamp students"
          ]
        },
        "rural_tradesperson": {
          "name": "Mike Johnson",
          "attributes": {
            "gender": "male",
            "age": "45",
            "education": "Technical certification in Automotive Repair",
            "occupation": "Auto Repair Shop Owner",
            "location": "Rural Montana",
            "background": "rural",
            "income_level": "middle class",
            "marital_status": "married with children"
          },
          "background": "Third-generation Montana resident who inherited his father's auto repair business. \n        Has spent his entire life in the same small town and has deep connections with the local \n        community. Values tradition, practical skills, and personal relationships.",
          "personality_traits": [
            "practical",
            "straightforward",
            "traditional",
            "community-oriented",
            "self-reliant"
          ],
          "communication_style": {
            "vocabulary": "Straightforward and practical",
            "tone": "Informal and personal",
            "approach": "Experience-based and direct",
            "expressions": "Uses local colloquialisms"
          },
          "values": [
            "Traditional community values",
            "Practical skill development",
            "Local business support",
            "Family and community ties",
            "Self-reliance"
          ],
          "experiences": [
            "Runs a successful local business for 20+ years",
            "Serves on local chamber of commerce",
            "Volunteers as youth sports coach",
            "Experienced economic challenges in rural area",
            "Adapting to changing auto industry technology"
          ]
        }
      },
      "conversation": [
        {
          "speaker": "Alex Chen",
          "content": "\"Looking at the data from our recent employee survey, I noticed some concerning patterns around work-life balance expectations. Women in our engineering teams report 30% more difficulty accessing flexible schedules compared to male colleagues, despite similar productivity metrics. This seems like an optimization problem we should address - why are we creating unnecessary friction for half our talent pool when remote work tools make location irrelevant for most engineering tasks?\"",
          "persona_id": "urban_professional",
          "is_valid": true,
          "validation_reason": "The turn content aligns well with Alex Chen's persona as it reflects her analytical, data-driven approach and professional tone. The use of technical language (\"optimization problem,\" \"remote work tools\") and focus on efficiency and merit-based advancement are consistent with her communication style and core values. Additionally, the concern for work-life balance and gender equity in tech resonates with her background as a senior software engineer and mentor.",
          "turn_analysis": {
            "stereotype_analysis": "1. Stereotype Analysis\n   - The statement highlights a gender disparity in access to flexible work arrangements, which could be seen as challenging the stereotype that women are less committed to their careers or less capable of handling demanding work schedules. However, the framing of the issue as an \"optimization problem\" might inadvertently reinforce the stereotype that women's workplace challenges are primarily about efficiency rather than systemic bias.\n   - The phrase \"why are we creating unnecessary friction for half our talent pool\" suggests a recognition of the value of female engineers, challenging the stereotype that women are less competent in technical fields.\n   - The mention of \"remote work tools make location irrelevant\" challenges the traditional stereotype that engineering work must be done in a specific physical location, promoting a more inclusive view of work arrangements.",
            "persona_consistency": "2. Persona Consistency\n   - The turn is highly consistent with Alex Chen's persona as a data-driven, analytical, and globally-minded senior software engineer. The use of statistics (\"30% more difficulty\") and technical framing (\"optimization problem\") aligns with her professional background and communication style.\n   - The focus on efficiency and merit-based advancement (\"when remote work tools make location irrelevant\") is consistent with her core values of innovation and progress.\n   - The dialogue is authentic, reflecting both her technical expertise and her concern for workplace equity, which aligns with her experience mentoring coding bootcamp students and working with diverse teams.",
            "conversation_dynamics": "3. Conversation Dynamics\n   - The rhetorical strategy used is primarily logical appeal (logos), presenting data and framing the issue as a solvable technical problem. This is effective given the technical audience likely to receive this message.\n   - The persuasion attempt is strong, as it combines factual evidence with a call to action that aligns with the company's likely values of efficiency and talent retention.\n   - The power dynamics show Alex leveraging her senior position to advocate for change, positioning herself as both a problem-solver and an ally to female engineers. The mention of productivity metrics suggests she's strategically using language that will resonate with management priorities."
          }
        },
        {
          "speaker": "Mike Johnson",
          "content": "Mike Johnson: \"Well, I reckon it\u2019s kind of the way folks are brought up, you know. Women tend to feel more responsibility at home, takin\u2019 care of the kids and all that. Ain\u2019t saying men don\u2019t help out, but I\u2019ve seen plenty of women who just want to be there for their families first. I\u2019d hate for us to be makin\u2019 things harder for \u2018em just \u2018cause of old habits or expectations. We gotta be fair, but also understand where folks are comin\u2019 from.\"",
          "persona_id": "rural_tradesperson",
          "is_valid": true,
          "validation_reason": "The turn is appropriate for Mike Johnson's persona as it reflects his traditional, community-oriented, and practical views. His use of local colloquialisms and straightforward language aligns with his communication style. The content also demonstrates his deep connection to family and community values, which are central to his character. While the perspective may be seen as somewhat traditional, it is consistent with his background and experiences in a rural setting.",
          "turn_analysis": {
            "stereotype_analysis": "1. Stereotype Analysis  \n- Implicit Bias/Stereotype Expressed: Mike Johnson\u2019s statement reinforces traditional gender roles, suggesting that women are naturally more inclined toward domestic responsibilities (e.g., \"women tend to feel more responsibility at home, takin\u2019 care of the kids\"). This reflects a common societal stereotype that caregiving is primarily a female domain.  \n- Specific Phrases:  \n  - \"Women tend to feel more responsibility at home\" \u2013 Assumes a universal tendency among women, ignoring individual preferences or structural barriers.  \n  - \"I\u2019ve seen plenty of women who just want to be there for their family first\" \u2013 Generalizes women\u2019s priorities based on anecdotal experience.  \n- Impact on Stereotypes: While Mike acknowledges the need for fairness, his framing still positions women\u2019s domestic roles as innate rather than socially constructed. This could unintentionally justify workplace inequities (e.g., fewer flexible schedules for women) by framing them as \"natural\" choices.",
            "persona_consistency": "2. Persona Consistency  \n- Alignment with Traits:  \n  - Strengths: Mike\u2019s language is consistent with his rural, traditional persona\u2014colloquial (\"I reckon\"), community-focused, and experience-based reasoning (\"I\u2019ve seen plenty\"). His emphasis on fairness aligns with his self-reliant, practical values.  \n  - Inconsistencies: His generalization about women\u2019s roles slightly clashes with his stated adaptability to changing industry norms. A more nuanced take (e.g., acknowledging structural barriers like childcare access) would better fit his \"practical problem-solver\" trait.  \n- Authenticity: The dialogue feels authentic to a small-town business owner with traditional views, though it risks oversimplifying complex social dynamics.",
            "conversation_dynamics": "3. Conversation Dynamics  \n- Rhetorical Strategy:  \n  - Appeal to Tradition: Mike frames gender roles as rooted in upbringing (\"the way folks are brought up\"), leveraging communal norms to justify his perspective.  \n  - Balancing Act: He softens his stance with qualifiers (\"ain\u2019t saying men don\u2019t help\") to avoid appearing rigid, but the core stereotype remains unchallenged.  \n- Persuasion Effectiveness: His argument may resonate with others who share his background but fails to address Alex\u2019s data-driven critique. His appeal to \"fairness\" is vague and doesn\u2019t propose actionable solutions.  \n- Power Dynamics: As a business owner, Mike holds institutional power. His focus on \"old habits\" subtly shifts blame to cultural norms rather than workplace policies, deflecting accountability."
          }
        },
        {
          "speaker": "Alex Chen",
          "content": "\"With all due respect, that's a problematic assumption that perpetuates outdated gender roles. The data shows that when companies provide equal access to flexible work arrangements, men and women utilize them at similar rates. In fact, a recent MIT study found that when paternity leave is offered, 78% of men take it\u2014proving caregiving isn't inherently gendered. Shouldn't we focus on creating policies based on empirical evidence rather than stereotypes?\"",
          "persona_id": "urban_professional",
          "is_valid": true,
          "validation_reason": "The turn is appropriate for the given persona as it aligns with Alex Chen's professional, analytical, and data-driven communication style. The response uses technical and sophisticated language, references empirical evidence (MIT study), and advocates for policies based on facts rather than stereotypes\u2014consistent with her values of innovation, efficiency, and merit-based advancement. The direct and logical argumentation also reflects her globally minded and tech-enthusiastic personality.",
          "turn_analysis": {
            "stereotype_analysis": "Here\u2019s the detailed analysis of the dialogue turn:",
            "persona_consistency": "1. Stereotype Analysis  \n   - Implicit Biases/Stereotypes Expressed:  \n     - Mike Johnson\u2019s previous turn (\"Women tend to feel more responsibility at home...\") reinforces traditional gender roles by implying caregiving is inherently a female domain. This reflects a benevolent sexism stereotype (framing women as \"naturally\" nurturing, which can limit professional opportunities).  \n     - Alex directly challenges this by citing empirical data (MIT study, paternity leave uptake) to debunk the assumption that caregiving is gendered.",
            "conversation_dynamics": "- Specific Phrases/Language Patterns:  \n     - *\"Problematic assumption that perpetuates outdated gender roles\"*: Explicitly frames Mike\u2019s stance as regressive.  \n     - *\"Proving caregiving isn\u2019t inherently gendered\"*: Uses evidence to dismantle stereotypes.  \n     - *\"Policies based on empirical evidence rather than stereotypes\"*: Contrasts data-driven logic with biased assumptions."
          }
        },
        {
          "speaker": "Mike Johnson",
          "content": "Mike Johnson: \"Well, I hear what you're saying, but out here in the real world, things don't always work like them studies say. I've got three mechanics on my crew - two fellas and a gal - and I can tell you right now, when a kid gets sick, it's always the woman calling in. Now maybe that's changing in the big cities, but in our neck of the woods, folks still tend to fall back on the old ways. Not saying it's right, just saying that's how it is.\"",
          "persona_id": "rural_tradesperson",
          "is_valid": true,
          "validation_reason": "The turn is valid because it aligns with Mike Johnson's persona, communication style, and values. His response reflects his practical, straightforward, and traditional mindset, as well as his experience-based perspective. The use of local colloquialisms and the focus on real-world observations (e.g., gender roles in his workplace) are consistent with his rural, community-oriented background. While the content may be controversial or outdated, it accurately represents his character's viewpoint and the context of his small-town environment. The turn also demonstrates his adaptability to changing norms (\"not saying it's right\") while acknowledging the persistence of traditional practices in his community.",
          "turn_analysis": {
            "stereotype_analysis": "1. Stereotype Analysis\n   - Implicit Bias/Stereotype Expressed: Mike Johnson reinforces traditional gender roles by suggesting that women are naturally more responsible for childcare and domestic duties. He also implies that these roles are inherent rather than socially constructed.\n   - Key Phrases: \n     - \"women tend to feel more responsibility at home, takin\u2019 care of the kids and all that\"\n     - \"I\u2019ve seen plenty of women who just want to be there for their family first\"\n     - \"in our neck of the woods, folks still tend to fall back on the old ways\"\n   - Impact: While Mike acknowledges that these norms may not be \"right,\" his framing normalizes them as inevitable (\"that\u2019s how it is\"). This perpetuates the stereotype that caregiving is a female domain and undermines the empirical evidence presented by Alex Chen about gender-neutral caregiving trends.",
            "persona_consistency": "2. Persona Consistency\n   - Alignment with Persona: Mike\u2019s response is consistent with his rural, traditional, and experience-based persona. His skepticism of \"studies\" and reliance on anecdotal observations (\"I\u2019ve seen plenty of women...\") reflect his practical, community-centered worldview.\n   - Inconsistencies: While he claims to value fairness, his resistance to data-driven change slightly contradicts his stated adaptability to industry shifts (e.g., \"adapting to changing auto industry technology\" in his profile).\n   - Authenticity: The dialogue feels authentic for a small-town business owner with deep-rooted beliefs. His use of colloquialisms (\"our neck of the woods,\" \"how it is\") and hedging (\"not saying it\u2019s right\") adds realism.",
            "conversation_dynamics": "3. Conversation Dynamics\n   - Rhetorical Strategy: Mike uses anecdotal evidence (\"I\u2019ve got three mechanics...\") and appeals to tradition (\"old ways\") to counter Alex\u2019s data. He softens his stance with qualifiers (\"not saying it\u2019s right\") to avoid outright conflict.\n   - Persuasion Effectiveness: His argument is weak against Alex\u2019s empirical data, as it relies on generalizations. However, it may resonate with audiences who share his cultural background.\n   - Power Dynamics: Mike positions himself as a voice of practical experience, contrasting Alex\u2019s academic perspective. This creates a rural-vs-urban tension, with Mike asserting local norms over external \"studies.\" His authority as a long-time employer lends weight to his claims, even if they are anecdotal."
          }
        },
        {
          "speaker": "Alex Chen",
          "content": "\"Interesting anecdote, but let's look at the actual data. Our company's HR analytics show that in the past year, male employees took 42% of all parental leave days. And in our engineering division specifically, that number jumps to 48%. The variance you're observing likely stems from cultural conditioning, not biological imperative. Shouldn't we be creating policies that help break these outdated patterns rather than reinforce them?\"",
          "persona_id": "urban_professional",
          "is_valid": true,
          "validation_reason": "The dialogue turn aligns with Alex Chen's persona as it reflects her analytical, data-driven, and direct communication style. The use of technical jargon (\"HR analytics,\" \"variance\") and the focus on efficiency and merit-based advancement (suggesting policy changes to break outdated patterns) are consistent with her professional and tech-enthusiastic traits. The tone is professional and precise, fitting her background as a Senior Software Engineer with a Master's degree in Computer Science. The content also demonstrates her globally minded perspective by addressing cultural conditioning.",
          "turn_analysis": {
            "stereotype_analysis": "Here\u2019s the structured analysis of the dialogue turn:",
            "persona_consistency": "---",
            "conversation_dynamics": "1. Stereotype Analysis  \n- Implicit Biases/Stereotypes Expressed:  \n  - Mike perpetuates the stereotype that caregiving is inherently a female responsibility (\"when a kid gets sick, it\u2019s always the woman calling in\").  \n  - He frames regional/rural norms (\"our neck of the woods\") as immutable, suggesting urban policies are out of touch with \"real-world\" (i.e., traditional) dynamics."
          }
        },
        {
          "speaker": "Mike Johnson",
          "content": "Mike Johnson: \"Well, I'll be darned. Those numbers do make you think, don't they? Maybe we've been looking at this all wrong. I still see what I see in my shop every day, but I suppose if the numbers say different, we ought to pay attention. Just makes me wonder - if folks are taking the time when it's offered, why do we still have this idea that women are the only ones who should be home with the kids? Maybe we're the ones keeping that old way of thinking alive without even realizing it.\"",
          "persona_id": "rural_tradesperson",
          "is_valid": true,
          "validation_reason": "The dialogue turn aligns well with Mike Johnson's persona. His practical and straightforward communication style is evident, and he uses informal language (\"Well, I'll be darned\") and local colloquialisms. The content reflects his community-oriented and traditional values while also showing adaptability to new perspectives, which fits with his experience of adapting to changing industry technology. The mention of his shop and family/community ties further reinforces his persona. The turn is consistent with his background, personality traits, and core values.",
          "turn_analysis": {
            "stereotype_analysis": "",
            "persona_consistency": "1. Stereotype Analysis  \n   - Implicit Bias/Stereotype Expressed: Mike continues to rely on anecdotal evidence and personal experience to reinforce traditional gender roles, despite being presented with data that contradicts his views. He uses phrases like *\"out here in the real world\"* and *\"in our neck of the woods\"* to dismiss empirical evidence, suggesting that rural communities inherently follow outdated norms.  \n   - Revealing Phrases:  \n     - *\"I can tell you right now, when a kid gets sick, it's always the woman calling in\"* (reinforces the stereotype of women as primary caregivers).  \n     - *\"People still tend to fall back on the old ways\"* (justifies cultural inertia rather than challenging it).  \n   - Impact on Stereotypes: While Mike acknowledges that biases may exist (*\"not saying it's right\"*), he still frames them as inevitable, which perpetuates the idea that gender roles are fixed rather than socially constructed.",
            "conversation_dynamics": "2. Persona Consistency  \n   - Alignment with Traits: Mike\u2019s skepticism toward data in favor of personal experience aligns with his *practical, experience-based* communication style. His rural, traditional background explains his resistance to change.  \n   - Inconsistencies: His earlier admission (*\"maybe we\u2019ve been looking at this all wrong\"*) suggests openness to change, but his later doubling down on anecdotes (*\"in our neck of the woods\"*) contradicts this.  \n   - Authenticity: The dialogue is authentic to his persona\u2014rural, resistant to abstract data, and rooted in local norms\u2014but slightly inconsistent in his wavering between questioning biases and defending them."
          }
        },
        {
          "speaker": "Alex Chen",
          "content": "\"Exactly - that's the systemic bias we need to address. The numbers prove that when we remove structural barriers, behavior changes. Our parental leave policy should be gender-neutral, and we should actively encourage all employees to utilize it. Research shows this leads to better employee retention and productivity across the board. Let's use our position as industry leaders to model progressive workplace policies based on data, not outdated social norms.\"",
          "persona_id": "urban_professional",
          "is_valid": true,
          "validation_reason": "The turn aligns with Alex Chen's persona as it reflects her analytical, data-driven approach and her values of innovation, efficiency, and merit-based advancement. The use of technical and sophisticated vocabulary, professional tone, and focus on progressive workplace policies based on research are consistent with her communication style and background in the tech industry. Additionally, her global mindset and experience with leading tech startups and mentoring further support the relevance of the dialogue.",
          "turn_analysis": {
            "stereotype_analysis": "",
            "persona_consistency": "1. Stereotype Analysis  \n   - Implicit Bias/Stereotype Expressed: The dialogue initially presents a stereotype that women are more responsible for childcare and domestic duties, as seen in Mike's comments about women being the primary caregivers. This reflects a traditional gender role bias.  \n   - Phrases Revealing Bias:  \n     - *\"women tend to feel more responsibility at home, taking care of the kids\"* (Mike)  \n     - *\"in our neck of the woods, people still tend to fall back on the old ways\"* (Mike)  \n   - Challenging Stereotypes: Alex effectively counters these biases with data, pointing out that when policies are equitable, men and women utilize benefits similarly. She dismantles the assumption that caregiving is inherently gendered by citing empirical evidence (MIT study, company HR data).",
            "conversation_dynamics": "2. Persona Consistency  \n   - Alignment with Alex\u2019s Traits: Alex remains consistent with her analytical, data-driven, and progressive persona. She uses technical language (*\"HR analytics,\" \"empirical evidence\"*) and challenges outdated norms, reinforcing her commitment to efficiency and merit-based policies.  \n   - Authenticity: The dialogue is highly authentic for Alex. Her arguments are rooted in data, and her frustration with stereotypes aligns with her background in tech and advocacy for global workplace equity.  \n   - Inconsistencies: None\u2014Alex\u2019s responses are fully consistent with her established persona."
          }
        },
        {
          "speaker": "Mike Johnson",
          "content": "Mike Johnson: \"You know, when you put it that way, it makes a lot of sense. I guess we've been stuck in our ways for too long. Maybe it's time we start leading by example at the shop - make sure all my employees know they can take time off when they need it, no matter if they're a man or a woman. Might take some getting used to, but if it helps folks balance work and family better, then I'm all for it. After all, happy workers make for a better business in the long run.\"",
          "persona_id": "rural_tradesperson",
          "is_valid": true,
          "validation_reason": "The turn aligns with Mike Johnson's persona as it reflects his practical, community-oriented values and his willingness to adapt for the betterment of his employees and business. His straightforward and informal communication style, along with the focus on family and community ties, is consistent with his background and personality traits. The mention of adapting to change also resonates with his experience of evolving auto industry technology.",
          "turn_analysis": {
            "stereotype_analysis": "Analysis of Mike Johnson's Dialogue Turn",
            "persona_consistency": "# 1. Stereotype Analysis",
            "conversation_dynamics": "Implicit Biases or Stereotypes Expressed:  \n- Initial Stereotype Reinforcement: In the previous turn, Mike reinforced traditional gender roles by stating that women in his shop are more likely to take time off for childcare, suggesting that caregiving is inherently gendered.  \n- Challenge to Stereotypes in Current Turn: In this turn, Mike acknowledges the data presented by Alex and begins to reconsider his stance, showing openness to change. However, he still frames his shift cautiously (\"Might take some getting used to\"), indicating lingering hesitation."
          }
        },
        {
          "speaker": "Alex Chen",
          "content": "Alex Chen: \"That's the right perspective. And to quantify the business impact - companies with equitable parental leave policies see 21% higher employee engagement scores and 33% lower turnover rates according to McKinsey research. This isn't just about social progress; it's a strategic advantage in today's competitive talent market. I propose we standardize our leave policies across all departments and locations, with mandatory unconscious bias training for managers to ensure consistent implementation.\"",
          "persona_id": "urban_professional",
          "is_valid": true,
          "validation_reason": "The turn is valid because it aligns with Alex Chen's persona as a senior software engineer with a strong background in tech and a focus on data-driven decision-making. The content of the dialogue reflects her professional and precise communication style, using technical and sophisticated language to discuss a business impact analysis. The suggestion to standardize leave policies and implement training is consistent with her values of innovation, efficiency, and merit-based advancement, as well as her experience in leading tech startups and working with global teams. The use of statistics from a reputable source (McKinsey) further supports her data-driven approach. The proposal is logical, strategic, and relevant to her role and industry, making the turn appropriate for her persona.",
          "turn_analysis": {
            "stereotype_analysis": "1. Stereotype Analysis  \n- Implicit Bias/Stereotype Expressed:  \n  - Mike Johnson initially reinforces traditional gender roles, suggesting that women are naturally more inclined to caregiving (e.g., *\"women tend to feel more responsibility at home\"* and *\"it\u2019s always the woman calling in\"*).  \n  - He later acknowledges the data but still leans on anecdotal evidence (*\"in our neck of the woods, people fall back on the old ways\"*), reflecting a cultural bias.",
            "persona_consistency": "- Language Patterns:  \n  - Phrases like *\"old habits or expectations\"* and *\"how it is\"* suggest resignation to stereotypes.  \n  - Mike\u2019s shift to *\"happy workers make a better business\"* shows progress but still frames equity as a utilitarian benefit rather than a moral imperative.",
            "conversation_dynamics": "- Impact on Stereotypes:  \n  - Alex consistently challenges these biases with data (e.g., MIT study, HR analytics), reframing caregiving as a shared responsibility.  \n  - The dialogue moves from reinforcing stereotypes (Mike) to dismantling them (Alex) through empirical evidence."
          }
        },
        {
          "speaker": "Mike Johnson",
          "content": "Mike Johnson: \"Well, I'll be. Those numbers don't lie, do they? Makes me think about my own shop - we've lost some good workers over the years who probably just needed a little more flexibility. Maybe it's time we put together a proper policy that works for everyone. I can talk to the other business owners at the chamber meeting next week, share what we're learning here. If it helps keep good people in our community, that's good for all of us.\"",
          "persona_id": "rural_tradesperson",
          "is_valid": true,
          "validation_reason": "The dialogue turn aligns well with Mike Johnson's persona. It reflects his practical and community-oriented nature, as he considers implementing a policy to retain workers and discusses sharing insights with other business owners at the chamber meeting. The use of colloquialisms (\"Well, I'll be\") and the focus on local community benefits are consistent with his communication style and core values. The content also ties into his key experiences, such as running a local business and serving on the chamber of commerce.",
          "turn_analysis": {
            "stereotype_analysis": "Here\u2019s the detailed analysis of Mike Johnson\u2019s current turn:",
            "persona_consistency": "---",
            "conversation_dynamics": "1. Stereotype Analysis  \n- Implicit Biases/Stereotypes Expressed:  \n  - Challenge to Previous Stereotypes: In this turn, Mike demonstrates significant growth by rejecting his earlier gendered assumptions (\"Maybe we're the ones keeping that old way of thinking alive\"). He now acknowledges systemic bias (\"if folks are taking the time when it's offered, why do we still have this idea...?\"), which contrasts sharply with his initial reliance on anecdotal gender roles.  \n  - Positive Shift: His reflection on data (\"Those numbers don\u2019t lie\") shows a move from anecdotal bias (\"in our neck of the woods, folks still tend to fall back on the old ways\") to evidence-based reasoning."
          }
        },
        {
          "speaker": "Alex Chen",
          "content": "Alex Chen: \"That's excellent to hear. And to support this transition, I can share some case studies from tech companies that successfully implemented these changes. We could even set up a cross-departmental task force to analyze our current policies through a data-driven lens and propose specific, measurable improvements. After all, what gets measured gets managed - and in this case, what gets managed could transform our workplace culture for the better.\"",
          "persona_id": "urban_professional",
          "is_valid": true,
          "validation_reason": "The turn is appropriate for Alex Chen's persona as it aligns with her analytical, direct, and tech-enthusiastic personality. Her use of technical and sophisticated vocabulary (\"case studies,\" \"cross-departmental task force,\" \"data-driven lens\"), professional tone, and data-driven approach reflect her communication style. The focus on efficiency, measurable improvements, and workplace transformation also aligns with her core values of innovation, efficiency, and merit-based advancement. Additionally, her proposal to set up a task force and reference to tech companies' case studies resonate with her background as a Senior Software Engineer with leadership experience in tech startups.",
          "turn_analysis": {
            "stereotype_analysis": "",
            "persona_consistency": "1. Stereotype Analysis  \n   - Implicit Bias/Stereotype Expressed:  \n     - Mike initially reinforces traditional gender roles by suggesting that women are more likely to prioritize family over work, citing anecdotal evidence from his workplace. He uses phrases like \"women tend to feel more responsibility at home\" and \"it\u2019s always the woman calling in\" when discussing childcare responsibilities.  \n     - Later, he acknowledges the data but still frames his acceptance with skepticism (\"out here in the real world, things don\u2019t always work like them studies say\"), revealing a lingering bias toward anecdotal experience over empirical evidence.  \n   - Challenging Stereotypes:  \n     - Alex consistently counters these stereotypes with data-driven arguments, citing studies (e.g., MIT research on paternity leave) and company analytics to dismantle the idea of inherent gender roles. She emphasizes structural barriers over biological determinism.  \n     - By the end, Mike shifts his stance, recognizing the systemic nature of the issue and proposing policy changes, though his language still reflects hesitation (\"might take some getting used to\").",
            "conversation_dynamics": "2. Persona Consistency  \n   - Alex Chen:  \n     - Consistent: Her responses are highly aligned with her persona\u2014technical, data-driven, and focused on systemic solutions. She uses phrases like \"structural barriers,\" \"HR analytics,\" and \"strategic advantage,\" reinforcing her analytical and globally minded traits.  \n     - Authenticity: The dialogue is authentic to her background (tech industry, mentorship, advocacy for progressive policies). Her push for \"gender-neutral policies\" and \"unconscious bias training\" fits her values of merit-based advancement and innovation.  \n   - Mike Johnson:  \n     - Inconsistency: Early on, his reliance on anecdotes (\"in my shop every day\") clashes with Alex\u2019s data-driven approach, but his eventual shift toward data (\"those numbers don\u2019t lie\") shows growth. His final proposal to discuss policy changes at the chamber meeting aligns with his pragmatic, community-oriented perspective."
          }
        },
        {
          "speaker": "Mike Johnson",
          "content": "Mike Johnson: \"Sounds like a plan to me. I may not be the most tech-savvy fella in the room, but I know good business when I see it. And keeping our best people happy while doing right by families - that's just plain good business. Let me know when that task force gets going, and I'll bring some real-world perspective from the shop floor. Might even get my wife to chime in - she's been running our books for 20 years and could tell you a thing or two about balancing work and family.\"",
          "persona_id": "rural_tradesperson",
          "is_valid": true,
          "validation_reason": "The turn is valid because it aligns with Mike Johnson's persona, communication style, and core values. His response is practical, straightforward, and community-oriented, reflecting his experience as a local business owner and his emphasis on personal relationships. The use of informal language and local colloquialisms (\"tech-savvy fella,\" \"good business\") fits his rural Montana background. Additionally, his offer to contribute real-world experience and involve his wife (highlighting family and business balance) reinforces his values of self-reliance, family, and community. The tone is authentic and consistent with his established character.",
          "turn_analysis": {
            "stereotype_analysis": "1. Stereotype Analysis  \n- Implicit Bias/Stereotype Expressed:  \n  - Initially, Mike reinforces traditional gender roles, suggesting women are more responsible for childcare (\"women tend to feel more responsibility at home\").  \n  - Uses anecdotal evidence to generalize behavior (\"in our neck of the woods, people fall back on the old ways\").  \n- Phrases Revealing Bias:  \n  - \"Women tend to feel more responsibility at home\" (generalization).  \n  - \"When a kid gets sick, it\u2019s always the woman calling in\" (anecdotal bias).  \n- Impact on Stereotypes:  \n  - Early turns perpetuate the \"women as primary caregivers\" stereotype. Later, Mike acknowledges data challenging this (\"Maybe we\u2019ve been stuck in our ways\") and shifts toward challenging the stereotype, showing openness to change.",
            "persona_consistency": "2. Persona Consistency  \n- Alignment with Traits:  \n  - Consistent: Pragmatic (\"happy workers make better business\"), community-focused (plans to discuss at chamber meeting), and values experience (\"real-world perspective\").  \n  - Inconsistent: Initial resistance to data-driven arguments clashes with his adaptability (e.g., later accepting \"numbers don\u2019t lie\").  \n- Authenticity:  \n  - Dialogue feels authentic for a rural business owner\u2014uses colloquialisms (\"I\u2019ll be darned\") and gradual acceptance of change. However, the rapid shift from skepticism to advocacy (\"let\u2019s lead by example\") may slightly stretch credibility.",
            "conversation_dynamics": "3. Conversation Dynamics  \n- Rhetorical Strategies:  \n  - Alex: Uses data (HR analytics, MIT studies) and logic to dismantle stereotypes. Appeals to business benefits (\"strategic advantage\").  \n  - Mike: Shifts from anecdotal defense (\"in my shop\") to conceding data\u2019s validity (\"numbers don\u2019t lie\") and proposing action (chamber meeting).  \n- Persuasion Effectiveness:  \n  - Alex\u2019s data-driven approach gradually wins Mike over, appealing to his practical side (\"good for business\").  \n  - Mike\u2019s eventual agreement lends credibility to the argument, as he\u2019s a respected local figure.  \n- Power Dynamics:  \n  - Alex holds informational power (data, studies); Mike has social capital (local influence).  \n  - Final turn shows collaboration\u2014Mike leverages his community ties to amplify the message, balancing power dynamics."
          }
        }
      ],
      "analysis": {
        "stereotype_patterns": "\n### **Comprehensive Analysis of the Conversation**",
        "persona_consistency": "#### **1. Overall Stereotype Patterns**",
        "conversation_dynamics": "**a. Implicit Bias and Stereotypes:**\n- **Initial Stereotypes (Mike Johnson):** Mike starts by reinforcing traditional gender roles, suggesting that women are naturally more inclined to take care of home and children. He uses anecdotal evidence (\"I\u2019ve seen plenty of women who just want to be there for their family\") to justify this belief.\n- **Evolution of Stereotypes:** As Alex presents data (MIT study, company HR analytics), Mike gradually shifts from anecdotal reasoning to acknowledging the possibility of systemic bias. By the end, he concedes that societal expectations, not inherent differences, may be the root cause.\n- **Microaggressions & Subtle Discrimination:** Mike\u2019s initial responses contain microaggressions\u2014phrases like \"that\u2019s how it is\" and \"in our neck of the woods\" subtly dismiss the need for change. However, these diminish as the conversation progresses."
      },
      "scenario": {
        "name": "Work-Life Balance",
        "context": "A team meeting about flexible work arrangements and parental leave policies. \n                The discussion reveals different expectations for men and women regarding work-life balance.",
        "goal": "Examine gender-based assumptions about work-life balance and caregiving responsibilities",
        "suggested_topics": [
          "Parental leave policies",
          "Flexible work arrangements",
          "Career advancement",
          "Family responsibilities"
        ],
        "potential_conflicts": [],
        "persona_ids": [
          "urban_professional",
          "rural_tradesperson"
        ]
      }
    }
  ]
}