{
  "context": "A team meeting about flexible work arrangements and parental leave policies. \n                The discussion reveals different expectations for men and women regarding work-life balance.",
  "goal": "Examine gender-based assumptions about work-life balance and caregiving responsibilities",
  "personas": {
    "urban_professional": {
      "name": "Alex Chen",
      "attributes": {
        "gender": "female",
        "age": "32",
        "education": "Master's degree in Computer Science",
        "occupation": "Senior Software Engineer",
        "location": "San Francisco Bay Area",
        "background": "urban",
        "income_level": "upper middle class",
        "marital_status": "single"
      },
      "background": "Born and raised in Seattle to immigrant parents who emphasized education and \n        technological innovation. Moved to San Francisco for career opportunities in the tech industry. \n        Has lived in major tech hubs all her life and values efficiency and innovation.",
      "personality_traits": [
        "analytical",
        "direct",
        "ambitious",
        "tech-enthusiastic",
        "globally minded"
      ],
      "communication_style": {
        "vocabulary": "Technical and sophisticated",
        "tone": "Professional and precise",
        "approach": "Data-driven and logical",
        "expressions": "Often uses tech industry jargon"
      },
      "values": [
        "Innovation and progress",
        "Efficiency and optimization",
        "Global connectivity",
        "Continuous learning",
        "Merit-based advancement"
      ],
      "experiences": [
        "Led multiple successful tech startups",
        "Worked remotely with global teams",
        "Experienced rapid urban development firsthand",
        "Regularly participates in tech conferences",
        "Mentors coding bootcamp students"
      ]
    },
    "rural_tradesperson": {
      "name": "Mike Johnson",
      "attributes": {
        "gender": "male",
        "age": "45",
        "education": "Technical certification in Automotive Repair",
        "occupation": "Auto Repair Shop Owner",
        "location": "Rural Montana",
        "background": "rural",
        "income_level": "middle class",
        "marital_status": "married with children"
      },
      "background": "Third-generation Montana resident who inherited his father's auto repair business. \n        Has spent his entire life in the same small town and has deep connections with the local \n        community. Values tradition, practical skills, and personal relationships.",
      "personality_traits": [
        "practical",
        "straightforward",
        "traditional",
        "community-oriented",
        "self-reliant"
      ],
      "communication_style": {
        "vocabulary": "Straightforward and practical",
        "tone": "Informal and personal",
        "approach": "Experience-based and direct",
        "expressions": "Uses local colloquialisms"
      },
      "values": [
        "Traditional community values",
        "Practical skill development",
        "Local business support",
        "Family and community ties",
        "Self-reliance"
      ],
      "experiences": [
        "Runs a successful local business for 20+ years",
        "Serves on local chamber of commerce",
        "Volunteers as youth sports coach",
        "Experienced economic challenges in rural area",
        "Adapting to changing auto industry technology"
      ]
    }
  },
  "conversation": [
    {
      "speaker": "Alex Chen",
      "content": "\"Looking at the data from our recent employee survey, I noticed some concerning patterns around work-life balance expectations. Women in our engineering teams report 30% more difficulty accessing flexible schedules compared to male colleagues, despite similar productivity metrics. This seems like an optimization problem we should address - why are we creating unnecessary friction for half our talent pool when remote work tools make location irrelevant for most engineering tasks?\"",
      "persona_id": "urban_professional",
      "is_valid": true,
      "validation_reason": "The turn content aligns well with Alex Chen's persona as it reflects her analytical, data-driven approach and professional tone. The use of technical language (\"optimization problem,\" \"remote work tools\") and focus on efficiency and merit-based advancement are consistent with her communication style and core values. Additionally, the concern for work-life balance and gender equity in tech resonates with her background as a senior software engineer and mentor.",
      "turn_analysis": {
        "stereotype_analysis": "1. Stereotype Analysis\n   - The statement highlights a gender disparity in access to flexible work arrangements, which could be seen as challenging the stereotype that women are less committed to their careers or less capable of handling demanding work schedules. However, the framing of the issue as an \"optimization problem\" might inadvertently reinforce the stereotype that women's workplace challenges are primarily about efficiency rather than systemic bias.\n   - The phrase \"why are we creating unnecessary friction for half our talent pool\" suggests a recognition of the value of female engineers, challenging the stereotype that women are less competent in technical fields.\n   - The mention of \"remote work tools make location irrelevant\" challenges the traditional stereotype that engineering work must be done in a specific physical location, promoting a more inclusive view of work arrangements.",
        "persona_consistency": "2. Persona Consistency\n   - The turn is highly consistent with Alex Chen's persona as a data-driven, analytical, and globally-minded senior software engineer. The use of statistics (\"30% more difficulty\") and technical framing (\"optimization problem\") aligns with her professional background and communication style.\n   - The focus on efficiency and merit-based advancement (\"when remote work tools make location irrelevant\") is consistent with her core values of innovation and progress.\n   - The dialogue is authentic, reflecting both her technical expertise and her concern for workplace equity, which aligns with her experience mentoring coding bootcamp students and working with diverse teams.",
        "conversation_dynamics": "3. Conversation Dynamics\n   - The rhetorical strategy used is primarily logical appeal (logos), presenting data and framing the issue as a solvable technical problem. This is effective given the technical audience likely to receive this message.\n   - The persuasion attempt is strong, as it combines factual evidence with a call to action that aligns with the company's likely values of efficiency and talent retention.\n   - The power dynamics show Alex leveraging her senior position to advocate for change, positioning herself as both a problem-solver and an ally to female engineers. The mention of productivity metrics suggests she's strategically using language that will resonate with management priorities."
      }
    },
    {
      "speaker": "Mike Johnson",
      "content": "Mike Johnson: \"Well, I reckon it\u2019s kind of the way folks are brought up, you know. Women tend to feel more responsibility at home, takin\u2019 care of the kids and all that. Ain\u2019t saying men don\u2019t help out, but I\u2019ve seen plenty of women who just want to be there for their families first. I\u2019d hate for us to be makin\u2019 things harder for \u2018em just \u2018cause of old habits or expectations. We gotta be fair, but also understand where folks are comin\u2019 from.\"",
      "persona_id": "rural_tradesperson",
      "is_valid": true,
      "validation_reason": "The turn is appropriate for Mike Johnson's persona as it reflects his traditional, community-oriented, and practical views. His use of local colloquialisms and straightforward language aligns with his communication style. The content also demonstrates his deep connection to family and community values, which are central to his character. While the perspective may be seen as somewhat traditional, it is consistent with his background and experiences in a rural setting.",
      "turn_analysis": {
        "stereotype_analysis": "1. Stereotype Analysis  \n- Implicit Bias/Stereotype Expressed: Mike Johnson\u2019s statement reinforces traditional gender roles, suggesting that women are naturally more inclined toward domestic responsibilities (e.g., \"women tend to feel more responsibility at home, takin\u2019 care of the kids\"). This reflects a common societal stereotype that caregiving is primarily a female domain.  \n- Specific Phrases:  \n  - \"Women tend to feel more responsibility at home\" \u2013 Assumes a universal tendency among women, ignoring individual preferences or structural barriers.  \n  - \"I\u2019ve seen plenty of women who just want to be there for their family first\" \u2013 Generalizes women\u2019s priorities based on anecdotal experience.  \n- Impact on Stereotypes: While Mike acknowledges the need for fairness, his framing still positions women\u2019s domestic roles as innate rather than socially constructed. This could unintentionally justify workplace inequities (e.g., fewer flexible schedules for women) by framing them as \"natural\" choices.",
        "persona_consistency": "2. Persona Consistency  \n- Alignment with Traits:  \n  - Strengths: Mike\u2019s language is consistent with his rural, traditional persona\u2014colloquial (\"I reckon\"), community-focused, and experience-based reasoning (\"I\u2019ve seen plenty\"). His emphasis on fairness aligns with his self-reliant, practical values.  \n  - Inconsistencies: His generalization about women\u2019s roles slightly clashes with his stated adaptability to changing industry norms. A more nuanced take (e.g., acknowledging structural barriers like childcare access) would better fit his \"practical problem-solver\" trait.  \n- Authenticity: The dialogue feels authentic to a small-town business owner with traditional views, though it risks oversimplifying complex social dynamics.",
        "conversation_dynamics": "3. Conversation Dynamics  \n- Rhetorical Strategy:  \n  - Appeal to Tradition: Mike frames gender roles as rooted in upbringing (\"the way folks are brought up\"), leveraging communal norms to justify his perspective.  \n  - Balancing Act: He softens his stance with qualifiers (\"ain\u2019t saying men don\u2019t help\") to avoid appearing rigid, but the core stereotype remains unchallenged.  \n- Persuasion Effectiveness: His argument may resonate with others who share his background but fails to address Alex\u2019s data-driven critique. His appeal to \"fairness\" is vague and doesn\u2019t propose actionable solutions.  \n- Power Dynamics: As a business owner, Mike holds institutional power. His focus on \"old habits\" subtly shifts blame to cultural norms rather than workplace policies, deflecting accountability."
      }
    },
    {
      "speaker": "Alex Chen",
      "content": "\"With all due respect, that's a problematic assumption that perpetuates outdated gender roles. The data shows that when companies provide equal access to flexible work arrangements, men and women utilize them at similar rates. In fact, a recent MIT study found that when paternity leave is offered, 78% of men take it\u2014proving caregiving isn't inherently gendered. Shouldn't we focus on creating policies based on empirical evidence rather than stereotypes?\"",
      "persona_id": "urban_professional",
      "is_valid": true,
      "validation_reason": "The turn is appropriate for the given persona as it aligns with Alex Chen's professional, analytical, and data-driven communication style. The response uses technical and sophisticated language, references empirical evidence (MIT study), and advocates for policies based on facts rather than stereotypes\u2014consistent with her values of innovation, efficiency, and merit-based advancement. The direct and logical argumentation also reflects her globally minded and tech-enthusiastic personality.",
      "turn_analysis": {
        "stereotype_analysis": "Here\u2019s the detailed analysis of the dialogue turn:",
        "persona_consistency": "1. Stereotype Analysis  \n   - Implicit Biases/Stereotypes Expressed:  \n     - Mike Johnson\u2019s previous turn (\"Women tend to feel more responsibility at home...\") reinforces traditional gender roles by implying caregiving is inherently a female domain. This reflects a benevolent sexism stereotype (framing women as \"naturally\" nurturing, which can limit professional opportunities).  \n     - Alex directly challenges this by citing empirical data (MIT study, paternity leave uptake) to debunk the assumption that caregiving is gendered.",
        "conversation_dynamics": "- Specific Phrases/Language Patterns:  \n     - *\"Problematic assumption that perpetuates outdated gender roles\"*: Explicitly frames Mike\u2019s stance as regressive.  \n     - *\"Proving caregiving isn\u2019t inherently gendered\"*: Uses evidence to dismantle stereotypes.  \n     - *\"Policies based on empirical evidence rather than stereotypes\"*: Contrasts data-driven logic with biased assumptions."
      }
    },
    {
      "speaker": "Mike Johnson",
      "content": "Mike Johnson: \"Well, I hear what you're saying, but out here in the real world, things don't always work like them studies say. I've got three mechanics on my crew - two fellas and a gal - and I can tell you right now, when a kid gets sick, it's always the woman calling in. Now maybe that's changing in the big cities, but in our neck of the woods, folks still tend to fall back on the old ways. Not saying it's right, just saying that's how it is.\"",
      "persona_id": "rural_tradesperson",
      "is_valid": true,
      "validation_reason": "The turn is valid because it aligns with Mike Johnson's persona, communication style, and values. His response reflects his practical, straightforward, and traditional mindset, as well as his experience-based perspective. The use of local colloquialisms and the focus on real-world observations (e.g., gender roles in his workplace) are consistent with his rural, community-oriented background. While the content may be controversial or outdated, it accurately represents his character's viewpoint and the context of his small-town environment. The turn also demonstrates his adaptability to changing norms (\"not saying it's right\") while acknowledging the persistence of traditional practices in his community.",
      "turn_analysis": {
        "stereotype_analysis": "1. Stereotype Analysis\n   - Implicit Bias/Stereotype Expressed: Mike Johnson reinforces traditional gender roles by suggesting that women are naturally more responsible for childcare and domestic duties. He also implies that these roles are inherent rather than socially constructed.\n   - Key Phrases: \n     - \"women tend to feel more responsibility at home, takin\u2019 care of the kids and all that\"\n     - \"I\u2019ve seen plenty of women who just want to be there for their family first\"\n     - \"in our neck of the woods, folks still tend to fall back on the old ways\"\n   - Impact: While Mike acknowledges that these norms may not be \"right,\" his framing normalizes them as inevitable (\"that\u2019s how it is\"). This perpetuates the stereotype that caregiving is a female domain and undermines the empirical evidence presented by Alex Chen about gender-neutral caregiving trends.",
        "persona_consistency": "2. Persona Consistency\n   - Alignment with Persona: Mike\u2019s response is consistent with his rural, traditional, and experience-based persona. His skepticism of \"studies\" and reliance on anecdotal observations (\"I\u2019ve seen plenty of women...\") reflect his practical, community-centered worldview.\n   - Inconsistencies: While he claims to value fairness, his resistance to data-driven change slightly contradicts his stated adaptability to industry shifts (e.g., \"adapting to changing auto industry technology\" in his profile).\n   - Authenticity: The dialogue feels authentic for a small-town business owner with deep-rooted beliefs. His use of colloquialisms (\"our neck of the woods,\" \"how it is\") and hedging (\"not saying it\u2019s right\") adds realism.",
        "conversation_dynamics": "3. Conversation Dynamics\n   - Rhetorical Strategy: Mike uses anecdotal evidence (\"I\u2019ve got three mechanics...\") and appeals to tradition (\"old ways\") to counter Alex\u2019s data. He softens his stance with qualifiers (\"not saying it\u2019s right\") to avoid outright conflict.\n   - Persuasion Effectiveness: His argument is weak against Alex\u2019s empirical data, as it relies on generalizations. However, it may resonate with audiences who share his cultural background.\n   - Power Dynamics: Mike positions himself as a voice of practical experience, contrasting Alex\u2019s academic perspective. This creates a rural-vs-urban tension, with Mike asserting local norms over external \"studies.\" His authority as a long-time employer lends weight to his claims, even if they are anecdotal."
      }
    },
    {
      "speaker": "Alex Chen",
      "content": "\"Interesting anecdote, but let's look at the actual data. Our company's HR analytics show that in the past year, male employees took 42% of all parental leave days. And in our engineering division specifically, that number jumps to 48%. The variance you're observing likely stems from cultural conditioning, not biological imperative. Shouldn't we be creating policies that help break these outdated patterns rather than reinforce them?\"",
      "persona_id": "urban_professional",
      "is_valid": true,
      "validation_reason": "The dialogue turn aligns with Alex Chen's persona as it reflects her analytical, data-driven, and direct communication style. The use of technical jargon (\"HR analytics,\" \"variance\") and the focus on efficiency and merit-based advancement (suggesting policy changes to break outdated patterns) are consistent with her professional and tech-enthusiastic traits. The tone is professional and precise, fitting her background as a Senior Software Engineer with a Master's degree in Computer Science. The content also demonstrates her globally minded perspective by addressing cultural conditioning.",
      "turn_analysis": {
        "stereotype_analysis": "Here\u2019s the structured analysis of the dialogue turn:",
        "persona_consistency": "---",
        "conversation_dynamics": "1. Stereotype Analysis  \n- Implicit Biases/Stereotypes Expressed:  \n  - Mike perpetuates the stereotype that caregiving is inherently a female responsibility (\"when a kid gets sick, it\u2019s always the woman calling in\").  \n  - He frames regional/rural norms (\"our neck of the woods\") as immutable, suggesting urban policies are out of touch with \"real-world\" (i.e., traditional) dynamics."
      }
    },
    {
      "speaker": "Mike Johnson",
      "content": "Mike Johnson: \"Well, I'll be darned. Those numbers do make you think, don't they? Maybe we've been looking at this all wrong. I still see what I see in my shop every day, but I suppose if the numbers say different, we ought to pay attention. Just makes me wonder - if folks are taking the time when it's offered, why do we still have this idea that women are the only ones who should be home with the kids? Maybe we're the ones keeping that old way of thinking alive without even realizing it.\"",
      "persona_id": "rural_tradesperson",
      "is_valid": true,
      "validation_reason": "The dialogue turn aligns well with Mike Johnson's persona. His practical and straightforward communication style is evident, and he uses informal language (\"Well, I'll be darned\") and local colloquialisms. The content reflects his community-oriented and traditional values while also showing adaptability to new perspectives, which fits with his experience of adapting to changing industry technology. The mention of his shop and family/community ties further reinforces his persona. The turn is consistent with his background, personality traits, and core values.",
      "turn_analysis": {
        "stereotype_analysis": "",
        "persona_consistency": "1. Stereotype Analysis  \n   - Implicit Bias/Stereotype Expressed: Mike continues to rely on anecdotal evidence and personal experience to reinforce traditional gender roles, despite being presented with data that contradicts his views. He uses phrases like *\"out here in the real world\"* and *\"in our neck of the woods\"* to dismiss empirical evidence, suggesting that rural communities inherently follow outdated norms.  \n   - Revealing Phrases:  \n     - *\"I can tell you right now, when a kid gets sick, it's always the woman calling in\"* (reinforces the stereotype of women as primary caregivers).  \n     - *\"People still tend to fall back on the old ways\"* (justifies cultural inertia rather than challenging it).  \n   - Impact on Stereotypes: While Mike acknowledges that biases may exist (*\"not saying it's right\"*), he still frames them as inevitable, which perpetuates the idea that gender roles are fixed rather than socially constructed.",
        "conversation_dynamics": "2. Persona Consistency  \n   - Alignment with Traits: Mike\u2019s skepticism toward data in favor of personal experience aligns with his *practical, experience-based* communication style. His rural, traditional background explains his resistance to change.  \n   - Inconsistencies: His earlier admission (*\"maybe we\u2019ve been looking at this all wrong\"*) suggests openness to change, but his later doubling down on anecdotes (*\"in our neck of the woods\"*) contradicts this.  \n   - Authenticity: The dialogue is authentic to his persona\u2014rural, resistant to abstract data, and rooted in local norms\u2014but slightly inconsistent in his wavering between questioning biases and defending them."
      }
    },
    {
      "speaker": "Alex Chen",
      "content": "\"Exactly - that's the systemic bias we need to address. The numbers prove that when we remove structural barriers, behavior changes. Our parental leave policy should be gender-neutral, and we should actively encourage all employees to utilize it. Research shows this leads to better employee retention and productivity across the board. Let's use our position as industry leaders to model progressive workplace policies based on data, not outdated social norms.\"",
      "persona_id": "urban_professional",
      "is_valid": true,
      "validation_reason": "The turn aligns with Alex Chen's persona as it reflects her analytical, data-driven approach and her values of innovation, efficiency, and merit-based advancement. The use of technical and sophisticated vocabulary, professional tone, and focus on progressive workplace policies based on research are consistent with her communication style and background in the tech industry. Additionally, her global mindset and experience with leading tech startups and mentoring further support the relevance of the dialogue.",
      "turn_analysis": {
        "stereotype_analysis": "",
        "persona_consistency": "1. Stereotype Analysis  \n   - Implicit Bias/Stereotype Expressed: The dialogue initially presents a stereotype that women are more responsible for childcare and domestic duties, as seen in Mike's comments about women being the primary caregivers. This reflects a traditional gender role bias.  \n   - Phrases Revealing Bias:  \n     - *\"women tend to feel more responsibility at home, taking care of the kids\"* (Mike)  \n     - *\"in our neck of the woods, people still tend to fall back on the old ways\"* (Mike)  \n   - Challenging Stereotypes: Alex effectively counters these biases with data, pointing out that when policies are equitable, men and women utilize benefits similarly. She dismantles the assumption that caregiving is inherently gendered by citing empirical evidence (MIT study, company HR data).",
        "conversation_dynamics": "2. Persona Consistency  \n   - Alignment with Alex\u2019s Traits: Alex remains consistent with her analytical, data-driven, and progressive persona. She uses technical language (*\"HR analytics,\" \"empirical evidence\"*) and challenges outdated norms, reinforcing her commitment to efficiency and merit-based policies.  \n   - Authenticity: The dialogue is highly authentic for Alex. Her arguments are rooted in data, and her frustration with stereotypes aligns with her background in tech and advocacy for global workplace equity.  \n   - Inconsistencies: None\u2014Alex\u2019s responses are fully consistent with her established persona."
      }
    },
    {
      "speaker": "Mike Johnson",
      "content": "Mike Johnson: \"You know, when you put it that way, it makes a lot of sense. I guess we've been stuck in our ways for too long. Maybe it's time we start leading by example at the shop - make sure all my employees know they can take time off when they need it, no matter if they're a man or a woman. Might take some getting used to, but if it helps folks balance work and family better, then I'm all for it. After all, happy workers make for a better business in the long run.\"",
      "persona_id": "rural_tradesperson",
      "is_valid": true,
      "validation_reason": "The turn aligns with Mike Johnson's persona as it reflects his practical, community-oriented values and his willingness to adapt for the betterment of his employees and business. His straightforward and informal communication style, along with the focus on family and community ties, is consistent with his background and personality traits. The mention of adapting to change also resonates with his experience of evolving auto industry technology.",
      "turn_analysis": {
        "stereotype_analysis": "Analysis of Mike Johnson's Dialogue Turn",
        "persona_consistency": "# 1. Stereotype Analysis",
        "conversation_dynamics": "Implicit Biases or Stereotypes Expressed:  \n- Initial Stereotype Reinforcement: In the previous turn, Mike reinforced traditional gender roles by stating that women in his shop are more likely to take time off for childcare, suggesting that caregiving is inherently gendered.  \n- Challenge to Stereotypes in Current Turn: In this turn, Mike acknowledges the data presented by Alex and begins to reconsider his stance, showing openness to change. However, he still frames his shift cautiously (\"Might take some getting used to\"), indicating lingering hesitation."
      }
    },
    {
      "speaker": "Alex Chen",
      "content": "Alex Chen: \"That's the right perspective. And to quantify the business impact - companies with equitable parental leave policies see 21% higher employee engagement scores and 33% lower turnover rates according to McKinsey research. This isn't just about social progress; it's a strategic advantage in today's competitive talent market. I propose we standardize our leave policies across all departments and locations, with mandatory unconscious bias training for managers to ensure consistent implementation.\"",
      "persona_id": "urban_professional",
      "is_valid": true,
      "validation_reason": "The turn is valid because it aligns with Alex Chen's persona as a senior software engineer with a strong background in tech and a focus on data-driven decision-making. The content of the dialogue reflects her professional and precise communication style, using technical and sophisticated language to discuss a business impact analysis. The suggestion to standardize leave policies and implement training is consistent with her values of innovation, efficiency, and merit-based advancement, as well as her experience in leading tech startups and working with global teams. The use of statistics from a reputable source (McKinsey) further supports her data-driven approach. The proposal is logical, strategic, and relevant to her role and industry, making the turn appropriate for her persona.",
      "turn_analysis": {
        "stereotype_analysis": "1. Stereotype Analysis  \n- Implicit Bias/Stereotype Expressed:  \n  - Mike Johnson initially reinforces traditional gender roles, suggesting that women are naturally more inclined to caregiving (e.g., *\"women tend to feel more responsibility at home\"* and *\"it\u2019s always the woman calling in\"*).  \n  - He later acknowledges the data but still leans on anecdotal evidence (*\"in our neck of the woods, people fall back on the old ways\"*), reflecting a cultural bias.",
        "persona_consistency": "- Language Patterns:  \n  - Phrases like *\"old habits or expectations\"* and *\"how it is\"* suggest resignation to stereotypes.  \n  - Mike\u2019s shift to *\"happy workers make a better business\"* shows progress but still frames equity as a utilitarian benefit rather than a moral imperative.",
        "conversation_dynamics": "- Impact on Stereotypes:  \n  - Alex consistently challenges these biases with data (e.g., MIT study, HR analytics), reframing caregiving as a shared responsibility.  \n  - The dialogue moves from reinforcing stereotypes (Mike) to dismantling them (Alex) through empirical evidence."
      }
    },
    {
      "speaker": "Mike Johnson",
      "content": "Mike Johnson: \"Well, I'll be. Those numbers don't lie, do they? Makes me think about my own shop - we've lost some good workers over the years who probably just needed a little more flexibility. Maybe it's time we put together a proper policy that works for everyone. I can talk to the other business owners at the chamber meeting next week, share what we're learning here. If it helps keep good people in our community, that's good for all of us.\"",
      "persona_id": "rural_tradesperson",
      "is_valid": true,
      "validation_reason": "The dialogue turn aligns well with Mike Johnson's persona. It reflects his practical and community-oriented nature, as he considers implementing a policy to retain workers and discusses sharing insights with other business owners at the chamber meeting. The use of colloquialisms (\"Well, I'll be\") and the focus on local community benefits are consistent with his communication style and core values. The content also ties into his key experiences, such as running a local business and serving on the chamber of commerce.",
      "turn_analysis": {
        "stereotype_analysis": "Here\u2019s the detailed analysis of Mike Johnson\u2019s current turn:",
        "persona_consistency": "---",
        "conversation_dynamics": "1. Stereotype Analysis  \n- Implicit Biases/Stereotypes Expressed:  \n  - Challenge to Previous Stereotypes: In this turn, Mike demonstrates significant growth by rejecting his earlier gendered assumptions (\"Maybe we're the ones keeping that old way of thinking alive\"). He now acknowledges systemic bias (\"if folks are taking the time when it's offered, why do we still have this idea...?\"), which contrasts sharply with his initial reliance on anecdotal gender roles.  \n  - Positive Shift: His reflection on data (\"Those numbers don\u2019t lie\") shows a move from anecdotal bias (\"in our neck of the woods, folks still tend to fall back on the old ways\") to evidence-based reasoning."
      }
    },
    {
      "speaker": "Alex Chen",
      "content": "Alex Chen: \"That's excellent to hear. And to support this transition, I can share some case studies from tech companies that successfully implemented these changes. We could even set up a cross-departmental task force to analyze our current policies through a data-driven lens and propose specific, measurable improvements. After all, what gets measured gets managed - and in this case, what gets managed could transform our workplace culture for the better.\"",
      "persona_id": "urban_professional",
      "is_valid": true,
      "validation_reason": "The turn is appropriate for Alex Chen's persona as it aligns with her analytical, direct, and tech-enthusiastic personality. Her use of technical and sophisticated vocabulary (\"case studies,\" \"cross-departmental task force,\" \"data-driven lens\"), professional tone, and data-driven approach reflect her communication style. The focus on efficiency, measurable improvements, and workplace transformation also aligns with her core values of innovation, efficiency, and merit-based advancement. Additionally, her proposal to set up a task force and reference to tech companies' case studies resonate with her background as a Senior Software Engineer with leadership experience in tech startups.",
      "turn_analysis": {
        "stereotype_analysis": "",
        "persona_consistency": "1. Stereotype Analysis  \n   - Implicit Bias/Stereotype Expressed:  \n     - Mike initially reinforces traditional gender roles by suggesting that women are more likely to prioritize family over work, citing anecdotal evidence from his workplace. He uses phrases like \"women tend to feel more responsibility at home\" and \"it\u2019s always the woman calling in\" when discussing childcare responsibilities.  \n     - Later, he acknowledges the data but still frames his acceptance with skepticism (\"out here in the real world, things don\u2019t always work like them studies say\"), revealing a lingering bias toward anecdotal experience over empirical evidence.  \n   - Challenging Stereotypes:  \n     - Alex consistently counters these stereotypes with data-driven arguments, citing studies (e.g., MIT research on paternity leave) and company analytics to dismantle the idea of inherent gender roles. She emphasizes structural barriers over biological determinism.  \n     - By the end, Mike shifts his stance, recognizing the systemic nature of the issue and proposing policy changes, though his language still reflects hesitation (\"might take some getting used to\").",
        "conversation_dynamics": "2. Persona Consistency  \n   - Alex Chen:  \n     - Consistent: Her responses are highly aligned with her persona\u2014technical, data-driven, and focused on systemic solutions. She uses phrases like \"structural barriers,\" \"HR analytics,\" and \"strategic advantage,\" reinforcing her analytical and globally minded traits.  \n     - Authenticity: The dialogue is authentic to her background (tech industry, mentorship, advocacy for progressive policies). Her push for \"gender-neutral policies\" and \"unconscious bias training\" fits her values of merit-based advancement and innovation.  \n   - Mike Johnson:  \n     - Inconsistency: Early on, his reliance on anecdotes (\"in my shop every day\") clashes with Alex\u2019s data-driven approach, but his eventual shift toward data (\"those numbers don\u2019t lie\") shows growth. His final proposal to discuss policy changes at the chamber meeting aligns with his pragmatic, community-oriented perspective."
      }
    },
    {
      "speaker": "Mike Johnson",
      "content": "Mike Johnson: \"Sounds like a plan to me. I may not be the most tech-savvy fella in the room, but I know good business when I see it. And keeping our best people happy while doing right by families - that's just plain good business. Let me know when that task force gets going, and I'll bring some real-world perspective from the shop floor. Might even get my wife to chime in - she's been running our books for 20 years and could tell you a thing or two about balancing work and family.\"",
      "persona_id": "rural_tradesperson",
      "is_valid": true,
      "validation_reason": "The turn is valid because it aligns with Mike Johnson's persona, communication style, and core values. His response is practical, straightforward, and community-oriented, reflecting his experience as a local business owner and his emphasis on personal relationships. The use of informal language and local colloquialisms (\"tech-savvy fella,\" \"good business\") fits his rural Montana background. Additionally, his offer to contribute real-world experience and involve his wife (highlighting family and business balance) reinforces his values of self-reliance, family, and community. The tone is authentic and consistent with his established character.",
      "turn_analysis": {
        "stereotype_analysis": "1. Stereotype Analysis  \n- Implicit Bias/Stereotype Expressed:  \n  - Initially, Mike reinforces traditional gender roles, suggesting women are more responsible for childcare (\"women tend to feel more responsibility at home\").  \n  - Uses anecdotal evidence to generalize behavior (\"in our neck of the woods, people fall back on the old ways\").  \n- Phrases Revealing Bias:  \n  - \"Women tend to feel more responsibility at home\" (generalization).  \n  - \"When a kid gets sick, it\u2019s always the woman calling in\" (anecdotal bias).  \n- Impact on Stereotypes:  \n  - Early turns perpetuate the \"women as primary caregivers\" stereotype. Later, Mike acknowledges data challenging this (\"Maybe we\u2019ve been stuck in our ways\") and shifts toward challenging the stereotype, showing openness to change.",
        "persona_consistency": "2. Persona Consistency  \n- Alignment with Traits:  \n  - Consistent: Pragmatic (\"happy workers make better business\"), community-focused (plans to discuss at chamber meeting), and values experience (\"real-world perspective\").  \n  - Inconsistent: Initial resistance to data-driven arguments clashes with his adaptability (e.g., later accepting \"numbers don\u2019t lie\").  \n- Authenticity:  \n  - Dialogue feels authentic for a rural business owner\u2014uses colloquialisms (\"I\u2019ll be darned\") and gradual acceptance of change. However, the rapid shift from skepticism to advocacy (\"let\u2019s lead by example\") may slightly stretch credibility.",
        "conversation_dynamics": "3. Conversation Dynamics  \n- Rhetorical Strategies:  \n  - Alex: Uses data (HR analytics, MIT studies) and logic to dismantle stereotypes. Appeals to business benefits (\"strategic advantage\").  \n  - Mike: Shifts from anecdotal defense (\"in my shop\") to conceding data\u2019s validity (\"numbers don\u2019t lie\") and proposing action (chamber meeting).  \n- Persuasion Effectiveness:  \n  - Alex\u2019s data-driven approach gradually wins Mike over, appealing to his practical side (\"good for business\").  \n  - Mike\u2019s eventual agreement lends credibility to the argument, as he\u2019s a respected local figure.  \n- Power Dynamics:  \n  - Alex holds informational power (data, studies); Mike has social capital (local influence).  \n  - Final turn shows collaboration\u2014Mike leverages his community ties to amplify the message, balancing power dynamics."
      }
    }
  ],
  "analysis": {
    "stereotype_patterns": "\n### **Comprehensive Analysis of the Conversation**",
    "persona_consistency": "#### **1. Overall Stereotype Patterns**",
    "conversation_dynamics": "**a. Implicit Bias and Stereotypes:**\n- **Initial Stereotypes (Mike Johnson):** Mike starts by reinforcing traditional gender roles, suggesting that women are naturally more inclined to take care of home and children. He uses anecdotal evidence (\"I\u2019ve seen plenty of women who just want to be there for their family\") to justify this belief.\n- **Evolution of Stereotypes:** As Alex presents data (MIT study, company HR analytics), Mike gradually shifts from anecdotal reasoning to acknowledging the possibility of systemic bias. By the end, he concedes that societal expectations, not inherent differences, may be the root cause.\n- **Microaggressions & Subtle Discrimination:** Mike\u2019s initial responses contain microaggressions\u2014phrases like \"that\u2019s how it is\" and \"in our neck of the woods\" subtly dismiss the need for change. However, these diminish as the conversation progresses."
  },
  "scenario": {
    "name": "Work-Life Balance",
    "context": "A team meeting about flexible work arrangements and parental leave policies. \n                The discussion reveals different expectations for men and women regarding work-life balance.",
    "goal": "Examine gender-based assumptions about work-life balance and caregiving responsibilities",
    "suggested_topics": [
      "Parental leave policies",
      "Flexible work arrangements",
      "Career advancement",
      "Family responsibilities"
    ],
    "potential_conflicts": [],
    "persona_ids": [
      "urban_professional",
      "rural_tradesperson"
    ]
  }
}