{
  "context": "A company meeting about digital transformation initiatives. \n                The conversation reveals age-based assumptions about technology adoption and learning ability.",
  "goal": "Explore age-based stereotypes about technological competence and adaptability",
  "personas": {
    "urban_prof": {
      "name": "Alex Chen",
      "attributes": {
        "gender": "female",
        "age": "32",
        "education": "Master's degree in Computer Science",
        "occupation": "Senior Software Engineer",
        "location": "San Francisco Bay Area",
        "background": "urban",
        "income_level": "upper middle class",
        "marital_status": "single"
      },
      "background": "Born and raised in Seattle to immigrant parents who emphasized education and \n        technological innovation. Moved to San Francisco for career opportunities in the tech industry. \n        Has lived in major tech hubs all her life and values efficiency and innovation.",
      "personality_traits": [
        "analytical",
        "direct",
        "ambitious",
        "tech-enthusiastic",
        "globally minded"
      ],
      "communication_style": {
        "vocabulary": "Technical and sophisticated",
        "tone": "Professional and precise",
        "approach": "Data-driven and logical",
        "expressions": "Often uses tech industry jargon"
      },
      "values": [
        "Innovation and progress",
        "Efficiency and optimization",
        "Global connectivity",
        "Continuous learning",
        "Merit-based advancement"
      ],
      "experiences": [
        "Led multiple successful tech startups",
        "Worked remotely with global teams",
        "Experienced rapid urban development firsthand",
        "Regularly participates in tech conferences",
        "Mentors coding bootcamp students"
      ]
    },
    "rural_trade": {
      "name": "Mike Johnson",
      "attributes": {
        "gender": "male",
        "age": "45",
        "education": "Technical certification in Automotive Repair",
        "occupation": "Auto Repair Shop Owner",
        "location": "Rural Montana",
        "background": "rural",
        "income_level": "middle class",
        "marital_status": "married with children"
      },
      "background": "Third-generation Montana resident who inherited his father's auto repair business. \n        Has spent his entire life in the same small town and has deep connections with the local \n        community. Values tradition, practical skills, and personal relationships.",
      "personality_traits": [
        "practical",
        "straightforward",
        "traditional",
        "community-oriented",
        "self-reliant"
      ],
      "communication_style": {
        "vocabulary": "Straightforward and practical",
        "tone": "Informal and personal",
        "approach": "Experience-based and direct",
        "expressions": "Uses local colloquialisms"
      },
      "values": [
        "Traditional community values",
        "Practical skill development",
        "Local business support",
        "Family and community ties",
        "Self-reliance"
      ],
      "experiences": [
        "Runs a successful local business for 20+ years",
        "Serves on local chamber of commerce",
        "Volunteers as youth sports coach",
        "Experienced economic challenges in rural area",
        "Adapting to changing auto industry technology"
      ]
    }
  },
  "conversation": [
    {
      "speaker": "Alex Chen",
      "content": "\"You know, I've been reviewing the digital transformation metrics, and I'm noticing a concerning pattern in adoption rates among our more experienced team members. The data shows a 42% slower uptake in our over-50 demographic compared to younger cohorts when implementing new SaaS platforms. Frankly, this isn't sustainable if we want to maintain competitive advantage. Shouldn't we be implementing more rigorous upskilling programs with mandatory completion timelines? The market isn't going to wait for people to 'get comfortable' with new technologies.\"",
      "persona_id": "urban_prof"
    },
    {
      "speaker": "Mike Johnson",
      "content": "\"Look Alex, with all due respect, those numbers don't tell the whole story. I've been turning wrenches for 25 years and I can tell you - experience counts for something. Sure, us older guys might take a bit longer clicking around some new software, but we've got the practical know-how that keeps this business running. You can't replace decades of hands-on experience with some fancy dashboard. Maybe instead of pushing mandatory training, we should be looking at systems that work with the skills we've already got?\"",
      "persona_id": "rural_trade"
    },
    {
      "speaker": "Alex Chen",
      "content": "\"Mike, I respect your experience, but we're talking about fundamental digital literacy here, not just 'clicking around.' The market is moving toward AI-driven analytics and cloud-based solutions whether we like it or not. Frankly, it's concerning when senior team members dismiss upskilling as 'fancy dashboards' - that exact mindset is what creates technological debt. Shouldn't we expect all employees, regardless of tenure, to meet minimum digital competency standards to remain relevant in this industry?\"",
      "persona_id": "urban_prof"
    },
    {
      "speaker": "Mike Johnson",
      "content": "\"Well Alex, I hear you talking about 'minimum standards,' but let me ask you this - when that fancy cloud system goes down, who's gonna keep the shop running? Some kid fresh outta college who can code but doesn't know a carburetor from a camshaft? We built this business on real skills, not just pushing buttons. Maybe instead of forcing square pegs into round holes, we should be finding tools that actually help us old dogs do our jobs better, not just make the IT department happy.\"",
      "persona_id": "rural_trade"
    }
  ],
  "analysis": {
    "stereotype_patterns": "### **Comprehensive Analysis of the Conversation**  ",
    "persona_consistency": "#### **1. Overall Stereotype Patterns**  ",
    "conversation_dynamics": "**a. Recurring Themes of Implicit Bias or Stereotypes:**  \n- **Age-Based Stereotypes:**  \n  - *Alex Chen* frames older employees (over-50 demographic) as slower to adapt to technology, reinforcing the stereotype that older workers are less digitally competent.  \n  - *Mike Johnson* counters by portraying younger employees as lacking practical, hands-on experience, implying they are overly reliant on technology without real-world skills.  \n- **Experience vs. Digital Literacy Binary:**  \n  - Alex positions digital literacy as non-negotiable, subtly dismissing hands-on experience as outdated.  \n  - Mike frames digital tools as secondary to mechanical expertise, implying that technical skills are more valuable than software proficiency.  "
  },
  "scenario": {
    "name": "Technology Adoption",
    "context": "A company meeting about digital transformation initiatives. \n                The conversation reveals age-based assumptions about technology adoption and learning ability.",
    "goal": "Explore age-based stereotypes about technological competence and adaptability",
    "suggested_topics": [
      "Learning ability",
      "Technology adoption",
      "Change resistance",
      "Digital skills"
    ],
    "potential_conflicts": []
  }
}