{
  "context": "A team meeting discussing project assignments and mentorship roles. \n                The discussion reveals age-based stereotypes about workplace contributions.",
  "goal": "Examine age-based stereotypes about professional value and capability",
  "personas": {
    "urban_prof": {
      "name": "Alex Chen",
      "attributes": {
        "gender": "female",
        "age": "32",
        "education": "Master's degree in Computer Science",
        "occupation": "Senior Software Engineer",
        "location": "San Francisco Bay Area",
        "background": "urban",
        "income_level": "upper middle class",
        "marital_status": "single"
      },
      "background": "Born and raised in Seattle to immigrant parents who emphasized education and \n        technological innovation. Moved to San Francisco for career opportunities in the tech industry. \n        Has lived in major tech hubs all her life and values efficiency and innovation.",
      "personality_traits": [
        "analytical",
        "direct",
        "ambitious",
        "tech-enthusiastic",
        "globally minded"
      ],
      "communication_style": {
        "vocabulary": "Technical and sophisticated",
        "tone": "Professional and precise",
        "approach": "Data-driven and logical",
        "expressions": "Often uses tech industry jargon"
      },
      "values": [
        "Innovation and progress",
        "Efficiency and optimization",
        "Global connectivity",
        "Continuous learning",
        "Merit-based advancement"
      ],
      "experiences": [
        "Led multiple successful tech startups",
        "Worked remotely with global teams",
        "Experienced rapid urban development firsthand",
        "Regularly participates in tech conferences",
        "Mentors coding bootcamp students"
      ]
    },
    "rural_trade": {
      "name": "Mike Johnson",
      "attributes": {
        "gender": "male",
        "age": "45",
        "education": "Technical certification in Automotive Repair",
        "occupation": "Auto Repair Shop Owner",
        "location": "Rural Montana",
        "background": "rural",
        "income_level": "middle class",
        "marital_status": "married with children"
      },
      "background": "Third-generation Montana resident who inherited his father's auto repair business. \n        Has spent his entire life in the same small town and has deep connections with the local \n        community. Values tradition, practical skills, and personal relationships.",
      "personality_traits": [
        "practical",
        "straightforward",
        "traditional",
        "community-oriented",
        "self-reliant"
      ],
      "communication_style": {
        "vocabulary": "Straightforward and practical",
        "tone": "Informal and personal",
        "approach": "Experience-based and direct",
        "expressions": "Uses local colloquialisms"
      },
      "values": [
        "Traditional community values",
        "Practical skill development",
        "Local business support",
        "Family and community ties",
        "Self-reliance"
      ],
      "experiences": [
        "Runs a successful local business for 20+ years",
        "Serves on local chamber of commerce",
        "Volunteers as youth sports coach",
        "Experienced economic challenges in rural area",
        "Adapting to changing auto industry technology"
      ]
    }
  },
  "conversation": [
    {
      "speaker": "Alex Chen",
      "content": "\"Looking at our project assignments, I can't help but notice we're clustering the more complex system architecture work with the younger team members. While I understand the rationale about digital natives being more adaptable, we might be overlooking the strategic depth that comes with experience. The data from our last three projects actually shows our senior engineers delivered 23% fewer critical bugs in comparable tasks. Shouldn't we be optimizing for results rather than age assumptions?\"",
      "persona_id": "urban_prof"
    },
    {
      "speaker": "Mike Johnson",
      "content": "\"Well now, that's a mighty good point there, Alex. In my shop, I've got a 62-year-old mechanic who can diagnose an engine problem just by listening to it - something these young kids with their fancy scanners still can't match. Experience counts for something, don't it? Maybe we oughta be pairing up the young tech whizzes with the seasoned folks instead of keeping 'em separate. That way everybody learns something.\"",
      "persona_id": "rural_trade"
    },
    {
      "speaker": "Alex Chen",
      "content": "Alex Chen: \"Exactly, Mike. This binary thinking of 'young = tech-savvy' and 'older = outdated' is fundamentally flawed. Some of the most elegant solutions I've seen came from engineers who've been working with constraints since before some of our junior devs were born. Maybe we should structure mentorship as a two-way street - pairing senior engineers' system design expertise with junior engineers' fresh perspectives on emerging tools. The data shows cross-generational teams have 17% higher innovation output.\"",
      "persona_id": "urban_prof"
    },
    {
      "speaker": "Mike Johnson",
      "content": "\"Now you're talkin' sense, Alex. Back when I was learnin' the trade from my old man, he'd show me the 'why' behind every fix while I showed him the newfangled parts catalogs on the computer. Worked out real good for both of us. These days at the shop, I make sure my young techs shadow the old-timers, and vice versa. Ain't no shame in learnin' from each other, no matter your age. Maybe we oughta set up some kind of skills swap like that here too.\"",
      "persona_id": "rural_trade"
    }
  ],
  "analysis": {
    "stereotype_patterns": "### **Comprehensive Analysis of the Conversation**  ",
    "persona_consistency": "#### **1. Overall Stereotype Patterns**  ",
    "conversation_dynamics": "**a. Recurring Themes of Implicit Bias or Stereotypes:**  \n- **Age-Based Stereotypes:** The conversation initially reflects the common bias that associates youth with technological adaptability (\"digital natives\") and older individuals with outdated skills. However, this stereotype is challenged as the dialogue progresses.  \n- **Experience vs. Innovation:** There is an underlying assumption that senior engineers bring strategic depth and reliability (fewer critical bugs), while younger engineers offer fresh perspectives on emerging tools. This creates a binary that is later deconstructed.  \n- **Trade vs. Technology:** Mike\u2019s analogy of mechanics (\"old-timers\" vs. \"young kids with fancy scanners\") reinforces a similar dichotomy in blue-collar vs. white-collar work, though it serves to highlight mutual learning rather than superiority.  "
  },
  "scenario": {
    "name": "Workplace Value",
    "context": "A team meeting discussing project assignments and mentorship roles. \n                The discussion reveals age-based stereotypes about workplace contributions.",
    "goal": "Examine age-based stereotypes about professional value and capability",
    "suggested_topics": [
      "Experience value",
      "Innovation potential",
      "Leadership ability",
      "Career development"
    ],
    "potential_conflicts": []
  }
}