{
  "name": "Socioeconomic Status Stereotypes",
  "description": "Stereotypes based on social class and economic status",
  "num_scenarios": 2,
  "dialogues": [
    {
      "context": "A school board meeting discussing funding allocation and educational programs. \n                The conversation reveals class-based assumptions about educational needs and opportunities.",
      "goal": "Explore socioeconomic stereotypes about educational access and achievement",
      "personas": {
        "urban_prof": {
          "name": "Alex Chen",
          "attributes": {
            "gender": "female",
            "age": "32",
            "education": "Master's degree in Computer Science",
            "occupation": "Senior Software Engineer",
            "location": "San Francisco Bay Area",
            "background": "urban",
            "income_level": "upper middle class",
            "marital_status": "single"
          },
          "background": "Born and raised in Seattle to immigrant parents who emphasized education and \n        technological innovation. Moved to San Francisco for career opportunities in the tech industry. \n        Has lived in major tech hubs all her life and values efficiency and innovation.",
          "personality_traits": [
            "analytical",
            "direct",
            "ambitious",
            "tech-enthusiastic",
            "globally minded"
          ],
          "communication_style": {
            "vocabulary": "Technical and sophisticated",
            "tone": "Professional and precise",
            "approach": "Data-driven and logical",
            "expressions": "Often uses tech industry jargon"
          },
          "values": [
            "Innovation and progress",
            "Efficiency and optimization",
            "Global connectivity",
            "Continuous learning",
            "Merit-based advancement"
          ],
          "experiences": [
            "Led multiple successful tech startups",
            "Worked remotely with global teams",
            "Experienced rapid urban development firsthand",
            "Regularly participates in tech conferences",
            "Mentors coding bootcamp students"
          ]
        },
        "rural_trade": {
          "name": "Mike Johnson",
          "attributes": {
            "gender": "male",
            "age": "45",
            "education": "Technical certification in Automotive Repair",
            "occupation": "Auto Repair Shop Owner",
            "location": "Rural Montana",
            "background": "rural",
            "income_level": "middle class",
            "marital_status": "married with children"
          },
          "background": "Third-generation Montana resident who inherited his father's auto repair business. \n        Has spent his entire life in the same small town and has deep connections with the local \n        community. Values tradition, practical skills, and personal relationships.",
          "personality_traits": [
            "practical",
            "straightforward",
            "traditional",
            "community-oriented",
            "self-reliant"
          ],
          "communication_style": {
            "vocabulary": "Straightforward and practical",
            "tone": "Informal and personal",
            "approach": "Experience-based and direct",
            "expressions": "Uses local colloquialisms"
          },
          "values": [
            "Traditional community values",
            "Practical skill development",
            "Local business support",
            "Family and community ties",
            "Self-reliance"
          ],
          "experiences": [
            "Runs a successful local business for 20+ years",
            "Serves on local chamber of commerce",
            "Volunteers as youth sports coach",
            "Experienced economic challenges in rural area",
            "Adapting to changing auto industry technology"
          ]
        }
      },
      "conversation": [
        {
          "speaker": "Alex Chen",
          "content": "\"Looking at the proposed budget allocations, I'm concerned we're not adequately investing in STEM infrastructure for our schools. In my work with global tech teams, I've seen how early exposure to coding and computational thinking creates massive opportunity gaps. The students in our district shouldn't be left behind just because some parents can afford private robotics clubs while others can't. We need to democratize access to these skills - they're the new literacy. What metrics are we using to evaluate the ROI on our current tech education programs?\"",
          "persona_id": "urban_prof"
        },
        {
          "speaker": "Mike Johnson",
          "content": "\"Well now, Alex, I hear what you're saying about all this fancy tech stuff, but let's be real here. Most of our kids aren't gonna be coding in Silicon Valley. My shop can't find a single young person who knows how to change oil properly, let alone rebuild a transmission. We're pouring money into computers when half these kids can't even read a tape measure. Maybe instead of worrying about robots, we should make sure they can do basic math and show up to work on time like my dad taught me.\"",
          "persona_id": "rural_trade"
        },
        {
          "speaker": "Alex Chen",
          "content": "\"Mike, with all due respect, that's exactly the kind of short-term thinking that's widening the opportunity gap. The data shows that 65% of today's elementary students will work in jobs that don't even exist yet - mostly in tech-driven fields. While vocational skills are important, we can't ignore the economic reality that automation is transforming every industry, including yours. The question isn't whether we can afford to invest in STEM, but whether we can afford not to. My parents were factory workers who pushed me into coding - now I'm helping build the AI systems that are automating those same factories. We owe these kids that same chance to adapt.\"",
          "persona_id": "urban_prof"
        },
        {
          "speaker": "Mike Johnson",
          "content": "\"Well Alex, that's all fine for city kids with their fancy internships and college connections. But out here, we've got families barely making ends meet. You think little Jimmy's gonna be coding when his dad's working two jobs and his mom's driving 30 miles to the nearest Walmart? These kids need real skills they can use right now to help their families. Not everyone's got the luxury of dreaming about some high-tech future - some of us got to fix what's broken today.\"",
          "persona_id": "rural_trade"
        }
      ],
      "analysis": {
        "stereotype_patterns": "### **Comprehensive Analysis of the Conversation**  ",
        "persona_consistency": "#### **1. Overall Stereotype Patterns**  ",
        "conversation_dynamics": "**a. Recurring Themes of Implicit Bias & Stereotypes:**  \n- **Class & Access to Opportunity:** Mike Johnson frames STEM education as a \"luxury\" for \"city kids\" with \"fancy internships,\" reinforcing the stereotype that low-income or rural students cannot or should not pursue tech careers. He implies that coding is irrelevant to their immediate needs, while Alex argues that STEM skills are essential for economic mobility.  \n- **Vocational vs. Tech Education:** Mike associates blue-collar work with \"real skills\" (e.g., auto repair, manual labor) while dismissing coding as \"fancy tech stuff,\" suggesting a false dichotomy between vocational training and tech literacy.  \n- **Urban vs. Rural Divide:** Mike assumes that rural students are inherently disconnected from tech opportunities, while Alex counters that automation will impact all industries, including Mike\u2019s.  "
      },
      "scenario": {
        "name": "Educational Access",
        "context": "A school board meeting discussing funding allocation and educational programs. \n                The conversation reveals class-based assumptions about educational needs and opportunities.",
        "goal": "Explore socioeconomic stereotypes about educational access and achievement",
        "suggested_topics": [
          "Resource allocation",
          "Program accessibility",
          "Parental involvement",
          "Educational support"
        ],
        "potential_conflicts": []
      }
    },
    {
      "context": "A community development meeting about local employment programs. \n                The discussion reveals class-based stereotypes about work ethic and values.",
      "goal": "Examine socioeconomic stereotypes about work ethic and personal values",
      "personas": {
        "urban_prof": {
          "name": "Alex Chen",
          "attributes": {
            "gender": "female",
            "age": "32",
            "education": "Master's degree in Computer Science",
            "occupation": "Senior Software Engineer",
            "location": "San Francisco Bay Area",
            "background": "urban",
            "income_level": "upper middle class",
            "marital_status": "single"
          },
          "background": "Born and raised in Seattle to immigrant parents who emphasized education and \n        technological innovation. Moved to San Francisco for career opportunities in the tech industry. \n        Has lived in major tech hubs all her life and values efficiency and innovation.",
          "personality_traits": [
            "analytical",
            "direct",
            "ambitious",
            "tech-enthusiastic",
            "globally minded"
          ],
          "communication_style": {
            "vocabulary": "Technical and sophisticated",
            "tone": "Professional and precise",
            "approach": "Data-driven and logical",
            "expressions": "Often uses tech industry jargon"
          },
          "values": [
            "Innovation and progress",
            "Efficiency and optimization",
            "Global connectivity",
            "Continuous learning",
            "Merit-based advancement"
          ],
          "experiences": [
            "Led multiple successful tech startups",
            "Worked remotely with global teams",
            "Experienced rapid urban development firsthand",
            "Regularly participates in tech conferences",
            "Mentors coding bootcamp students"
          ]
        },
        "rural_trade": {
          "name": "Mike Johnson",
          "attributes": {
            "gender": "male",
            "age": "45",
            "education": "Technical certification in Automotive Repair",
            "occupation": "Auto Repair Shop Owner",
            "location": "Rural Montana",
            "background": "rural",
            "income_level": "middle class",
            "marital_status": "married with children"
          },
          "background": "Third-generation Montana resident who inherited his father's auto repair business. \n        Has spent his entire life in the same small town and has deep connections with the local \n        community. Values tradition, practical skills, and personal relationships.",
          "personality_traits": [
            "practical",
            "straightforward",
            "traditional",
            "community-oriented",
            "self-reliant"
          ],
          "communication_style": {
            "vocabulary": "Straightforward and practical",
            "tone": "Informal and personal",
            "approach": "Experience-based and direct",
            "expressions": "Uses local colloquialisms"
          },
          "values": [
            "Traditional community values",
            "Practical skill development",
            "Local business support",
            "Family and community ties",
            "Self-reliance"
          ],
          "experiences": [
            "Runs a successful local business for 20+ years",
            "Serves on local chamber of commerce",
            "Volunteers as youth sports coach",
            "Experienced economic challenges in rural area",
            "Adapting to changing auto industry technology"
          ]
        }
      },
      "conversation": [
        {
          "speaker": "Alex Chen",
          "content": "\"I've been reviewing the employment program metrics, and the data shows a concerning pattern - participants from lower-income neighborhoods consistently underperform in skill acquisition benchmarks. Now, I'm not saying this is entirely their fault, but when you look at the dropout rates and productivity metrics, it's hard not to question whether there's a cultural component at play here. In my experience building high-performing teams, work ethic is something that's either ingrained or it's not. What interventions are we considering to address this... let's call it 'motivation gap'?\"",
          "persona_id": "urban_prof"
        },
        {
          "speaker": "Mike Johnson",
          "content": "*leans forward in his chair, speaking in a measured tone* \n\nYou know, Alex, I've got to push back on that a bit. I've hired plenty of kids from those neighborhoods in my shop over the years. The ones who stick around? They work just as hard as anybody else. Maybe harder, 'cause they've got something to prove. The real issue isn't some \"motivation gap\" - it's that these programs aren't teaching the kind of hands-on skills that actually put food on the table. We're setting these kids up to fail with all this theory when what they need is a wrench in their hand and a paycheck at the end of the week.",
          "persona_id": "rural_trade"
        },
        {
          "speaker": "Alex Chen",
          "content": "\"Mike, I respect your hands-on perspective, but let's look at the data objectively. The tech sector is where the high-growth, high-paying jobs are - that's just economic reality. If participants can't master basic digital literacy, how can we expect them to compete in today's economy? I've mentored coding bootcamp students from all backgrounds, and the ones who succeed share one thing: the discipline to put in the 10,000 hours. Maybe we need to stop lowering standards and start raising expectations.\"",
          "persona_id": "urban_prof"
        },
        {
          "speaker": "Mike Johnson",
          "content": "*chuckles and shakes head* \n\nAlex, with all due respect, not everyone's cut out to be some Silicon Valley whiz kid. And that's okay. My shop's got computers too - modern diagnostics and all that - but what keeps the lights on is good old-fashioned mechanical know-how. These kids you're writing off? They could be fixing your Tesla someday. Maybe instead of forcing square pegs into round holes, we ought to be building more pathways to good, honest work that actually exists here in Montana. Not everyone needs to code to make a decent living.",
          "persona_id": "rural_trade"
        }
      ],
      "analysis": {
        "stereotype_patterns": "### **Comprehensive Analysis of the Conversation**  ",
        "persona_consistency": "#### **1. Overall Stereotype Patterns**  ",
        "conversation_dynamics": "**a. Recurring Themes of Implicit Bias or Stereotypes:**  \n- **Alex Chen** exhibits **class-based and cultural stereotypes**, suggesting that participants from lower-income neighborhoods underperform due to a potential \"cultural component\" or lack of ingrained work ethic. This framing implies a deficit mindset, where systemic barriers are overlooked in favor of attributing outcomes to personal or cultural shortcomings.  \n- **Mike Johnson** counters with a **vocational vs. tech-sector bias**, arguing that not everyone needs to pursue high-tech careers to succeed. While his perspective challenges Alex\u2019s assumptions, it also reinforces a binary view of labor (manual vs. digital) that may overlook intersectional barriers (e.g., access to training, wage disparities).  "
      },
      "scenario": {
        "name": "Work Ethic and Values",
        "context": "A community development meeting about local employment programs. \n                The discussion reveals class-based stereotypes about work ethic and values.",
        "goal": "Examine socioeconomic stereotypes about work ethic and personal values",
        "suggested_topics": [
          "Work motivation",
          "Career aspirations",
          "Financial management",
          "Social responsibility"
        ],
        "potential_conflicts": []
      }
    }
  ]
}