{
  "context": "A business ethics committee meeting discussing company values and practices. \n                The discussion reveals religious-based assumptions about ethical behavior.",
  "goal": "Examine religious stereotypes about professional ethics and values",
  "personas": {
    "urban_professional": {
      "name": "Alex Chen",
      "attributes": {
        "gender": "female",
        "age": "32",
        "education": "Master's degree in Computer Science",
        "occupation": "Senior Software Engineer",
        "location": "San Francisco Bay Area",
        "background": "urban",
        "income_level": "upper middle class",
        "marital_status": "single"
      },
      "background": "Born and raised in Seattle to immigrant parents who emphasized education and \n        technological innovation. Moved to San Francisco for career opportunities in the tech industry. \n        Has lived in major tech hubs all her life and values efficiency and innovation.",
      "personality_traits": [
        "analytical",
        "direct",
        "ambitious",
        "tech-enthusiastic",
        "globally minded"
      ],
      "communication_style": {
        "vocabulary": "Technical and sophisticated",
        "tone": "Professional and precise",
        "approach": "Data-driven and logical",
        "expressions": "Often uses tech industry jargon"
      },
      "values": [
        "Innovation and progress",
        "Efficiency and optimization",
        "Global connectivity",
        "Continuous learning",
        "Merit-based advancement"
      ],
      "experiences": [
        "Led multiple successful tech startups",
        "Worked remotely with global teams",
        "Experienced rapid urban development firsthand",
        "Regularly participates in tech conferences",
        "Mentors coding bootcamp students"
      ]
    },
    "academic_researcher": {
      "name": "Dr. Elena Rodriguez",
      "attributes": {
        "gender": "female",
        "age": "42",
        "education": "Ph.D. in Sociology",
        "occupation": "University Professor",
        "location": "Boston, Massachusetts",
        "background": "urban",
        "income_level": "middle class",
        "marital_status": "married"
      },
      "background": "Born in Spain, moved to the US for graduate studies and stayed for an academic career. \n        Specializes in social inequality and cultural studies. Has conducted research in multiple countries \n        and published extensively. Values intellectual rigor, evidence-based approaches, and social justice.",
      "personality_traits": [
        "analytical",
        "thoughtful",
        "critical",
        "detail-oriented",
        "socially conscious"
      ],
      "communication_style": {
        "vocabulary": "Academic and precise",
        "tone": "Thoughtful and measured",
        "approach": "Evidence-based and nuanced",
        "expressions": "Uses academic terminology and references research"
      },
      "values": [
        "Intellectual rigor",
        "Social justice",
        "Evidence-based approaches",
        "Critical thinking",
        "Global perspective"
      ],
      "experiences": [
        "Conducted research in multiple countries",
        "Published in top academic journals",
        "Received research grants",
        "Taught diverse student populations",
        "Advised graduate students"
      ]
    }
  },
  "conversation": [
    {
      "speaker": "Alex Chen",
      "content": "\"Looking at our company's ethical guidelines, I notice they're heavily influenced by Judeo-Christian values - honesty, integrity, charity. While these are universally good principles, I wonder if we're missing opportunities to incorporate more diverse ethical frameworks. In my work with global teams, I've seen how Confucian emphasis on harmony or Buddhist concepts of mindfulness can create equally strong, if not more nuanced, ethical workplaces. Shouldn't our corporate values reflect the diversity of our workforce and customer base?\"",
      "persona_id": "urban_professional"
    },
    {
      "speaker": "Dr. Elena Rodriguez",
      "content": "*adjusting glasses thoughtfully* \n\nAlex raises an excellent point that aligns with my research on organizational culture. The implicit assumption that Judeo-Christian ethics are the universal gold standard for business morality is problematic from a sociological perspective. My comparative studies in multinational corporations show that ethical frameworks rooted in Ubuntu philosophy in Africa or Dharma principles in South Asia often yield equally robust - sometimes more community-oriented - business practices. \n\nPerhaps we should consider how these alternative ethical systems might help us address contemporary challenges like environmental sustainability or digital ethics, where Western frameworks sometimes fall short. The data suggests that monocultural ethical models can inadvertently marginalize non-Western employees and limit innovation.",
      "persona_id": "academic_researcher"
    },
    {
      "speaker": "Alex Chen",
      "content": "\"Exactly - and from a purely practical standpoint, diverse ethical frameworks can give us competitive advantages in global markets. When we developed our AI ethics guidelines last quarter, incorporating Taoist concepts of balance alongside Western principles helped us create more culturally adaptable products. The data shows our Southeast Asian user engagement increased by 18% after implementation. Shouldn't we apply this same multicultural approach to our core company values?\"",
      "persona_id": "urban_professional"
    },
    {
      "speaker": "Dr. Elena Rodriguez",
      "content": "Dr. Elena Rodriguez: *nodding while reviewing notes* \n\nYour empirical findings about user engagement are compelling, Alex. This actually mirrors my longitudinal study on ethical pluralism in tech firms, where we observed a 22% improvement in employee satisfaction when companies integrated multiple ethical traditions. However, we must be cautious about superficial multiculturalism - what I call \"ethical tokenism\" in my publications. \n\nThe challenge lies in moving beyond additive approaches to achieve genuine ethical hybridity. For instance, when Japanese companies blend Bushido principles with Western management theories, they create unique hybrid models. Our committee should consider whether we're prepared for the deeper organizational transformation this requires, including potential resistance from stakeholders wedded to traditional paradigms.",
      "persona_id": "academic_researcher"
    }
  ],
  "analysis": {
    "stereotype_patterns": "### **Comprehensive Analysis of the Conversation**  ",
    "persona_consistency": "#### **1. Overall Stereotype Patterns**  ",
    "conversation_dynamics": "**a. Recurring Themes of Implicit Bias or Stereotypes:**  \n- **Western-Centric Ethical Superiority:** Both speakers challenge the implicit assumption that Judeo-Christian ethics are the \"universal gold standard\" for business morality. Dr. Rodriguez explicitly critiques this as a \"problematic\" sociological assumption, and Alex highlights the practical benefits of incorporating non-Western ethical frameworks.  \n- **Cultural Essentialism:** While advocating for diversity, there is a slight risk of essentializing non-Western ethical systems (e.g., Confucian \"harmony,\" Buddhist \"mindfulness,\" Ubuntu \"community-oriented\" ethics). These descriptors, while positive, could still reinforce broad cultural stereotypes if not carefully contextualized.  \n- **\"Ethical Tokenism\" Warning:** Dr. Rodriguez cautions against superficial multiculturalism, suggesting that merely adding non-Western principles without deeper integration could lead to performative diversity rather than meaningful change.  "
  },
  "scenario": {
    "name": "Professional Ethics",
    "context": "A business ethics committee meeting discussing company values and practices. \n                The discussion reveals religious-based assumptions about ethical behavior.",
    "goal": "Examine religious stereotypes about professional ethics and values",
    "suggested_topics": [
      "Ethical standards",
      "Business practices",
      "Value alignment",
      "Decision-making"
    ],
    "potential_conflicts": [],
    "persona_ids": [
      "urban_professional",
      "academic_researcher"
    ]
  }
}