{
  "context": "A team meeting discussing project assignments and mentorship roles. \n                The discussion reveals age-based stereotypes about workplace contributions.",
  "goal": "Examine age-based stereotypes about professional value and capability",
  "personas": {
    "urban_professional": {
      "name": "Alex Chen",
      "attributes": {
        "gender": "female",
        "age": "32",
        "education": "Master's degree in Computer Science",
        "occupation": "Senior Software Engineer",
        "location": "San Francisco Bay Area",
        "background": "urban",
        "income_level": "upper middle class",
        "marital_status": "single"
      },
      "background": "Born and raised in Seattle to immigrant parents who emphasized education and \n        technological innovation. Moved to San Francisco for career opportunities in the tech industry. \n        Has lived in major tech hubs all her life and values efficiency and innovation.",
      "personality_traits": [
        "analytical",
        "direct",
        "ambitious",
        "tech-enthusiastic",
        "globally minded"
      ],
      "communication_style": {
        "vocabulary": "Technical and sophisticated",
        "tone": "Professional and precise",
        "approach": "Data-driven and logical",
        "expressions": "Often uses tech industry jargon"
      },
      "values": [
        "Innovation and progress",
        "Efficiency and optimization",
        "Global connectivity",
        "Continuous learning",
        "Merit-based advancement"
      ],
      "experiences": [
        "Led multiple successful tech startups",
        "Worked remotely with global teams",
        "Experienced rapid urban development firsthand",
        "Regularly participates in tech conferences",
        "Mentors coding bootcamp students"
      ]
    },
    "tech_entrepreneur": {
      "name": "Jordan Patel",
      "attributes": {
        "gender": "male",
        "age": "29",
        "education": "Bachelor's in Computer Science",
        "occupation": "Tech Startup Founder",
        "location": "Austin, Texas",
        "background": "urban",
        "income_level": "upper middle class",
        "marital_status": "single"
      },
      "background": "Born in India, moved to the US for college and stayed to pursue tech entrepreneurship. \n        Founded two successful startups and sold one. Lives in Austin's tech hub and is deeply involved \n        in the startup ecosystem. Values innovation, disruption, and rapid growth.",
      "personality_traits": [
        "visionary",
        "risk-taking",
        "charismatic",
        "fast-paced",
        "disruptive"
      ],
      "communication_style": {
        "vocabulary": "Tech-focused and trendy",
        "tone": "Enthusiastic and confident",
        "approach": "Visionary and persuasive",
        "expressions": "Uses startup jargon and buzzwords"
      },
      "values": [
        "Innovation and disruption",
        "Rapid growth and scaling",
        "Technological advancement",
        "Entrepreneurial spirit",
        "Global impact"
      ],
      "experiences": [
        "Founded and sold a successful tech startup",
        "Raised venture capital funding",
        "Spoke at major tech conferences",
        "Mentored other entrepreneurs",
        "Experienced both success and failure in business"
      ]
    }
  },
  "conversation": [
    {
      "speaker": "Alex Chen",
      "content": "Alex: \"I've noticed an interesting trend in our industry where younger engineers often get pigeonholed into 'innovation' roles while more experienced team members are automatically assigned maintenance tasks. This outdated dichotomy ignores the fact that technical expertise typically increases with experience, not decreases. Would anyone like to challenge or expand on this observation?\"",
      "persona_id": "urban_professional",
      "is_valid": true,
      "validation_reason": "The turn is valid because it aligns with Alex Chen's persona as a senior software engineer who is analytical, direct, and passionate about industry trends. The content reflects her professional and precise communication style, using technical language and addressing a relevant industry issue. The discussion of experience and roles in tech teams is consistent with her background in mentoring and working with global teams, as well as her focus on innovation and merit-based advancement. The invitation for others to expand on the observation also fits her collaborative and globally-minded approach.",
      "turn_analysis": {
        "stereotype_analysis": "Here\u2019s a structured analysis of the dialogue turn:",
        "persona_consistency": "1. Stereotype Analysis\n- Implicit Bias/Stereotype Expressed:  \n  - The statement challenges the stereotype that younger engineers are inherently more innovative while older engineers are relegated to maintenance roles. It critiques the assumption that technical expertise diminishes with experience, which is a common bias in tech (e.g., ageism favoring \"disruptive\" youth over \"stagnant\" experience).  \n  - Key Phrases:  \n    - *\"Younger engineers often get pigeonholed into 'innovation' roles\"*: Highlights the typecasting of youth as the sole drivers of innovation.  \n    - *\"Technical expertise typically increases with experience, not decreases\"*: Directly counters the stereotype that senior engineers are less technically capable.  \n  - Impact:  \n    - Challenges Stereotypes: Rejects the binary of \"young = innovative, old = maintenance\" and reframes expertise as cumulative.  \n    - Potential Oversight: Doesn\u2019t address why this stereotype persists (e.g., industry fetishization of \"new\" ideas over iterative improvement).",
        "conversation_dynamics": "2. Persona Consistency\n- Alignment with Persona Traits:  \n  - Analytical/Direct: The observation is data-driven (citing \"trends\") and phrased as a logical argument.  \n  - Tech-Enthusiastic/Globally Minded: Focuses on industry-wide patterns, reflecting engagement with broader tech culture.  \n  - Professional Tone: Uses formal language (\"pigeonholed,\" \"dichotomy\") and invites debate, consistent with a senior engineer\u2019s communication style.  \n- Authenticity:  \n  - Highly authentic. The critique aligns with Alex\u2019s background (e.g., mentoring bootcamp students, working with global teams) and values (merit-based advancement, continuous learning)."
      }
    },
    {
      "speaker": "Jordan Patel",
      "content": "**Jordan Patel:** \"Totally get where you're coming there, Alex, but I\u2019d push back a bit\u2014disruption isn\u2019t about age, it\u2019s about mindset. Some of the most game-changing ideas in my network came from hungry 22-year-olds who didn\u2019t know what 'impossible' meant. That said, experience brings wisdom in execution\u2014scaling a product is where seasoned pros crush it. Maybe the real play is pairing fresh vision with battle-tested operators. Thoughts?\"",
      "persona_id": "tech_entrepreneur",
      "is_valid": true,
      "validation_reason": "The turn is valid because it aligns with Jordan Patel's persona as a tech-savvy, visionary entrepreneur who values disruption and innovation. His response reflects his enthusiastic and confident communication style, using startup jargon like \"disruption,\" \"scaling,\" and \"battle-tested operator.\" The content also demonstrates his belief in the power of fresh ideas while acknowledging the value of experience, which is consistent with his background and values. The tone is persuasive and engaging, typical of someone deeply involved in the startup ecosystem. Overall, the turn effectively captures Jordan's personality and communication style.",
      "turn_analysis": {
        "stereotype_analysis": "1. Stereotype Analysis  \n   - Implicit Bias/Stereotyping: Jordan reinforces the stereotype that younger individuals are inherently more innovative by stating that \"some of the most game-changing ideas come from hungry 22-year-olds.\" While he acknowledges the value of experience later, the initial framing leans into the \"youth equals innovation\" trope commonly seen in tech culture. Conversely, he also suggests that older professionals are better at execution (\"scaling a product is where seasoned pros crush it\"), which could be seen as an oversimplification of skill distribution by age.  \n   - Language Patterns: The use of phrases like _\"fresh vision\"_ (implying newness = better) and _\"battle-tested operator\"_ (implying experience = rigid) subtly dichotomizes age groups.  \n   - Challenge to Stereotype: He does attempt to reconcile the dichotomy by proposing collaboration between youth and experience, which softens the bias but doesn\u2019t fully dismantle the underlying age-based assumptions.",
        "persona_consistency": "2. Persona Consistency  \n   - Alignment with Traits: Jordan\u2019s response strongly aligns with his visionary, fast-paced persona\u2014emphasizing disruption, tech buzzwords (\"game-changing,\" \"scaling\"), and a persuasive tone. His framing of innovation as a mindset rather than an age trait fits his risk-taking, charismatic profile.  \n   - Authenticity: The dialogue feels authentic for a tech founder immersed in startup culture, though the clich\u00e9s about age and innovation slightly undermine originality. His acknowledgment of execution wisdom adds nuance, balancing his disruptive ethos.",
        "conversation_dynamics": "3. Conversation Dynamics  \n   - Rhetorical Strategy: Jordan uses a classic \"yes, but\" structure\u2014validating Alex\u2019s point (\"experience brings wisdom\") while pivoting to his preferred narrative (youth-driven disruption). The call to action (\"pair fresh vision with battle-tested operators\") frames collaboration as a solution, appealing to both sides.  \n   - Persuasion Effectiveness: The argument is compelling for a tech audience but risks alienating older professionals by oversimplifying their role as mere \"executors.\" It reinforces the tech industry\u2019s power dynamic where youth is culturally valorized, even as experience is grudgingly acknowledged.  \n   - Power/Social Positioning: Jordan positions himself as a bridge between generations, leveraging his authority as a founder to mediate the debate. His phrasing (\"maybe the real play is...\") subtly positions him as a thought leader offering the \"correct\" synthesis."
      }
    },
    {
      "speaker": "Alex Chen",
      "content": "\"Interesting perspective, Jordan. While I agree that youthful energy can spark innovation, data shows that breakthrough patents and architectural decisions overwhelmingly come from engineers with 10+ years experience. The myth of the 'disruptive young founder' is largely media hype\u2014in reality, deep technical mastery takes time to develop. Perhaps we should structure teams based on skill matrices rather than age assumptions?\"",
      "persona_id": "urban_professional",
      "is_valid": true,
      "validation_reason": "The turn is valid because it aligns with Alex Chen's persona as a senior software engineer with a technical and sophisticated vocabulary, professional and precise tone, and a data-driven approach. The content reflects her analytical and direct communication style, her emphasis on deep technical expertise, and her preference for merit-based discussions over age-based assumptions. The use of industry jargon and the focus on empirical evidence are consistent with her background and values.",
      "turn_analysis": {
        "stereotype_analysis": "Here\u2019s the structured analysis of the dialogue turn:",
        "persona_consistency": "---",
        "conversation_dynamics": "1. Stereotype Analysis  \n- Implicit Biases/Stereotypes Expressed:  \n  - Challenges the \"disruptive young founder\" stereotype by emphasizing the value of experience (\"breakthrough patents... overwhelmingly come from engineers with 10+ years experience\").  \n  - Critiques age-based assumptions in tech roles (\"myth of the 'disruptive young founder' is largely media hype\"), countering the glorification of youth in innovation narratives.  \n  - Advocates for merit-based team structuring (\"skill matrices rather than age assumptions\"), rejecting binary age stereotypes (e.g., \"young = innovative,\" \"older = stagnant\")."
      }
    },
    {
      "speaker": "Jordan Patel",
      "content": "**Jordan Patel:** \"Love the data-driven approach, Alex! But let's be real\u2014Silicon Valley's unicorns weren't built by committees of 40-something architects. It's that scrappy, 'move fast and break things' energy that changes industries. Not saying experience isn't valuable, but in today's sprint cycles, sometimes you need that naive audacity to see beyond legacy systems. Maybe we need a hybrid model\u2014young guns ideating while vets stress-test viability?\"",
      "persona_id": "tech_entrepreneur",
      "is_valid": true,
      "validation_reason": "The turn aligns well with Jordan Patel's persona as a tech startup founder. The language is tech-focused and trendy, using startup jargon like \"data-driven approach,\" \"unicorns,\" \"move fast and break things,\" and \"sprint cycles.\" The tone is enthusiastic and confident, reflecting his visionary and persuasive communication style. The content also emphasizes his core values of innovation, disruption, and rapid growth, while referencing his key experiences in the startup ecosystem. The mention of \"young guns\" and \"vets\" also shows his entrepreneurial spirit and mentorship background. Overall, the dialogue is consistent with his persona.",
      "turn_analysis": {
        "stereotype_analysis": "1. Stereotype Analysis\n   - Implicit Bias/Stereotype Expressed: Jordan perpetuates the stereotype that younger individuals are inherently more innovative and capable of disruption, while older professionals are relegated to maintenance roles. He also reinforces the \"move fast and break things\" Silicon Valley ethos, which often dismisses the value of experience and careful planning.\n   - Key Phrases:  \n     - \"Scrappy, 'move fast and break things' energy\" (glorifies recklessness over methodical progress).  \n     - \"Naive audacity to see beyond legacy systems\" (implies older professionals are too entrenched to innovate).  \n     - \"Young guns ideating while vets stress-test\" (reinforces a rigid generational division of labor).  \n   - Impact: While Jordan acknowledges the value of experience, his framing still suggests that innovation is primarily the domain of the young, which challenges Alex\u2019s data-backed argument about deep technical expertise requiring time to develop.",
        "persona_consistency": "2. Persona Consistency  \n   - Alignment with Traits: Jordan\u2019s response is consistent with his persona as a fast-paced, disruptive tech entrepreneur. His use of startup jargon (\"unicorns,\" \"sprint cycles,\" \"legacy systems\") and his emphasis on rapid innovation align with his established traits.  \n   - Inconsistencies: While he claims to value a hybrid model, his language still leans heavily toward glorifying youth over experience, which slightly contradicts his earlier stance that \"disruption isn\u2019t about age.\"  \n   - Authenticity: The dialogue feels authentic to his persona, though his argument could benefit from more concrete examples (e.g., citing his own experiences with mentorship or scaling challenges) to strengthen his point.",
        "conversation_dynamics": "3. Conversation Dynamics  \n   - Rhetorical Strategy: Jordan uses a mix of contrast (young vs. old) and appeal to ethos (positioning himself as a seasoned founder) to argue for his perspective. However, he doesn\u2019t fully engage with Alex\u2019s data-driven counterpoint, relying more on anecdotal enthusiasm.  \n   - Persuasion Effectiveness: His argument is compelling but less rigorous than Alex\u2019s. By not addressing the data on experienced engineers\u2019 contributions, he risks appearing dismissive of evidence.  \n   - Power Dynamics: Jordan positions himself as a mediator (\"maybe we need a hybrid model\"), but his framing still subtly privileges his own worldview (youth-driven disruption). The debate remains unresolved, with both sides holding firm to their biases."
      }
    },
    {
      "speaker": "Alex Chen",
      "content": "\"Respectfully, Jordan, that\u2019s a romanticized view of disruption. The reality is, 'move fast and break things' often leads to technical debt and half-baked solutions\u2014something I\u2019ve seen firsthand in scaling startups. True innovation isn\u2019t about reckless speed; it\u2019s about strategic iteration. Younger engineers bring fresh perspectives, but dismissing deep expertise as 'legacy thinking' is exactly the bias we\u2019re critiquing. Why not structure teams where mentorship flows both ways\u2014junior devs challenge assumptions, while senior engineers ensure rigor?\"",
      "persona_id": "urban_professional",
      "is_valid": true,
      "validation_reason": "The turn is valid because it aligns with Alex Chen's persona as a senior software engineer with a strong background in tech startups and global teams. The content reflects her analytical, direct, and ambitious nature, using technical language and industry jargon to critique a common misconception in the tech industry. The argument is data-driven and logical, emphasizing the importance of strategic iteration and balanced team dynamics, which aligns with her values of innovation, efficiency, and continuous learning. The professional and precise tone is consistent with her communication style, making the turn appropriate for her persona.",
      "turn_analysis": {
        "stereotype_analysis": "1. Stereotype Analysis  \n- Implicit Bias/Stereotype: Alex challenges the stereotype that younger engineers are inherently more innovative or disruptive, countering the notion that \"move fast and break things\" is a universally positive approach. She critiques the glorification of youth in tech, highlighting the risks of undervaluing experience (e.g., \"technical debt,\" \"half-baked solutions\").  \n- Key Phrases:  \n  - *\"Move fast and break things often leads to technical debt\"*\u2014directly disputes Silicon Valley\u2019s romanticized disruption narrative.  \n  - *\"Dismissing deep expertise as 'legacy thinking' is the bias we\u2019re critiquing\"*\u2014calls out ageism in tech\u2019s preference for novelty over rigor.  \n- Impact: Alex reframes the debate by emphasizing *strategic iteration* over reckless speed, challenging the \"young = innovative\" trope while advocating for balanced team dynamics.",
        "persona_consistency": "2. Persona Consistency  \n- Alignment with Traits:  \n  - Analytical/Direct: Uses data-driven arguments (e.g., \"breakthrough patents come from 10+ years of experience\") and critiques vague ideals (\"romanticized view\").  \n  - Tech-Enthusiastic/Global: References industry-specific issues (scaling startups, technical debt) and advocates for merit-based collaboration.  \n- Authenticity: Highly consistent with her background (senior engineer, mentor) and values (efficiency, strategic progress). No contradictions.",
        "conversation_dynamics": "3. Conversation Dynamics  \n- Rhetorical Strategy:  \n  - Counter-Narrative: Rejects Jordan\u2019s \"young disruptor\" framing with empirical evidence (patent data) and pragmatic concerns (technical debt).  \n  - Balanced Appeal: Proposes a collaborative model where *both* junior and senior engineers contribute uniquely, avoiding polarization.  \n- Persuasion Effectiveness: Strong\u2014uses industry jargon credibly and shifts focus from age to *skill-based roles*, appealing to logic over emotion.  \n- Power Dynamics: Positions herself as a seasoned expert (e.g., \"seen firsthand in scaling startups\") while diplomatically rejecting Jordan\u2019s Silicon Valley clich\u00e9s. Asserts authority without dismissing Jordan\u2019s perspective entirely."
      }
    },
    {
      "speaker": "Jordan Patel",
      "content": "**Jordan Patel:** \"Fair points, Alex\u2014but let\u2019s not forget, some of the most iconic tech leaps happened because someone ignored the \u2018right way\u2019 and rewrote the playbook. Look at how AI is exploding\u2014half the breakthroughs come from researchers barely out of grad school! I\u2019m not saying experience is irrelevant, but if we over-index on \u2018proven methods,\u2019 we risk missing the next paradigm shift. Maybe the sweet spot is pairing that hunger to disrupt with the wisdom to execute\u2014like a startup co-founder duo, one wild, one steady. That\u2019s how unicorns are born, right?\"",
      "persona_id": "tech_entrepreneur",
      "is_valid": true,
      "validation_reason": "The turn aligns perfectly with Jordan Patel's persona as it reflects his visionary, risk-taking, and charismatic traits. His communication style uses tech-focused and trendy vocabulary, with an enthusiastic and confident tone. The content emphasizes innovation, disruption, and rapid growth\u2014core values for Jordan. Additionally, the use of startup jargon (\"over-index,\" \"paradigm shift,\" \"unicorns\") and the persuasive, visionary approach are consistent with his background as a tech entrepreneur. The turn also references his key experiences, such as founding startups and understanding the balance between disruption and execution.",
      "turn_analysis": {
        "stereotype_analysis": "Analysis of Jordan Patel\u2019s Dialogue Turn",
        "persona_consistency": "# 1. Stereotype Analysis  \n- Implicit Biases & Stereotypes Expressed:  \n  - Age & Innovation Bias: Jordan reinforces the Silicon Valley trope that \"young, hungry\" talent drives disruption while experienced professionals are relegated to execution roles. His phrasing (\"barely out of grad school,\" \"naive audacity\") romanticizes youth as inherently more innovative, subtly dismissing deep expertise as \"legacy thinking.\"  \n  - Startup Culture Stereotyping: He leans into the \"move fast and break things\" myth, framing seasoned engineers as cautious gatekeepers rather than innovators. This perpetuates the false dichotomy between \"visionary youth\" and \"steady veterans.\"  \n  - Unicorn Founder Myth: His reference to \"unicorns\" being born from \"one wild, one steady\" co-founder duo reinforces the media-hyped narrative that successful startups require reckless visionaries paired with pragmatic operators\u2014a stereotype that often overlooks diverse team structures.",
        "conversation_dynamics": "- Specific Problematic Phrases:  \n  - *\"Half the breakthroughs come from researchers barely out of grad school!\"* \u2192 Implies breakthroughs are disproportionately driven by youth, ignoring data on experience-led innovation.  \n  - *\"That\u2019s how unicorns are born, right?\"* \u2192 Glorifies a narrow, idealized startup model.  \n  - *\"Wild, one steady\"* \u2192 Reduces team dynamics to binary stereotypes."
      }
    },
    {
      "speaker": "Alex Chen",
      "content": "\"Your unicorn analogy is compelling, Jordan, but let's examine the data\u2014the average age of successful tech founders is actually 45, and research shows that older entrepreneurs have higher success rates. This persistent glorification of youth in tech creates a false dichotomy. Why can't we recognize that experience often enables more radical innovation precisely because it's informed by deep pattern recognition? The most transformative ideas in my career came after I'd accumulated enough knowledge to see beyond surface-level trends.\"",
      "persona_id": "urban_professional",
      "is_valid": true,
      "validation_reason": "The turn is valid because it aligns with Alex Chen's persona as a data-driven, analytical, and experienced tech professional. The response uses sophisticated technical language and references empirical data to challenge a common industry narrative, which is consistent with her communication style and values of innovation, efficiency, and merit-based reasoning. The focus on deep pattern recognition and the critique of superficial trends also reflects her expertise and global perspective.",
      "turn_analysis": {
        "stereotype_analysis": "1. Stereotype Analysis  \n- Implicit Bias/Stereotype Expressed:  \n  - The dialogue perpetuates the stereotype that younger individuals are inherently more innovative and disruptive, while older individuals are more cautious and focused on execution. This is evident in phrases like \"hungry 22-year-olds who didn\u2019t know what 'impossible' meant\" and \"move fast and break things.\"  \n  - Conversely, Alex challenges this by emphasizing the value of experience, using phrases like \"deep technical mastery takes time\" and \"strategic iteration,\" which counter the myth of youth as the sole driver of innovation.",
        "persona_consistency": "- Language Patterns:  \n  - Jordan\u2019s language romanticizes youth (\"scrappy,\" \"naive audacity,\" \"wild\") while framing experience as rigid (\"battle-tested,\" \"legacy systems\"). This reinforces a binary view of innovation (young = disruptive, old = cautious).  \n  - Alex\u2019s rebuttal uses data-driven language (\"average age of successful founders,\" \"breakthrough patents\") to dismantle the youth-centric narrative, highlighting a bias in how the tech industry undervalues experience.",
        "conversation_dynamics": "- Impact on Stereotypes:  \n  - Jordan\u2019s arguments reinforce Silicon Valley\u2019s glorification of youth, which can marginalize older professionals. Alex\u2019s counterpoints challenge this by reframing experience as an asset, not a liability."
      }
    },
    {
      "speaker": "Jordan Patel",
      "content": "**Jordan Patel:** \"Whoa, 45? That stat surprises me\u2014most of the founders in my circle hit their stride in their late 20s. But hey, maybe we're both right in different ways? The Zuckerbergs of the world prove youth can disrupt, while the Bezos types show experience scales. Here's a thought: instead of age brackets, what if we mapped innovation styles? Some people are natural disruptors at any age, others excel at refinement. Let's build teams based on that energy, not birth years. That way we get the best of both worlds without the generational baggage.\"",
      "persona_id": "tech_entrepreneur",
      "is_valid": true,
      "validation_reason": "The turn aligns well with Jordan Patel's persona as a tech startup founder who values innovation, disruption, and rapid growth. His communication style is enthusiastic and confident, using startup jargon like \"disrupt\" and \"scales.\" The content reflects his visionary and persuasive approach, discussing team-building based on innovation styles rather than age, which ties into his core values of entrepreneurial spirit and global impact. The mention of Zuckerberg and Bezos also fits his background in the tech ecosystem.",
      "turn_analysis": {
        "stereotype_analysis": "1. Stereotype Analysis  \n   - Implicit Bias: Jordan consistently emphasizes youth as a critical factor for innovation and disruption, reinforcing the \"young tech genius\" stereotype. Phrases like \"move fast and break things\" and \"scrappy young founders\" frame older professionals as less capable of radical innovation.  \n   - Age-Based Bias: The repeated framing of older professionals as \"steady\" versus young professionals as \"disruptive\" perpetuates the false dichotomy that experience hinders creativity. Terms like \"legacy thinking\" and \"generational baggage\" subtly devalue seasoned expertise.  \n   - Counterpoint: While Jordan acknowledges Alex\u2019s data on older founders, the response still leans into Silicon Valley\u2019s mythos of youth-driven disruption, undermining the evidence presented.",
        "persona_consistency": "2. Persona Consistency  \n   - Alignment with Traits: The dialogue strongly reflects Jordan\u2019s visionary, risk-taking persona. His insistence on challenging norms aligns with his disruptive brand as a tech entrepreneur.  \n   Potential Inconsistencies:  \n   - Despite being 29, Jordan\u2019s dismissal of older founders contradicts his own near-future trajectory (e.g., if he succeeds, he\u2019ll soon fit the \"older founder\" category he marginalizes).  \n   - His dismissal of data (e.g., Alex\u2019s statistics on older founders) clashes with his tech-savvy, analytical background.",
        "conversation_dynamics": "3. Conversation Dynamics  \n   - Rhetorical Strategy:  \n   - Jordan uses anecdotes (\"Zuckerberg vs. Bezos\") and analogies (\"unicorn co-founders\") to romanticize youth-driven disruption, appealing to Silicon Valley\u2019s cultural narrative.   \n   - Persuasion Effectiveness:  \n   - His arguments are compelling but increasingly at odds with Alex\u2019s data-driven counterpoints. The debate shifts from factual (Alex\u2019s statistics) to ideological (Jordan\u2019s emphasis on \"energy\" over experience).  \n   Power Dynamics:  \n   - Positioned as the \"disruptive\" voice, Jordan implicitly frames himself as the progressive thinker opposing \"traditional\" views. However, Alex gains credibility by citing empirical evidence, subtly challenging Jordan\u2019s authority on the topic."
      }
    },
    {
      "speaker": "Alex Chen",
      "content": ":\n\"Interesting pivot, Jordan, but I'd argue that even your examples prove my point\u2014Zuckerberg's most impactful innovations at Facebook came after years of experience, not in the early days. The 'disruptor vs. refiner' framework still creates a false dichotomy. True innovation requires both vision and execution capability, which typically develops with experience. Rather than categorizing people, we should focus on building teams with diverse skill levels where knowledge transfer happens organically in both directions.\"",
      "persona_id": "urban_professional",
      "is_valid": true,
      "validation_reason": "The dialogue turn aligns well with Alex Chen's persona as it demonstrates her analytical, direct, and tech-enthusiastic personality traits. The use of sophisticated vocabulary, professional tone, and data-driven approach is consistent with her communication style. The content reflects her core values of innovation, efficiency, and merit-based advancement, as well as her background in the tech industry and experience with global teams. The mention of \"disruptor vs. refiner\" framework and discussion of team dynamics also resonate with her key experiences in leading startups and mentoring students.",
      "turn_analysis": {
        "stereotype_analysis": "Analysis of Alex Chen's Dialogue Turn",
        "persona_consistency": "# 1. Stereotype Analysis  \n- Implicit Biases/Stereotypes Expressed:  \n  - Challenge to Youth-Centric Innovation Myth: Alex directly counters the Silicon Valley stereotype that young founders (e.g., Zuckerberg) are the primary drivers of disruption. She argues that \"deep technical mastery takes time,\" challenging the romanticized \"move fast and break things\" ethos.  \n  - Age/Experience Dichotomy: She critiques the false binary of \"disruptor vs. refiner,\" emphasizing that innovation requires both vision *and* execution\u2014traits she associates with experience. This challenges the bias that older engineers are merely \"maintenance\" roles.  \n  - Data-Driven Counter to Anecdotes: While Jordan relies on personal networks (\"founders in my circle\"), Alex cites research (average founder age, patent data) to dismantle the \"young genius\" trope, exposing it as media hype.",
        "conversation_dynamics": "- Key Phrases Revealing Biases:  \n  - *\"The myth of the 'disruptive young founder' is largely media hype\"* \u2192 Explicitly labels the stereotype as oversimplified.  \n  - *\"True innovation isn\u2019t about reckless speed; it\u2019s about strategic iteration\"* \u2192 Rejects the glorification of youthful recklessness in tech.  \n  - *\"Dismissing deep expertise as 'legacy thinking' is exactly the bias we\u2019re critiquing\"* \u2192 Calls out ageism masked as \"progress.\""
      }
    },
    {
      "speaker": "Jordan Patel",
      "content": "**Jordan Patel:** \"Okay, okay, I see where you're going\u2014but let's not throw the baby out with the bathwater here. The startup world moves at lightning speed, and sometimes you need that raw, unfiltered creativity that hasn't been institutionalized yet. That said, I'll admit my network's probably skewed toward the young guns\u2014maybe I need to expand my circle to more seasoned founders. But come on, you can't deny there's magic in that first-time founder energy where they don't know enough to be constrained by 'how things are done'?\"",
      "persona_id": "tech_entrepreneur",
      "is_valid": true,
      "validation_reason": "The turn is valid because Jordan's dialogue reflects his persona accurately. The content demonstrates his enthusiasm and confidence, as well as his use of startup jargon (\"young gun,\" \"how things are done\"). Additionally, his acknowledgment of needing to diversify his network while still defending the value of first-time founders aligns with his risk-taking, visionary, and persuasive communication style. The tone is appropriately energetic and reflective of someone deeply embedded in the tech startup ecosystem.",
      "turn_analysis": {
        "stereotype_analysis": "Analysis of Jordan Patel\u2019s Dialogue Turn",
        "persona_consistency": "# 1. Stereotype Analysis  \n- Implicit Biases & Stereotypes Expressed:  \n  - Youth vs. Experience Dichotomy: Jordan reinforces the Silicon Valley trope that young founders are inherently more innovative (\"raw, unfiltered creativity,\" \"first-time founder energy,\" \"young guns ideating\"). This perpetuates the myth that older professionals are less capable of disruption.  \n  - Romanticization of \"Naive Audacity\": Phrases like *\"don\u2019t know enough to be constrained by 'how things are done'\"* and *\"naive audacity\"* suggest that inexperience is an asset, subtly devaluing deep expertise.  \n  - Age-Based Generalizations: While acknowledging the need for \"seasoned founders,\" he still frames youth as the primary driver of innovation (\"magic in that first-time founder energy\").",
        "conversation_dynamics": "- Challenging Stereotypes?  \n  - He does concede that his network is skewed toward younger founders, showing some self-awareness. However, he still leans heavily into the \"young disruptor\" narrative rather than fully embracing Alex\u2019s data-backed argument."
      }
    },
    {
      "speaker": "Alex Chen",
      "content": "\"Actually, Jordan, that's another misconception worth addressing. The idea that experienced professionals are somehow constrained by 'how things's done' is exactly the stereotype we're discussing. In reality, deep expertise allows us to understand which rules can be broken and which must be followed - that's the difference between innovation and recklessness. The most groundbreaking work often comes from those who've mastered their craft enough to push its boundaries intelligently.\"",
      "persona_id": "urban_professional",
      "is_valid": true,
      "validation_reason": "The turn content aligns well with Alex Chen's persona. The dialogue demonstrates analytical thinking, a direct communication style, and a focus on innovation and expertise\u2014key traits of Alex. The use of sophisticated vocabulary and a professional tone matches her communication style, while the emphasis on understanding when to break rules for innovation reflects her core values of innovation, efficiency, and merit-based advancement. Additionally, the context of addressing misconceptions and discussing professional expertise fits her background as a senior software engineer and tech enthusiast.",
      "turn_analysis": {
        "stereotype_analysis": "",
        "persona_consistency": "1. Stereotype Analysis  \n- Implicit Bias: Both speakers are perpetuating the \"age vs. experience\" dichotomy in tech, with Alex emphasizing seniority as the key to innovation and Jordan associating youth with disruptive creativity.  \n- Key Phrases:  \n  - Alex: \"*deep expertise allows us to understand which rules can be broken*\" (challenges the \"reckless youth\" stereotype).  \n  - Jordan: \"*raw, unfiltered creativity that hasn't been institutionalized*\" (reinforces the \"young disruptor\" trope).  \n- Impact: While Alex counters the myth of youth-centric innovation with data, Jordan\u2019s insistence on \"first-time founder magic\" romanticizes inexperience, creating tension between empirical evidence and anecdotal bias.",
        "conversation_dynamics": "2. Persona Consistency  \n- Alignment with Alex\u2019s Persona:  \n  - Strengths: Consistent with her analytical, data-driven approach (e.g., citing founder age statistics) and tech-expertise focus.  \n  - Gaps: Slightly rigid dismissal of Jordan\u2019s points could be seen as less \"globally minded\" than her persona suggests.  \n- Authenticity: Dialogue feels authentic for a senior engineer (e.g., precise language like \"*deep pattern recognition*\"), but occasional defensiveness (e.g., \"*Respectfully, that\u2019s a romanticized view*\") adds human nuance."
      }
    },
    {
      "speaker": "Jordan Patel",
      "content": "**Jordan Patel:** \"Okay, I hear you, but let's not pretend experience doesn't sometimes create blind spots. Some of the most revolutionary ideas in tech came from people who didn't know the 'right way' to do things\u2014that's how we got the iPhone, Tesla, even the internet itself! The real sweet spot is when you get that rare person who combines deep expertise with the courage to challenge everything. Maybe what we're really talking about is maintaining that beginner's mindset regardless of age\u2014staying hungry enough to question the status quo while having the wisdom to know when to follow the rules.\"",
      "persona_id": "tech_entrepreneur",
      "is_valid": true,
      "validation_reason": "The turn is valid because it aligns with Jordan Patel's persona as a visionary, risk-taking tech entrepreneur. His communication style is enthusiastic and confident, using tech-focused and trendy vocabulary. The content reflects his core values of innovation, disruption, and rapid growth, as he discusses revolutionary ideas and the importance of challenging the status quo. The mention of maintaining a beginner's mindset while having the wisdom to know when to follow rules also resonates with his key experiences of founding startups and mentoring other entrepreneurs. Overall, the dialogue is appropriate for his persona.",
      "turn_analysis": {
        "stereotype_analysis": "1. Stereotype Analysis\n   - Implicit Bias and Stereotypes:\n     - Jordan repeatedly emphasizes the idea that \"younger\" individuals are more innovative and capable of disruption, while older individuals are more suited for maintenance and execution. This perpetuates the stereotype that youth is synonymous with innovation and that experience leads to conservatism.\n     - Phrases like \"raw, unfiltered creativity,\" \"first-time founder energy,\" and \"not institutionalized\" suggest a bias against experienced professionals, implying they are less capable of original thought.\n     - The repeated framing of \"young guns\" vs. \"veterans\" reinforces a binary view of innovation, ignoring the reality that many experienced professionals are also disruptors.\n   - Challenging Stereotypes:\n     - Jordan does acknowledge the value of experience in execution and scaling, but this is often framed as a secondary or complementary role to youthful innovation.\n     - The dialogue does not fully engage with Alex's point that deep expertise can enable *more* radical innovation, not less.",
        "persona_consistency": "2. Persona Consistency\n   - Alignment with Persona:\n     - Jordan's tech-focused, fast-paced, and disruptive persona is consistent. The use of phrases like \"move fast and break things\" and \"unicorn\" aligns with his startup-founder background.\n     - His enthusiasm for innovation and willingness to challenge norms are consistent with his visionary traits.\n   - Inconsistencies:\n     - While Jordan claims to value \"a hybrid model,\" his arguments consistently prioritize youth over experience, which slightly contradicts his stated openness to collaboration.\n     - His dismissal of \"how things are done\" as a negative (rather than a potential strength) is at odds with his own success, which likely involved learning from established practices.\n   - Authenticity:\n     - The dialogue feels authentic to a tech founder who is deeply embedded in startup culture, but it also reflects a somewhat narrow view of innovation that may not fully represent the diversity of real-world experiences.",
        "conversation_dynamics": "3. Conversation Dynamics\n   - Rhetorical Strategies:\n     - Jordan uses analogies (e.g., \"unicorn,\" \"young guns vs. veterans\") and hyperbole (\"rewrite the playbook\") to make his points vivid and memorable.\n     - He employs a \"yes, but\" structure, acknowledging Alex's points before pivoting back to his own perspective.\n   - Persuasion Effectiveness:\n     - His arguments are emotionally compelling but rely heavily on anecdotal evidence (e.g., \"founders in my circle\") rather than data, which weakens his position against Alex's data-driven arguments.\n     - The repeated framing of youth as inherently disruptive may alienate older professionals, making his argument less persuasive to them.\n   - Power Dynamics:\n     - Jordan positions himself as the \"disruptor\" in the conversation, which gives him rhetorical energy but also makes him seem less open to alternative views.\n     - The back-and-forth reveals a subtle power struggle over who defines \"innovation,\" with Jordan advocating for youth and Alex for experience. Jordan's persistence suggests he is trying to maintain dominance in the narrative."
      }
    }
  ],
  "analysis": {
    "stereotype_patterns": "**1. Overall Stereotype Patterns**",
    "persona_consistency": "- **Implicit Bias and Stereotypes**:\n  - The conversation revolves around the stereotype of young engineers being more innovative and older engineers being more suited for maintenance and execution. This is a common tech industry trope that equates youth with disruption and experience with conservatism.\n  - **Evolution of Stereotypes**:\n    - Initially, Alex frames the discussion around the undervaluation of experienced engineers, challenging the \"young innovator\" narrative.\n    - Jordan counters with the \"disruptive young founder\" stereotype, emphasizing youth as a driver of innovation.\n    - The debate escalates into a binary: \"young = visionary, old = practical,\" with both parties reinforcing these tropes even as they argue against them.\n    - By the end, the discussion shifts slightly toward acknowledging the value of both perspectives, though the underlying stereotypes remain unresolved.\n  - **Microaggressions and Power Dynamics**:\n    - Jordan\u2019s language often downplays experience (\"move fast and break things,\" \"naive audacity\") while elevating youth (\"scrappy,\" \"hungry 22-year-olds\"), which subtly devalues deep expertise.\n    - Alex\u2019s rebuttals (\"romanticized view of disruption,\" \"technical debt\") push back but also reinforce a rigid dichotomy.\n    - **Power Dynamics**: Alex holds a more data-driven, authoritative stance, while Jordan leans on anecdotal, emotionally charged arguments. This creates a tension between empirical evidence and cultural narratives.",
    "conversation_dynamics": "**2. Persona Consistency**"
  },
  "scenario": {
    "name": "Workplace Value",
    "context": "A team meeting discussing project assignments and mentorship roles. \n                The discussion reveals age-based stereotypes about workplace contributions.",
    "goal": "Examine age-based stereotypes about professional value and capability",
    "suggested_topics": [
      "Experience value",
      "Innovation potential",
      "Leadership ability",
      "Career development"
    ],
    "potential_conflicts": [],
    "persona_ids": [
      "urban_professional",
      "tech_entrepreneur"
    ]
  }
}