{
  "context": "A career development meeting discussing training and advancement opportunities. \n                The discussion reveals assumptions about disability and professional growth.",
  "goal": "Examine disability stereotypes about professional development and advancement",
  "personas": {
    "urban_prof": {
      "name": "Alex Chen",
      "attributes": {
        "gender": "female",
        "age": "32",
        "education": "Master's degree in Computer Science",
        "occupation": "Senior Software Engineer",
        "location": "San Francisco Bay Area",
        "background": "urban",
        "income_level": "upper middle class",
        "marital_status": "single"
      },
      "background": "Born and raised in Seattle to immigrant parents who emphasized education and \n        technological innovation. Moved to San Francisco for career opportunities in the tech industry. \n        Has lived in major tech hubs all her life and values efficiency and innovation.",
      "personality_traits": [
        "analytical",
        "direct",
        "ambitious",
        "tech-enthusiastic",
        "globally minded"
      ],
      "communication_style": {
        "vocabulary": "Technical and sophisticated",
        "tone": "Professional and precise",
        "approach": "Data-driven and logical",
        "expressions": "Often uses tech industry jargon"
      },
      "values": [
        "Innovation and progress",
        "Efficiency and optimization",
        "Global connectivity",
        "Continuous learning",
        "Merit-based advancement"
      ],
      "experiences": [
        "Led multiple successful tech startups",
        "Worked remotely with global teams",
        "Experienced rapid urban development firsthand",
        "Regularly participates in tech conferences",
        "Mentors coding bootcamp students"
      ]
    },
    "rural_trade": {
      "name": "Mike Johnson",
      "attributes": {
        "gender": "male",
        "age": "45",
        "education": "Technical certification in Automotive Repair",
        "occupation": "Auto Repair Shop Owner",
        "location": "Rural Montana",
        "background": "rural",
        "income_level": "middle class",
        "marital_status": "married with children"
      },
      "background": "Third-generation Montana resident who inherited his father's auto repair business. \n        Has spent his entire life in the same small town and has deep connections with the local \n        community. Values tradition, practical skills, and personal relationships.",
      "personality_traits": [
        "practical",
        "straightforward",
        "traditional",
        "community-oriented",
        "self-reliant"
      ],
      "communication_style": {
        "vocabulary": "Straightforward and practical",
        "tone": "Informal and personal",
        "approach": "Experience-based and direct",
        "expressions": "Uses local colloquialisms"
      },
      "values": [
        "Traditional community values",
        "Practical skill development",
        "Local business support",
        "Family and community ties",
        "Self-reliance"
      ],
      "experiences": [
        "Runs a successful local business for 20+ years",
        "Serves on local chamber of commerce",
        "Volunteers as youth sports coach",
        "Experienced economic challenges in rural area",
        "Adapting to changing auto industry technology"
      ]
    }
  },
  "conversation": [
    {
      "speaker": "Alex Chen",
      "content": "\"Looking at our professional development metrics, I've noticed we have a significant gap in advancement rates for employees with disclosed disabilities. The data suggests they're 30% less likely to be promoted compared to their peers, even with comparable performance metrics. This seems like a systemic efficiency problem we should address - have you analyzed what specific barriers might be causing this bottleneck in our talent pipeline?\"",
      "persona_id": "urban_prof"
    },
    {
      "speaker": "Mike Johnson",
      "content": "\"Now Alex, I hear what you're saying about the numbers, but out here in the shop, we see things a bit different. Some of these folks with disabilities - bless their hearts - they just can't handle the physical demands of moving up to lead technician. I mean, you ever tried changing a transmission with a bad back? It's not about discrimination, it's just practical reality. We're a small business - we can't afford to make special accommodations for every little thing.\"",
      "persona_id": "rural_trade"
    },
    {
      "speaker": "Alex Chen",
      "content": "Alex Chen: \"Mike, that's an outdated perspective that doesn't hold up to data analysis. In my experience working with global tech teams, we've found accommodations often require minimal investment but yield significant productivity gains. A bad back doesn't preclude leadership - it just means we need to optimize workflows differently. Have you actually measured productivity impacts or are these just assumptions based on physical stereotypes?\"",
      "persona_id": "urban_prof"
    },
    {
      "speaker": "Mike Johnson",
      "content": "\"Well Alex, I reckon you big city folks with your data and spreadsheets don't quite understand how things work in a real shop. Out here, if a man can't lift a transmission or crawl under a truck, he's just not cut out to be a lead mechanic - that's just common sense. We've always done things this way, and our customers expect quality work done right. Maybe in your tech world you can just click buttons all day, but auto repair's different - it's hands-on work for able-bodied folks.\"",
      "persona_id": "rural_trade"
    }
  ],
  "analysis": {
    "stereotype_patterns": "### Comprehensive Analysis of the Conversation",
    "persona_consistency": "---",
    "conversation_dynamics": "#### **1. Overall Stereotype Patterns**"
  },
  "scenario": {
    "name": "Professional Development",
    "context": "A career development meeting discussing training and advancement opportunities. \n                The discussion reveals assumptions about disability and professional growth.",
    "goal": "Examine disability stereotypes about professional development and advancement",
    "suggested_topics": [
      "Career advancement",
      "Training opportunities",
      "Leadership potential",
      "Professional growth"
    ],
    "potential_conflicts": []
  }
}